image,obj,source,flags,reason,color,num,score_p,score_s,plate_w,iou2,kpt_diff_pct,d_refine_px
0004,1,teacher,agree|refine_skipped|plate_too_small|tiny,plate_too_small,B(0),3(3),0.3356,0.3342,11.3,0.9987,0.05,
0037,1,teacher,agree|refine_skipped|plate_too_small|tiny,plate_too_small,B(0),3(3),0.6644,0.6623,11.31,0.9955,0.2,
0044,1,teacher,agree|refine_skipped|plate_too_small|tiny,plate_too_small,B(0),3(3),0.4404,0.4382,11.4,0.9955,0.18,
0050,1,teacher,agree|refine_failed|no_bar_pair,no_bar_pair,B(0),4(4),0.8995,0.9033,30.93,0.9961,0.14,
0079,1,teacher,agree|refine_skipped|plate_too_small|tiny,plate_too_small,R(1),3(3),0.6891,0.6905,10.38,0.996,0.11,
0080,1,teacher,agree|refine_skipped|plate_too_small|tiny,plate_too_small,B(0),4(4),0.7972,0.7962,9.99,0.9973,0.12,
0082,1,teacher,agree|refine_skipped|plate_too_small|tiny,plate_too_small,R(1),3(3),0.5641,0.5663,9.31,0.9964,0.11,
0085,1,teacher,agree|refine_skipped|plate_too_small|tiny,plate_too_small,B(0),3(3),0.4794,0.4776,8.74,0.9965,0.11,
0086,1,teacher,agree|refine_skipped|plate_too_small|tiny,plate_too_small,R(1),3(3),0.8019,0.8011,11.06,0.9913,0.19,
0086,2,teacher,agree|refine_skipped|plate_too_small|tiny,plate_too_small,B(0),4(4),0.4358,0.4376,6.57,0.9972,0.17,
0090,0,teacher,agree|refine_failed|no_bar_pair,no_bar_pair,B(0),4(4),0.9245,0.9238,24.69,0.9937,0.12,
0090,1,teacher,agree|refine_skipped|plate_too_small|tiny,plate_too_small,R(1),3(3),0.6338,0.6384,10.22,0.9924,0.23,
0090,2,teacher,agree|refine_skipped|plate_too_small|tiny,plate_too_small,R(1),3(3),0.6129,0.6108,10.54,0.9939,0.18,
0091,2,teacher,agree|refine_skipped|plate_too_small|tiny,plate_too_small,R(1),3(3),0.7432,0.7403,11.9,0.9919,0.19,
0093,0,teacher,agree|refine_skipped|plate_too_small|tiny,plate_too_small,R(1),3(3),0.7717,0.7704,11.9,0.9942,0.14,
0096,1,teacher,agree|refine_skipped|plate_too_small|tiny,plate_too_small,R(1),3(3),0.9119,0.9119,11.48,0.995,0.14,
0097,1,teacher,agree|refine_skipped|plate_too_small|tiny,plate_too_small,R(1),3(3),0.7115,0.7106,10.83,0.9918,0.16,
0098,1,teacher,agree|refine_skipped|plate_too_small|tiny,plate_too_small,R(1),3(3),0.5999,0.6048,11.43,0.9963,0.11,
0098,2,teacher,agree|refine_skipped|plate_too_small|tiny,plate_too_small,B(0),3(3),0.2771,0.2733,8.37,0.9951,0.18,
0099,1,teacher,agree|refine_skipped|plate_too_small|tiny,plate_too_small,B(0),4(4),0.905,0.9064,11.3,0.9929,0.27,
0100,1,teacher,agree|refine_skipped|plate_too_small|tiny,plate_too_small,R(1),3(3),0.6272,0.628,10.42,0.9927,0.19,
0101,1,teacher,agree|refine_skipped|plate_too_small|tiny,plate_too_small,R(1),3(3),0.4219,0.4245,9.26,0.9931,0.21,
0104,1,teacher,agree|refine_skipped|plate_too_small|tiny,plate_too_small,R(1),3(3),0.2987,0.3034,10.68,0.9922,0.2,
0106,1,teacher,agree|refine_skipped|plate_too_small|tiny,plate_too_small,R(1),3(3),0.2951,0.2982,8.05,0.9957,0.21,
0109,1,teacher,agree|refine_skipped|plate_too_small|tiny,plate_too_small,R(1),3(3),0.6793,0.682,9.05,0.9965,0.13,
0110,1,teacher,agree|refine_skipped|plate_too_small|tiny,plate_too_small,R(1),3(3),0.5764,0.5771,10.13,0.9934,0.19,
0113,0,teacher,agree|refine_failed|no_bar_pair,no_bar_pair,R(1),3(3),0.9357,0.9356,25.68,0.9971,0.09,
0116,1,teacher,agree|refine_skipped|plate_too_small|tiny,plate_too_small,R(1),3(3),0.2694,0.2733,7.7,0.9916,0.21,
0117,1,teacher,agree|refine_skipped|plate_too_small|tiny,plate_too_small,R(1),3(3),0.3568,0.3599,9.47,0.9935,0.15,
0119,0,teacher,agree|refine_skipped|plate_too_small|tiny,plate_too_small,B(0),4(4),0.8851,0.8836,11.68,0.996,0.12,
0121,1,teacher,agree|refine_skipped|plate_too_small|tiny,plate_too_small,R(1),3(3),0.6896,0.6865,11.82,0.9962,0.12,
0122,1,teacher,agree|refine_skipped|plate_too_small|tiny,plate_too_small,R(1),3(3),0.5036,0.5043,11.2,0.9955,0.1,
0127,0,teacher,agree|refine_failed|no_bar_pair,no_bar_pair,R(1),3(3),0.9489,0.9488,28.92,0.9974,0.07,
0141,0,teacher,agree|refine_skipped|plate_too_small|tiny,plate_too_small,R(1),4(4),0.3976,0.4004,11.09,0.9976,0.07,
0143,1,teacher,agree|refine_skipped|plate_too_small|tiny,plate_too_small,R(1),3(3),0.5611,0.5652,10.31,0.9951,0.16,
0161,1,teacher,agree|refine_skipped|plate_too_small|tiny,plate_too_small,R(1),3(3),0.4567,0.4596,10.01,0.9959,0.17,
0165,0,teacher,agree|refine_skipped|plate_too_small|tiny,plate_too_small,R(1),4(4),0.2983,0.3018,10.01,0.9934,0.22,
0172,3,teacher,agree|refine_skipped|plate_too_small|tiny,plate_too_small,B(0),4(4),0.5328,0.5323,6.15,0.998,0.13,
0179,1,teacher,agree|refine_skipped|plate_too_small|tiny,plate_too_small,B(0),3(3),0.7417,0.7459,8.43,0.9966,0.17,
0181,0,teacher,agree|refine_skipped|plate_too_small|tiny,plate_too_small,B(0),3(3),0.8914,0.8902,11.66,0.9938,0.27,
0181,2,teacher,agree|refine_skipped|plate_too_small|tiny,plate_too_small,B(0),4(4),0.2579,0.2563,11.66,0.9927,0.18,
0182,1,teacher,agree|refine_skipped|plate_too_small|tiny,plate_too_small,B(0),3(3),0.9366,0.9363,11.53,0.9969,0.09,
0182,2,teacher,agree|refine_skipped|plate_too_small|tiny,plate_too_small,B(0),4(4),0.762,0.7586,10.04,0.994,0.16,
0183,1,teacher,agree|refine_skipped|plate_too_small|tiny,plate_too_small,B(0),3(3),0.9211,0.9191,11.53,0.9947,0.17,
0183,2,teacher,agree|refine_skipped|plate_too_small|tiny,plate_too_small,B(0),4(4),0.815,0.8127,10.6,0.996,0.11,
0184,1,teacher,agree|refine_skipped|plate_too_small|tiny,plate_too_small,B(0),3(3),0.8771,0.8784,10.5,0.9969,0.1,
0184,2,teacher,agree|refine_skipped|plate_too_small|tiny,plate_too_small,B(0),4(4),0.6307,0.6273,10.57,0.9958,0.1,
0185,1,teacher,agree|refine_skipped|plate_too_small|tiny,plate_too_small,B(0),3(3),0.8903,0.8914,11.2,0.9947,0.15,
0185,2,teacher,agree|refine_skipped|plate_too_small|tiny,plate_too_small,B(0),4(4),0.887,0.886,10.88,0.9959,0.11,
0186,1,teacher,agree|refine_skipped|plate_too_small|tiny,plate_too_small,B(0),3(3),0.8751,0.8756,11.34,0.994,0.22,
0186,2,teacher,agree|refine_skipped|plate_too_small|tiny,plate_too_small,B(0),4(4),0.8674,0.8677,11.31,0.9935,0.16,
0187,1,teacher,agree|refine_skipped|plate_too_small|tiny,plate_too_small,B(0),3(3),0.9045,0.904,11.37,0.9968,0.1,
0187,2,teacher,agree|refine_skipped|plate_too_small|tiny,plate_too_small,B(0),4(4),0.8341,0.8341,10.78,0.997,0.08,
0188,0,teacher,agree|refine_skipped|plate_too_small|tiny,plate_too_small,B(0),4(4),0.774,0.7737,11.37,0.9961,0.13,
0189,1,teacher,agree|refine_skipped|plate_too_small|tiny,plate_too_small,B(0),3(3),0.8987,0.8999,10.58,0.996,0.19,
0190,1,teacher,agree|refine_skipped|plate_too_small|tiny,plate_too_small,B(0),3(3),0.8693,0.8692,9.36,0.9885,0.31,
0191,0,teacher,agree|refine_skipped|plate_too_small|tiny,plate_too_small,B(0),3(3),0.9075,0.9077,11.97,0.995,0.19,
0191,1,teacher,agree|refine_skipped|plate_too_small|tiny,plate_too_small,B(0),3(3),0.6467,0.6457,7.6,0.9959,0.16,
0192,0,teacher,agree|refine_skipped|plate_too_small|tiny,plate_too_small,B(0),3(3),0.9422,0.9422,11.93,0.9956,0.12,
0192,1,teacher,agree|refine_skipped|plate_too_small|tiny,plate_too_small,B(0),3(3),0.7148,0.7144,7.7,0.9935,0.2,
0193,0,teacher,agree|refine_skipped|plate_too_small|tiny,plate_too_small,B(0),3(3),0.8942,0.8948,11.16,0.9952,0.14,
0203,1,teacher,agree|refine_skipped|plate_too_small|tiny,plate_too_small,B(0),4(4),0.7968,0.7954,10.81,0.9953,0.14,
0204,1,teacher,agree|refine_skipped|plate_too_small|tiny,plate_too_small,B(0),4(4),0.8206,0.8224,10.05,0.9936,0.19,
0204,3,teacher,agree|refine_failed|no_bar_pair,no_bar_pair,R(1),B(7),0.3429,0.3259,98.88,0.9713,0.51,
0205,1,teacher,agree|refine_skipped|plate_too_small|tiny,plate_too_small,B(0),3(3),0.548,0.549,10.65,0.9952,0.14,
0206,2,teacher,agree|refine_skipped|plate_too_small|tiny,plate_too_small,B(0),3(3),0.4722,0.4774,10.84,0.9926,0.24,
0209,1,teacher,agree|refine_skipped|plate_too_small|tiny,plate_too_small,B(0),3(3),0.9211,0.9197,11.18,0.9938,0.2,
0210,1,teacher,agree|refine_skipped|plate_too_small|tiny,plate_too_small,B(0),3(3),0.702,0.6997,9.58,0.9901,0.39,
0211,1,teacher,agree|refine_skipped|plate_too_small|tiny,plate_too_small,B(0),3(3),0.5267,0.5267,10.15,0.9932,0.38,
0213,1,teacher,agree|refine_skipped|plate_too_small|tiny,plate_too_small,B(0),3(3),0.6231,0.6237,8.94,0.9933,0.39,
0225,0,teacher,agree|refine_failed|no_bar_pair,no_bar_pair,B(0),3(3),0.9309,0.9318,30.82,0.9975,0.06,
0225,2,teacher,agree|refine_skipped|plate_too_small|tiny,plate_too_small,B(0),4(4),0.787,0.7871,9.56,0.9966,0.11,
0226,1,teacher,agree|refine_skipped|plate_too_small|tiny,plate_too_small,B(0),4(4),0.6631,0.6684,9.34,0.9958,0.16,
0227,1,teacher,agree|refine_skipped|plate_too_small|tiny,plate_too_small,B(0),4(4),0.8609,0.86,11.1,0.9987,0.05,
0236,1,teacher,agree|refine_skipped|plate_too_small|tiny,plate_too_small,B(0),4(4),0.324,0.3261,9.22,0.9976,0.09,
0237,2,teacher,agree|refine_skipped|plate_too_small|tiny,plate_too_small,B(0),4(4),0.761,0.7562,9.56,0.9956,0.18,
0238,2,teacher,agree|refine_skipped|plate_too_small|tiny,plate_too_small,B(0),4(4),0.8463,0.8449,8.3,0.9962,0.17,
0239,1,teacher,agree|refine_skipped|plate_too_small|tiny,plate_too_small,B(0),3(3),0.8676,0.866,9.54,0.9964,0.12,
0240,2,teacher,agree|refine_skipped|plate_too_small|tiny,plate_too_small,B(0),4(4),0.7728,0.7741,9.34,0.9974,0.1,
0241,3,teacher,agree|refine_skipped|plate_too_small|tiny,plate_too_small,B(0),4(4),0.7195,0.719,8.91,0.9963,0.15,
0242,2,teacher,agree|refine_skipped|plate_too_small|tiny,plate_too_small,B(0),4(4),0.8152,0.8142,8.92,0.9994,0.02,
0243,3,teacher,agree|refine_skipped|plate_too_small|tiny,plate_too_small,B(0),4(4),0.8168,0.8156,8.58,0.9963,0.14,
0250,2,teacher,agree|refine_skipped|plate_too_small|tiny,plate_too_small,B(0),4(4),0.407,0.4079,7.24,0.9982,0.08,
0251,2,teacher,agree|refine_skipped|plate_too_small|tiny,plate_too_small,B(0),4(4),0.3231,0.3265,7.89,0.9979,0.08,
0252,2,teacher,agree|refine_skipped|plate_too_small|tiny,plate_too_small,B(0),4(4),0.5543,0.5618,8.02,0.9942,0.2,
0253,2,teacher,agree|refine_skipped|plate_too_small|tiny,plate_too_small,B(0),4(4),0.5194,0.5274,8.32,0.9987,0.07,
0254,2,teacher,agree|refine_skipped|plate_too_small|tiny,plate_too_small,B(0),4(4),0.8421,0.8466,8.5,0.9963,0.15,
0255,2,teacher,agree|refine_failed|no_bar_pair,no_bar_pair,B(0),3(3),0.8299,0.8313,24.12,0.9946,0.11,
0255,3,teacher,agree|refine_skipped|plate_too_small|tiny,plate_too_small,B(0),4(4),0.7081,0.7086,8.71,0.9954,0.15,
0256,2,teacher,agree|refine_skipped|plate_too_small|tiny,plate_too_small,B(0),4(4),0.7158,0.7157,9.52,0.9979,0.08,
0257,2,teacher,agree|refine_skipped|plate_too_small|tiny,plate_too_small,B(0),4(4),0.8293,0.8289,9.23,0.9964,0.13,
0258,2,teacher,agree|refine_skipped|plate_too_small|tiny,plate_too_small,B(0),4(4),0.7427,0.7435,9.49,0.9951,0.19,
0259,2,teacher,agree|refine_skipped|plate_too_small|tiny,plate_too_small,B(0),4(4),0.8124,0.8158,9.95,0.9953,0.17,
0260,1,teacher,agree|refine_skipped|plate_too_small|tiny,plate_too_small,B(0),4(4),0.852,0.8518,9.92,0.9983,0.08,
0261,2,teacher,agree|refine_skipped|plate_too_small|tiny,plate_too_small,B(0),4(4),0.8433,0.8436,10.86,0.996,0.12,
0264,1,teacher,agree|refine_failed|no_bar_pair,no_bar_pair,B(0),4(4),0.8968,0.897,29.17,0.9944,0.14,
0281,1,teacher,agree|refine_failed|no_bar_pair,no_bar_pair,B(0),4(4),0.5558,0.5774,30.74,0.9875,0.29,
0283,0,teacher,agree|refine_failed|no_bar_pair,no_bar_pair,B(0),3(3),0.5195,0.5281,37.4,0.9976,0.06,
0320,1,teacher,agree|refine_skipped|plate_too_small|tiny,plate_too_small,B(0),4(4),0.4779,0.4798,6.99,0.9934,0.25,
0321,1,teacher,agree|refine_skipped|plate_too_small|tiny,plate_too_small,B(0),4(4),0.4219,0.4238,8.9,0.9954,0.17,
0322,1,teacher,agree|refine_skipped|plate_too_small|tiny,plate_too_small,B(0),4(4),0.7379,0.7396,9.67,0.9955,0.17,
0323,1,teacher,agree|refine_skipped|plate_too_small|tiny,plate_too_small,B(0),4(4),0.5969,0.5979,6.91,0.9956,0.3,
0325,1,teacher,agree|refine_skipped|plate_too_small|tiny,plate_too_small,B(0),4(4),0.4207,0.4167,6.35,0.993,0.47,
0326,1,teacher,agree|refine_skipped|plate_too_small|tiny,plate_too_small,B(0),4(4),0.3559,0.3495,6.39,0.9944,0.3,
0338,1,teacher,agree|refine_skipped|plate_too_small|tiny,plate_too_small,B(0),3(3),0.5316,0.5282,7.4,0.9952,0.22,
0346,2,teacher,agree|refine_skipped|plate_too_small|tiny,plate_too_small,R(1),3(3),0.4988,0.4973,8.02,0.9961,0.12,
0347,2,teacher,agree|refine_skipped|plate_too_small|tiny,plate_too_small,R(1),3(3),0.3867,0.3951,7.14,0.9977,0.11,
0348,2,teacher,agree|refine_failed|no_bar_pair,no_bar_pair,B(0),4(4),0.3794,0.3798,31.93,0.9944,0.12,
0349,1,teacher,agree|refine_skipped|plate_too_small|tiny,plate_too_small,B(0),4(4),0.537,0.5387,8.06,0.99,0.34,
0350,1,teacher,agree|refine_skipped|plate_too_small|tiny,plate_too_small,B(0),4(4),0.3219,0.3235,5.51,0.9929,0.36,
0350,2,teacher,agree|refine_skipped|plate_too_small|tiny,plate_too_small,R(1),3(3),0.2698,0.2741,10.19,0.9911,0.21,
0352,0,teacher,agree|refine_skipped|plate_too_small|tiny,plate_too_small,B(0),4(4),0.7997,0.8019,11.24,0.9958,0.14,
0353,0,teacher,agree|refine_skipped|plate_too_small|tiny,plate_too_small,B(0),4(4),0.8733,0.8706,11.73,0.9954,0.13,
0353,1,teacher,agree|refine_skipped|plate_too_small|tiny,plate_too_small,B(0),4(4),0.5744,0.5747,7.06,0.9951,0.23,
0354,0,teacher,agree|refine_skipped|plate_too_small|tiny,plate_too_small,B(0),4(4),0.858,0.8567,11.22,0.9959,0.16,
0355,1,teacher,agree|refine_skipped|plate_too_small|tiny,plate_too_small,B(0),4(4),0.7602,0.7602,9.77,0.9969,0.1,
0357,1,teacher,agree|refine_skipped|plate_too_small|tiny,plate_too_small,B(0),4(4),0.8075,0.8062,11.83,0.9965,0.09,
0357,2,teacher,agree|refine_skipped|plate_too_small|tiny,plate_too_small,B(0),4(4),0.5733,0.5726,8.68,0.9966,0.12,
0359,2,teacher,agree|refine_skipped|plate_too_small|tiny,plate_too_small,B(0),4(4),0.8115,0.8114,9.55,0.9961,0.11,
0360,2,teacher,agree|refine_skipped|plate_too_small|tiny,plate_too_small,B(0),3(3),0.6703,0.6693,7.86,0.9959,0.15,
0361,1,teacher,agree|refine_skipped|plate_too_small|tiny,plate_too_small,B(0),4(4),0.933,0.9336,11.18,0.9987,0.05,
0363,1,teacher,agree|refine_skipped|plate_too_small|tiny,plate_too_small,B(0),4(4),0.4364,0.4362,6.88,0.9956,0.18,
0365,1,teacher,agree|refine_skipped|plate_too_small|tiny,plate_too_small,B(0),4(4),0.6022,0.6006,7.8,0.994,0.22,
0367,0,teacher,agree|refine_skipped|plate_too_small|tiny,plate_too_small,B(0),4(4),0.8285,0.8276,10.47,0.9961,0.1,
0367,1,teacher,agree|refine_skipped|plate_too_small|tiny,plate_too_small,B(0),4(4),0.3284,0.3319,6.57,0.9956,0.15,
0368,0,teacher,agree|refine_skipped|plate_too_small|tiny,plate_too_small,B(0),4(4),0.8128,0.8138,11.58,0.9964,0.1,
0369,0,teacher,agree|refine_skipped|plate_too_small|tiny,plate_too_small,B(0),4(4),0.8122,0.8109,11.0,0.9964,0.12,
0370,0,teacher,agree|refine_skipped|plate_too_small|tiny,plate_too_small,B(0),4(4),0.8638,0.8629,9.45,0.9956,0.13,
0370,1,teacher,agree|refine_skipped|plate_too_small|tiny,plate_too_small,B(0),4(4),0.3791,0.3788,5.92,0.9939,0.29,
0371,0,teacher,agree|refine_skipped|plate_too_small|tiny,plate_too_small,B(0),4(4),0.8723,0.874,10.53,0.9969,0.07,
0372,0,teacher,agree|refine_skipped|plate_too_small|tiny,plate_too_small,B(0),3(3),0.7721,0.7765,11.69,0.9954,0.12,
0373,0,teacher,agree|refine_skipped|plate_too_small|tiny,plate_too_small,B(0),4(4),0.4852,0.4871,9.52,0.9957,0.19,
0374,0,teacher,agree|refine_skipped|plate_too_small|tiny,plate_too_small,B(0),4(4),0.9042,0.9035,11.1,0.9959,0.17,
0376,0,teacher,agree|refine_skipped|plate_too_small|tiny,plate_too_small,B(0),4(4),0.9119,0.9116,11.73,0.9979,0.1,
0405,1,teacher,agree|refine_skipped|plate_too_small|tiny,plate_too_small,B(0),3(3),0.3569,0.3612,6.29,0.9884,0.49,
0406,0,teacher,agree|refine_skipped|plate_too_small|tiny,plate_too_small,B(0),3(3),0.9126,0.9126,9.85,0.9939,0.18,
0406,1,teacher,agree|refine_skipped|plate_too_small|tiny,plate_too_small,B(0),3(3),0.8431,0.8424,9.85,0.9953,0.18,
0407,0,teacher,agree|refine_skipped|plate_too_small|tiny,plate_too_small,B(0),3(3),0.8317,0.8312,10.33,0.9916,0.23,
0407,1,teacher,agree|refine_skipped|plate_too_small|tiny,plate_too_small,B(0),3(3),0.7437,0.745,8.01,0.9985,0.06,
0408,0,teacher,agree|refine_skipped|plate_too_small|tiny,plate_too_small,B(0),3(3),0.8582,0.8572,11.12,0.997,0.1,
0408,1,teacher,agree|refine_skipped|plate_too_small|tiny,plate_too_small,B(0),3(3),0.6573,0.656,7.09,0.9959,0.22,
0409,1,teacher,agree|refine_skipped|plate_too_small|tiny,plate_too_small,B(0),3(3),0.2755,0.2724,6.0,0.9924,0.33,
0410,0,teacher,agree|refine_skipped|plate_too_small|tiny,plate_too_small,B(0),4(4),0.7762,0.7743,11.47,0.9971,0.1,
0410,1,teacher,agree|refine_skipped|plate_too_small|tiny,plate_too_small,B(0),4(4),0.2544,0.2535,5.9,0.9934,0.26,
0411,0,teacher,agree|refine_skipped|plate_too_small|tiny,plate_too_small,B(0),3(3),0.829,0.8286,11.29,0.994,0.14,
0412,1,teacher,agree|refine_skipped|plate_too_small|tiny,plate_too_small,B(0),4(4),0.4322,0.4357,7.95,0.9955,0.21,
0413,1,teacher,agree|refine_skipped|plate_too_small|tiny,plate_too_small,B(0),3(3),0.3364,0.3391,7.26,0.9976,0.11,
0414,1,teacher,agree|refine_skipped|plate_too_small|tiny,plate_too_small,B(0),4(4),0.3329,0.3319,8.15,0.9953,0.2,
0415,0,teacher,no_match|primary_only|refine_skipped|plate_too_small|tiny,plate_too_small,R(1),4(4),0.2667,,11.93,,,
0423,0,teacher,agree|refine_failed|no_bar_pair,no_bar_pair,B(0),3(3),0.9235,0.9232,24.89,0.9971,0.07,
0431,1,teacher,agree|refine_skipped|plate_too_small|tiny,plate_too_small,R(1),3(3),0.3249,0.3264,6.01,0.9921,0.32,
0432,1,teacher,agree|refine_skipped|plate_too_small|tiny,plate_too_small,R(1),3(3),0.3655,0.3716,6.56,0.9933,0.32,
0435,1,teacher,agree|refine_skipped|plate_too_small|tiny,plate_too_small,R(1),3(3),0.4524,0.453,8.07,0.9979,0.06,
0436,1,teacher,agree|refine_skipped|plate_too_small|tiny,plate_too_small,R(1),3(3),0.7471,0.7448,10.4,0.9985,0.06,
0437,1,teacher,agree|refine_skipped|plate_too_small|tiny,plate_too_small,R(1),3(3),0.8323,0.8321,10.06,0.9975,0.12,
0438,0,teacher,agree|refine_skipped|plate_too_small|tiny,plate_too_small,R(1),3(3),0.7739,0.7736,10.92,0.9969,0.09,
0438,1,teacher,agree|refine_skipped|plate_too_small|tiny,plate_too_small,R(1),3(3),0.6453,0.645,8.82,0.9977,0.1,
0439,0,teacher,agree|refine_skipped|plate_too_small|tiny,plate_too_small,R(1),3(3),0.8027,0.8014,10.99,0.9964,0.11,
0439,1,teacher,agree|refine_skipped|plate_too_small|tiny,plate_too_small,R(1),3(3),0.4371,0.4354,8.19,0.9948,0.16,
0440,0,teacher,agree|refine_skipped|plate_too_small|tiny,plate_too_small,R(1),3(3),0.3206,0.319,8.34,0.9902,0.3,
0440,1,teacher,agree|refine_skipped|plate_too_small|tiny,plate_too_small,R(1),3(3),0.2528,0.2512,8.66,0.9933,0.18,
0442,1,teacher,agree|refine_skipped|plate_too_small|tiny,plate_too_small,B(0),4(4),0.3891,0.395,7.02,0.9961,0.17,
0443,1,teacher,agree|refine_skipped|plate_too_small|tiny,plate_too_small,B(0),4(4),0.5634,0.5729,7.17,0.998,0.09,
0444,1,teacher,agree|refine_skipped|plate_too_small|tiny,plate_too_small,B(0),4(4),0.4958,0.5074,8.05,0.9946,0.26,
0445,1,teacher,agree|refine_skipped|plate_too_small|tiny,plate_too_small,B(0),4(4),0.3366,0.3422,6.78,0.9952,0.24,
0461,0,teacher,agree|refine_skipped|plate_too_small|tiny,plate_too_small,B(0),3(3),0.8584,0.8586,11.48,0.9964,0.1,
0461,1,teacher,agree|refine_skipped|plate_too_small|tiny,plate_too_small,B(0),3(3),0.63,0.628,8.8,0.9943,0.17,
0462,0,teacher,agree|refine_skipped|plate_too_small|tiny,plate_too_small,B(0),3(3),0.7918,0.7927,9.2,0.9909,0.2,
0462,1,teacher,agree|refine_skipped|plate_too_small|tiny,plate_too_small,B(0),3(3),0.6475,0.6457,8.17,0.9959,0.13,
0463,0,teacher,agree|refine_skipped|plate_too_small|tiny,plate_too_small,B(0),3(3),0.8084,0.8079,10.21,0.9938,0.16,
0463,1,teacher,agree|refine_skipped|plate_too_small|tiny,plate_too_small,B(0),3(3),0.6942,0.6921,9.43,0.9906,0.24,
0464,0,teacher,agree|refine_skipped|plate_too_small|tiny,plate_too_small,B(0),3(3),0.9021,0.9007,10.68,0.9953,0.16,
0464,1,teacher,agree|refine_skipped|plate_too_small|tiny,plate_too_small,B(0),3(3),0.8375,0.8356,10.63,0.9956,0.13,
0465,0,teacher,agree|refine_skipped|plate_too_small|tiny,plate_too_small,B(0),3(3),0.8108,0.8104,8.96,0.9928,0.18,
0465,1,teacher,agree|refine_skipped|plate_too_small|tiny,plate_too_small,B(0),3(3),0.7647,0.7656,8.16,0.9949,0.15,
0466,0,teacher,agree|refine_skipped|plate_too_small|tiny,plate_too_small,B(0),3(3),0.8174,0.8173,10.22,0.9967,0.11,
0466,1,teacher,agree|refine_skipped|plate_too_small|tiny,plate_too_small,B(0),3(3),0.7159,0.7173,8.47,0.9947,0.15,
0467,0,teacher,agree|refine_skipped|plate_too_small|tiny,plate_too_small,B(0),4(4),0.6638,0.662,10.37,0.9929,0.17,
0467,1,teacher,conflict|conflict_cls|refine_skipped|plate_too_small|tiny,plate_too_small,B(0),3(3),0.3425,0.343,6.84,0.996,0.15,
0471,1,teacher,agree|refine_skipped|plate_too_small|tiny,plate_too_small,B(0),3(3),0.3185,0.319,7.62,0.9935,0.18,
0472,0,teacher,agree|refine_skipped|plate_too_small|tiny,plate_too_small,B(0),3(3),0.8251,0.8241,8.73,0.9924,0.18,
0472,2,teacher,agree|refine_skipped|plate_too_small|tiny,plate_too_small,B(0),3(3),0.599,0.5967,7.18,0.9931,0.22,
0473,2,teacher,agree|refine_skipped|plate_too_small|tiny,plate_too_small,B(0),3(3),0.5779,0.5735,7.25,0.9945,0.19,
0473,3,teacher,agree|refine_skipped|plate_too_small|tiny,plate_too_small,B(0),4(4),0.2836,0.2787,6.38,0.9948,0.24,
0474,1,teacher,agree|refine_skipped|plate_too_small|tiny,plate_too_small,B(0),3(3),0.724,0.7175,8.73,0.9966,0.11,
0474,2,teacher,agree|refine_skipped|plate_too_small|tiny,plate_too_small,B(0),3(3),0.5208,0.5205,7.19,0.9932,0.29,
0474,3,teacher,agree|refine_skipped|plate_too_small|tiny,plate_too_small,R(1),4(4),0.4128,0.4146,7.77,0.997,0.14,
0475,0,teacher,agree|refine_skipped|plate_too_small|tiny,plate_too_small,B(0),3(3),0.6755,0.6748,8.83,0.9962,0.11,
0476,1,teacher,agree|refine_skipped|plate_too_small|tiny,plate_too_small,R(1),3(3),0.4748,0.4773,8.44,0.9958,0.09,
0478,1,teacher,agree|refine_skipped|plate_too_small|tiny,plate_too_small,R(1),3(3),0.3542,0.365,6.9,0.9899,0.3,
0478,2,teacher,agree|refine_skipped|plate_too_small|tiny,plate_too_small,R(1),4(4),0.2727,0.2784,8.81,0.9932,0.29,
0481,2,teacher,agree|refine_skipped|plate_too_small|tiny,plate_too_small,R(1),4(4),0.4535,0.463,10.85,0.9946,0.21,
0481,3,teacher,agree|refine_skipped|plate_too_small|tiny,plate_too_small,R(1),3(3),0.362,0.3661,8.84,0.9965,0.09,
0482,1,teacher,agree|refine_skipped|plate_too_small|tiny,plate_too_small,R(1),3(3),0.5013,0.502,10.84,0.9987,0.04,
0483,1,teacher,agree|refine_skipped|plate_too_small|tiny,plate_too_small,R(1),3(3),0.4255,0.426,8.61,0.9942,0.16,
0484,0,teacher,agree|refine_skipped|plate_too_small|tiny,plate_too_small,B(0),3(3),0.8677,0.8685,11.9,0.998,0.09,
0484,1,teacher,agree|refine_skipped|plate_too_small|tiny,plate_too_small,R(1),3(3),0.3044,0.305,6.56,0.9929,0.23,
0489,0,teacher,agree|refine_skipped|plate_too_small|tiny,plate_too_small,R(1),4(4),0.5975,0.6022,11.82,0.9962,0.14,
0499,1,teacher,agree|refine_skipped|plate_too_small|tiny,plate_too_small,R(1),4(4),0.3481,0.3511,7.95,0.9959,0.17,
0503,2,teacher,agree|refine_skipped|plate_too_small|tiny,plate_too_small,R(1),3(3),0.2841,0.2812,8.54,0.9929,0.19,
0505,0,teacher,agree|refine_skipped|plate_too_small|tiny,plate_too_small,R(1),4(4),0.3965,0.3947,11.32,0.9455,1.81,
0511,0,teacher,agree|refine_skipped|plate_too_small|tiny,plate_too_small,R(1),4(4),0.2523,0.2519,9.98,0.9973,0.09,
0512,0,teacher,agree|refine_skipped|plate_too_small|tiny,plate_too_small,R(1),4(4),0.4717,0.473,11.88,0.9936,0.23,
0514,0,teacher,agree|refine_skipped|plate_too_small|tiny,plate_too_small,R(1),4(4),0.4798,0.4851,10.7,0.9954,0.16,
0517,1,teacher,agree|refine_skipped|plate_too_small|tiny,plate_too_small,R(1),4(4),0.7194,0.7175,10.94,0.995,0.13,
0517,2,teacher,agree|refine_skipped|plate_too_small|tiny,plate_too_small,R(1),3(3),0.2522,0.252,9.25,0.9965,0.09,
0519,1,teacher,agree|refine_skipped|plate_too_small|tiny,plate_too_small,R(1),3(3),0.2969,0.2952,10.4,0.9983,0.05,
0520,1,teacher,agree|refine_skipped|plate_too_small|tiny,plate_too_small,R(1),3(3),0.2916,0.2951,10.14,0.9966,0.09,
0524,1,teacher,agree|refine_skipped|plate_too_small|tiny,plate_too_small,R(1),3(3),0.2849,0.2869,7.95,0.9928,0.22,
0540,0,teacher,agree|refine_failed|no_bar_pair,no_bar_pair,B(0),3(3),0.9575,0.9584,28.97,0.9981,0.04,
0552,2,teacher,agree|refine_failed|no_bar_pair,no_bar_pair,B(0),3(3),0.9411,0.9417,44.42,0.9978,0.05,
0568,2,teacher,agree|refine_failed|no_bar_pair,no_bar_pair,B(0),3(3),0.7098,0.7116,28.06,0.995,0.15,
0583,1,teacher,agree|refine_skipped|plate_too_small|tiny,plate_too_small,B(0),4(4),0.6854,0.6853,10.51,0.992,0.37,
0584,2,teacher,agree|refine_skipped|plate_too_small|tiny,plate_too_small,B(0),4(4),0.4524,0.4551,11.5,0.9961,0.11,
0726,1,teacher,agree|refine_failed|no_bar_pair,no_bar_pair,B(0),3(3),0.2588,0.2648,25.99,0.9939,0.25,
0729,1,teacher,agree|refine_failed|no_bar_pair,no_bar_pair,B(0),3(3),0.5412,0.5549,25.3,0.9967,0.09,
0984,0,teacher,agree|refine_skipped|plate_too_small|tiny,plate_too_small,B(0),3(3),0.9089,0.9087,10.64,0.9928,0.21,
0985,1,teacher,agree|refine_skipped|plate_too_small|tiny,plate_too_small,B(0),3(3),0.8165,0.8161,8.67,0.9978,0.1,
1006,0,teacher,agree|refine_failed|no_bar_pair,no_bar_pair,R(1),3(3),0.907,0.9064,191.1,0.9997,0.01,
10061,1,teacher,agree|refine_failed|no_bar_pair,no_bar_pair,R(1),4(4),0.3448,0.3578,59.76,0.995,0.14,
10064,0,teacher,agree|refine_failed|no_bar_pair,no_bar_pair,R(1),7(0),0.6698,0.6701,62.45,0.9969,0.1,
10083,1,teacher,agree|refine_failed|no_bar_pair,no_bar_pair,R(1),4(4),0.6229,0.6257,39.05,0.9966,0.11,
10084,2,teacher,agree|refine_failed|no_bar_pair,no_bar_pair,R(1),4(4),0.5678,0.5695,33.94,0.9953,0.1,
10085,0,teacher,agree|refine_failed|no_bar_pair,no_bar_pair,R(1),4(4),0.9237,0.9235,28.92,0.9983,0.08,
10085,1,teacher,agree|refine_failed|no_bar_pair,no_bar_pair,R(1),4(4),0.7555,0.7569,43.55,0.9973,0.09,
10086,1,teacher,agree|refine_failed|no_bar_pair,no_bar_pair,R(1),4(4),0.4181,0.4198,32.78,0.9944,0.2,
10093,1,teacher,agree|refine_failed|no_bar_pair,no_bar_pair,R(1),4(4),0.8484,0.8488,29.14,0.9957,0.13,
10093,2,teacher,agree|refine_failed|no_bar_pair,no_bar_pair,R(1),4(4),0.308,0.3061,39.89,0.9956,0.12,
10094,1,teacher,agree|refine_failed|no_bar_pair,no_bar_pair,R(1),4(4),0.7355,0.7373,30.21,0.9975,0.09,
10095,1,teacher,agree|refine_failed|no_bar_pair,no_bar_pair,R(1),4(4),0.732,0.7324,27.4,0.9995,0.02,
10096,1,teacher,agree|refine_failed|no_bar_pair,no_bar_pair,R(1),4(4),0.5543,0.5574,28.33,0.9948,0.17,
10097,1,teacher,agree|refine_failed|no_bar_pair,no_bar_pair,R(1),4(4),0.625,0.6243,34.45,0.9966,0.23,
10097,2,teacher,agree|refine_failed|no_bar_pair,no_bar_pair,R(1),3(3),0.3904,0.3919,33.19,0.9969,0.11,
10103,2,teacher,agree|refine_failed|no_bar_pair,no_bar_pair,B(0),4(4),0.7681,0.7682,87.09,0.9975,0.1,
10104,1,teacher,agree|refine_failed|no_bar_pair,no_bar_pair,B(0),4(4),0.7998,0.8016,82.77,0.9987,0.06,
10105,1,teacher,agree|refine_failed|no_bar_pair,no_bar_pair,B(0),4(4),0.8603,0.8606,83.9,0.9974,0.09,
10106,1,teacher,agree|refine_failed|no_bar_pair,no_bar_pair,B(0),4(4),0.9612,0.9611,113.79,0.9993,0.03,
10107,1,teacher,agree|refine_failed|no_bar_pair,no_bar_pair,B(0),4(4),0.9605,0.9606,114.18,0.9991,0.03,
10108,1,teacher,agree|refine_failed|no_bar_pair,no_bar_pair,B(0),4(4),0.9586,0.9584,109.19,0.9996,0.02,
10109,0,teacher,agree|refine_failed|no_bar_pair,no_bar_pair,B(0),4(4),0.9674,0.9671,113.8,0.9995,0.02,
10113,1,teacher,agree|refine_failed|no_bar_pair,no_bar_pair,B(0),4(4),0.918,0.9183,112.21,0.9996,0.02,
10114,2,teacher,agree|refine_failed|no_bar_pair,no_bar_pair,B(0),4(4),0.9115,0.9119,146.34,0.9986,0.03,
10120,2,teacher,agree|refine_failed|no_bar_pair,no_bar_pair,B(0),2(2),0.9081,0.9072,90.08,0.9981,0.04,
10121,1,teacher,agree|refine_failed|no_bar_pair,no_bar_pair,B(0),O(6),0.6298,0.6395,28.26,0.9937,0.2,
10121,2,teacher,agree|refine_failed|no_bar_pair,no_bar_pair,B(0),O(6),0.391,0.3958,25.39,0.9954,0.21,
10122,1,teacher,agree|refine_failed|no_bar_pair,no_bar_pair,B(0),O(6),0.6549,0.6662,28.05,0.997,0.13,
10122,4,teacher,agree|refine_failed|no_bar_pair,no_bar_pair,B(0),O(6),0.4147,0.4269,25.07,0.9927,0.28,
10123,0,teacher,agree|refine_failed|no_bar_pair,no_bar_pair,R(1),3(3),0.5638,0.5636,29.5,0.9981,0.08,
10127,1,teacher,agree|refine_failed|no_bar_pair,no_bar_pair,B(0),4(4),0.7854,0.7864,43.18,0.9966,0.09,
10127,2,teacher,agree|refine_failed|no_bar_pair,no_bar_pair,R(1),4(4),0.6479,0.6437,34.64,0.9953,0.25,
10127,3,teacher,agree|refine_failed|no_bar_pair,no_bar_pair,R(1),3(3),0.5835,0.5706,40.31,0.9948,0.23,
10127,5,teacher,agree|refine_failed|no_bar_pair,no_bar_pair,R(1),7(0),0.2778,0.2746,71.86,0.998,0.07,
10128,1,teacher,agree|refine_failed|no_bar_pair,no_bar_pair,B(0),4(4),0.7827,0.7795,44.4,0.9974,0.12,
10128,2,teacher,agree|refine_failed|no_bar_pair,no_bar_pair,R(1),3(3),0.7586,0.7517,36.98,0.996,0.17,
10128,3,teacher,agree|refine_failed|no_bar_pair,no_bar_pair,R(1),4(4),0.4999,0.4936,34.64,0.9933,0.32,
10129,1,teacher,agree|refine_failed|no_bar_pair,no_bar_pair,R(1),3(3),0.815,0.8085,39.47,0.9958,0.16,
10129,2,teacher,agree|refine_failed|no_bar_pair,no_bar_pair,B(0),4(4),0.7338,0.7302,45.83,0.9952,0.14,
10129,3,teacher,agree|refine_failed|no_bar_pair,no_bar_pair,R(1),4(4),0.3584,0.3528,36.64,0.9935,0.31,
10135,0,refine,conflict|conflict_cls|refine_ok,,B(0),2(2),0.7024,0.7026,27.28,0.9974,0.08,2.54
10136,2,teacher,agree|refine_failed|no_bar_pair,no_bar_pair,R(1),3(3),0.4633,0.4657,26.68,0.9956,0.1,
10138,2,teacher,agree|refine_failed|no_bar_pair,no_bar_pair,R(1),2(2),0.3173,0.3165,27.41,0.9951,0.27,
10140,1,teacher,agree|refine_failed|no_bar_pair,no_bar_pair,R(1),2(2),0.8272,0.8245,27.32,0.9971,0.12,
10143,1,teacher,agree|refine_failed|no_bar_pair,no_bar_pair,R(1),2(2),0.8256,0.8248,31.66,0.9955,0.15,
10148,2,teacher,agree|refine_failed|no_bar_pair,no_bar_pair,B(0),4(4),0.5337,0.5372,32.02,0.9952,0.16,
10149,2,teacher,no_match|primary_only|refine_skipped|plate_too_small,plate_too_small,B(0),4(4),0.2525,,17.73,,,
10152,0,teacher,agree|refine_failed|no_bar_pair,no_bar_pair,R(1),4(4),0.5637,0.5609,28.28,0.9944,0.12,
10152,3,teacher,agree|refine_failed|no_bar_pair,no_bar_pair,B(0),4(4),0.2546,0.2542,25.44,0.9875,0.31,
10154,1,teacher,agree|refine_failed|no_bar_pair,no_bar_pair,B(0),3(3),0.3297,0.3343,24.5,0.9831,0.59,
10154,2,teacher,agree|refine_failed|no_bar_pair,no_bar_pair,R(1),2(2),0.3118,0.3161,25.92,0.9946,0.22,
10154,3,teacher,agree|refine_failed|no_bar_pair,no_bar_pair,B(0),3(3),0.2588,0.2563,24.57,0.986,0.47,
10156,1,teacher,agree|refine_failed|no_bar_pair,no_bar_pair,B(0),3(3),0.2985,0.3013,24.02,0.9914,0.21,
10157,0,teacher,agree|refine_failed|no_bar_pair,no_bar_pair,B(0),4(4),0.2989,0.2886,24.19,0.9921,0.26,
10161,2,teacher,agree|refine_failed|no_bar_pair,no_bar_pair,B(0),4(4),0.6018,0.6018,35.26,0.9976,0.13,
10161,3,teacher,agree|refine_failed|no_bar_pair,no_bar_pair,R(1),4(4),0.529,0.5287,41.49,0.9978,0.07,
10162,2,teacher,agree|refine_failed|no_bar_pair,no_bar_pair,B(0),4(4),0.6842,0.6855,37.57,0.9972,0.12,
10163,1,teacher,agree|refine_failed|no_bar_pair,no_bar_pair,B(0),4(4),0.8655,0.8675,41.73,0.9976,0.11,
10163,4,teacher,agree|refine_failed|no_bar_pair,no_bar_pair,B(0),O(6),0.3456,0.3296,48.7,0.995,0.25,
1017,0,teacher,agree|refine_failed|no_bar_pair,no_bar_pair,B(0),2(2),0.7477,0.7472,39.69,0.9984,0.05,
10172,3,teacher,agree|refine_failed|no_bar_pair,no_bar_pair,R(1),3(3),0.5318,0.5315,27.03,0.9915,0.34,
10173,3,teacher,agree|refine_failed|no_bar_pair,no_bar_pair,R(1),2(2),0.6663,0.6676,26.58,0.9977,0.07,
10179,2,teacher,no_match|secondary_only|refine_skipped|plate_too_small,plate_too_small,R(1),4(4),,0.2506,22.11,,,
10194,0,teacher,agree|refine_failed|no_bar_pair,no_bar_pair,R(1),4(4),0.9318,0.9317,59.99,0.9986,0.05,
10197,1,teacher,agree|refine_failed|no_bar_pair,no_bar_pair,R(1),4(4),0.7263,0.7291,38.55,0.9977,0.08,
10198,0,teacher,agree|refine_failed|no_bar_pair,no_bar_pair,R(1),4(4),0.9522,0.952,120.85,0.9995,0.02,
10199,0,teacher,agree|refine_failed|no_bar_pair,no_bar_pair,R(1),4(4),0.8186,0.8222,120.8,0.9967,0.08,
10199,1,teacher,agree|refine_failed|no_bar_pair,no_bar_pair,R(1),4(4),0.7299,0.7244,53.57,0.9968,0.13,
10209,0,teacher,agree|refine_failed|no_bar_pair,no_bar_pair,R(1),2(2),0.9095,0.9092,41.92,0.9981,0.07,
10211,0,teacher,agree|refine_failed|no_bar_pair,no_bar_pair,B(0),4(4),0.5482,0.548,36.56,0.9958,0.24,
10212,1,teacher,agree|refine_failed|no_bar_pair,no_bar_pair,R(1),4(4),0.4764,0.4763,41.15,0.9984,0.1,
10214,1,teacher,agree|refine_failed|no_bar_pair,no_bar_pair,B(0),4(4),0.7958,0.7961,66.44,0.9993,0.02,
10214,2,teacher,agree|refine_failed|no_bar_pair,no_bar_pair,B(0),4(4),0.7241,0.725,86.77,0.9977,0.09,
10214,3,teacher,agree|refine_failed|no_bar_pair,no_bar_pair,R(1),4(4),0.642,0.6464,57.98,0.9516,2.07,
10216,1,teacher,agree|refine_failed|no_bar_pair,no_bar_pair,B(0),4(4),0.6065,0.604,35.34,0.9975,0.14,
10216,2,teacher,agree|refine_failed|no_bar_pair,no_bar_pair,R(1),4(4),0.4795,0.4774,62.58,0.9979,0.06,
10217,1,teacher,agree|refine_failed|no_bar_pair,no_bar_pair,R(1),4(4),0.9348,0.9361,56.93,0.994,0.28,
10217,2,teacher,agree|refine_failed|no_bar_pair,no_bar_pair,B(0),4(4),0.8398,0.8388,164.93,0.9989,0.03,
10226,0,teacher,agree|refine_failed|no_bar_pair,no_bar_pair,R(1),3(3),0.5003,0.5033,24.2,0.9912,0.2,
10228,1,teacher,agree|refine_failed|no_bar_pair,no_bar_pair,P(2),4(4),0.2839,0.277,32.35,0.9929,0.22,
10230,0,refine,conflict|conflict_cls|refine_ok,,B(0),2(2),0.8247,0.8255,26.53,0.9951,0.16,3.56
10231,0,refine,conflict|conflict_cls|refine_ok,,B(0),2(2),0.7455,0.7466,25.22,0.996,0.15,1.67
10232,0,teacher,agree|refine_failed|no_bar_pair,no_bar_pair,B(0),2(2),0.7822,0.7809,25.61,0.9947,0.14,
10232,2,teacher,agree|refine_failed|no_bar_pair,no_bar_pair,B(0),2(2),0.7128,0.7126,26.09,0.9957,0.14,
10233,2,teacher,agree|refine_failed|no_bar_pair,no_bar_pair,B(0),2(2),0.7219,0.7213,27.96,0.9932,0.15,
10237,1,teacher,agree|refine_failed|no_bar_pair,no_bar_pair,B(0),4(4),0.4758,0.4764,38.99,0.998,0.1,
10238,1,teacher,agree|refine_failed|no_bar_pair,no_bar_pair,B(0),O(6),0.3031,0.3107,46.32,0.9959,0.22,
10238,2,teacher,agree|refine_failed|no_bar_pair,no_bar_pair,B(0),4(4),0.2908,0.295,37.2,0.996,0.17,
10241,3,teacher,agree|refine_failed|no_bar_pair,no_bar_pair,P(2),3(3),0.9233,0.9222,39.73,0.9935,0.2,
10241,4,teacher,agree|refine_failed|no_bar_pair,no_bar_pair,P(2),3(3),0.7803,0.7797,35.88,0.9955,0.12,
10241,5,teacher,agree|refine_failed|no_bar_pair,no_bar_pair,P(2),4(4),0.5257,0.5206,29.39,0.9897,0.44,
10241,6,teacher,agree|refine_failed|no_bar_pair,no_bar_pair,B(0),2(2),0.2617,0.2551,26.6,0.9932,0.26,
10242,3,teacher,agree|refine_failed|no_bar_pair,no_bar_pair,P(2),3(3),0.6575,0.6572,47.04,0.9953,0.11,
10242,4,teacher,agree|refine_failed|no_bar_pair,no_bar_pair,P(2),4(4),0.4617,0.4613,27.28,0.9874,0.58,
10245,0,teacher,agree|refine_failed|no_bar_pair,no_bar_pair,B(0),3(3),0.6954,0.6948,29.33,0.9966,0.07,
10246,0,teacher,agree|refine_failed|no_bar_pair,no_bar_pair,B(0),3(3),0.7898,0.79,33.46,0.9977,0.05,
10253,1,teacher,agree|refine_failed|no_bar_pair,no_bar_pair,B(0),4(4),0.5722,0.5706,27.51,0.995,0.22,
10271,0,teacher,agree|refine_failed|no_bar_pair,no_bar_pair,R(1),4(4),0.4153,0.4141,25.02,0.9937,0.23,
10271,1,teacher,no_match|secondary_only|refine_failed|no_bar_pair,no_bar_pair,R(1),4(4),,0.251,25.05,,,
10272,0,teacher,agree|refine_failed|no_bar_pair,no_bar_pair,R(1),3(3),0.8518,0.853,30.47,0.9973,0.09,
10273,2,teacher,agree|refine_failed|no_bar_pair,no_bar_pair,B(0),B(7),0.8689,0.8683,78.54,0.9983,0.04,
10273,3,teacher,agree|refine_failed|no_bar_pair,no_bar_pair,R(1),4(4),0.7103,0.6983,39.32,0.9953,0.18,
10273,4,teacher,agree|refine_failed|no_bar_pair,no_bar_pair,R(1),7(0),0.5786,0.5738,78.79,0.997,0.07,
10274,4,teacher,agree|refine_failed|no_bar_pair,no_bar_pair,R(1),4(4),0.6004,0.5906,35.9,0.9953,0.2,
10274,5,teacher,agree|refine_failed|no_bar_pair,no_bar_pair,R(1),7(0),0.3124,0.3129,87.02,0.9987,0.05,
10275,3,teacher,agree|refine_failed|no_bar_pair,no_bar_pair,R(1),4(4),0.6401,0.6268,35.78,0.9927,0.29,
10276,2,teacher,agree|refine_failed|no_bar_pair,no_bar_pair,R(1),4(4),0.7093,0.6957,37.97,0.9943,0.3,
10277,2,teacher,agree|refine_failed|no_bar_pair,no_bar_pair,R(1),4(4),0.6589,0.6494,36.83,0.9947,0.2,
10278,2,teacher,agree|refine_failed|no_bar_pair,no_bar_pair,R(1),4(4),0.6854,0.6752,38.09,0.9924,0.29,
10279,2,teacher,agree|refine_failed|no_bar_pair,no_bar_pair,R(1),4(4),0.6007,0.592,38.01,0.9947,0.28,
1028 (2),0,teacher,conflict|conflict_cls|refine_skipped|plate_too_small,plate_too_small,R(1),4(4),0.2923,0.2912,15.25,0.9775,0.75,
10280,0,teacher,agree|refine_failed|no_bar_pair,no_bar_pair,R(1),2(2),0.8591,0.8585,34.47,0.9976,0.1,
10280,1,teacher,agree|refine_failed|no_bar_pair,no_bar_pair,R(1),2(2),0.7524,0.7516,31.85,0.9973,0.09,
10281,2,teacher,agree|refine_failed|no_bar_pair,no_bar_pair,R(1),2(2),0.694,0.6973,30.74,0.9967,0.08,
10281,3,teacher,agree|refine_failed|no_bar_pair,no_bar_pair,R(1),3(3),0.5634,0.5675,32.97,0.9966,0.13,
10281,4,teacher,agree|refine_failed|no_bar_pair,no_bar_pair,R(1),3(3),0.2605,0.2661,26.62,0.9907,0.31,
1029 (2),1,teacher,agree|refine_failed|no_bar_pair,no_bar_pair,R(1),2(2),0.5998,0.6036,77.46,0.9979,0.06,
10292,0,teacher,agree|refine_failed|no_bar_pair,no_bar_pair,B(0),4(4),0.3639,0.3606,29.69,0.9887,0.31,
10295,2,teacher,agree|refine_failed|no_bar_pair,no_bar_pair,B(0),3(3),0.2892,0.295,26.51,0.9921,0.27,
10296,1,teacher,agree|refine_failed|no_bar_pair,no_bar_pair,B(0),4(4),0.4716,0.4662,29.34,0.9967,0.16,
10304,0,teacher,agree|refine_failed|no_bar_pair,no_bar_pair,R(1),3(3),0.5769,0.5779,24.94,0.9948,0.17,
10312,0,teacher,agree|refine_failed|no_bar_pair,no_bar_pair,B(0),4(4),0.6098,0.6178,24.33,0.9934,0.23,
10312,2,teacher,conflict|conflict_cls|refine_skipped|plate_too_small,plate_too_small,B(0),3(3),0.2524,0.2578,22.45,0.9921,0.27,
10319,1,teacher,agree|refine_failed|no_bar_pair,no_bar_pair,B(0),4(4),0.458,0.4555,30.61,0.9973,0.19,
10320,1,teacher,agree|refine_failed|no_bar_pair,no_bar_pair,B(0),4(4),0.3394,0.3391,33.08,0.9972,0.15,
10327,0,teacher,conflict|conflict_cls|refine_failed|no_bar_pair,no_bar_pair,B(0),3(3),0.6536,0.654,33.06,0.9968,0.09,
10329,1,teacher,agree|refine_failed|no_bar_pair,no_bar_pair,B(0),4(4),0.786,0.787,42.95,0.997,0.15,
10336,3,teacher,agree|refine_failed|no_bar_pair,no_bar_pair,B(0),3(3),0.8682,0.8674,43.49,0.9967,0.16,
10337,2,teacher,agree|refine_failed|no_bar_pair,no_bar_pair,B(0),2(2),0.7941,0.7918,38.88,0.9979,0.08,
10337,3,teacher,agree|refine_failed|no_bar_pair,no_bar_pair,B(0),3(3),0.7461,0.7434,49.04,0.9942,0.23,
10338,1,teacher,agree|refine_failed|no_bar_pair,no_bar_pair,B(0),3(3),0.9215,0.9207,37.78,0.9983,0.1,
10340,0,teacher,agree|refine_failed|no_bar_pair,no_bar_pair,R(1),2(2),0.2616,0.3344,29.74,0.9895,0.31,
10342,0,teacher,agree|refine_failed|no_bar_pair,no_bar_pair,B(0),4(4),0.7978,0.7997,49.64,0.9986,0.05,
10343,0,teacher,agree|refine_failed|no_bar_pair,no_bar_pair,B(0),4(4),0.9208,0.9203,67.01,0.9979,0.08,
10359,2,teacher,agree|refine_failed|no_bar_pair,no_bar_pair,B(0),3(3),0.5655,0.5659,37.96,0.9978,0.07,
10367,0,teacher,agree|refine_failed|no_bar_pair,no_bar_pair,R(1),3(3),0.792,0.7923,36.86,0.9991,0.03,
10371,0,teacher,agree|refine_failed|no_bar_pair,no_bar_pair,R(1),2(2),0.9355,0.9347,27.92,0.998,0.05,
10376,1,teacher,agree|refine_failed|no_bar_pair,no_bar_pair,R(1),2(2),0.9384,0.9382,28.3,0.9981,0.05,
10377,0,teacher,agree|refine_failed|no_bar_pair,no_bar_pair,R(1),3(3),0.9346,0.9347,44.62,0.9997,0.01,
10379,2,teacher,agree|refine_skipped|plate_too_small|tiny,plate_too_small,B(0),3(3),0.6046,0.5823,10.62,0.9847,0.44,
10379,3,teacher,agree|refine_skipped|plate_too_small|tiny,plate_too_small,R(1),4(4),0.3155,0.3262,9.99,0.9939,0.26,
10399,0,teacher,agree|refine_failed|no_bar_pair,no_bar_pair,R(1),2(2),0.5452,0.5444,34.74,0.9987,0.06,
10412,2,teacher,agree|refine_failed|no_bar_pair,no_bar_pair,R(1),3(3),0.4918,0.4685,28.21,0.9875,0.38,
10436,2,teacher,agree|refine_skipped|plate_too_small|tiny,plate_too_small,R(1),3(3),0.7933,0.795,11.66,0.9991,0.03,
10438,1,teacher,agree|refine_skipped|plate_too_small|tiny,plate_too_small,B(0),2(2),0.7322,0.7335,11.55,0.9962,0.14,
10489,0,teacher,no_match|secondary_only|refine_failed|no_bar_pair,no_bar_pair,R(1),O(6),,0.2509,27.41,,,
10505,1,teacher,agree|refine_skipped|plate_too_small|tiny,plate_too_small,R(1),4(4),0.3838,0.3843,8.47,0.9927,0.27,
10507,1,teacher,agree|refine_skipped|plate_too_small|tiny,plate_too_small,R(1),4(4),0.3137,0.3205,9.39,0.9929,0.33,
10519,1,teacher,agree|refine_skipped|plate_too_small|tiny,plate_too_small,R(1),4(4),0.3513,0.349,9.24,0.9951,0.18,
10520,1,teacher,agree|refine_skipped|plate_too_small|tiny,plate_too_small,R(1),4(4),0.2964,0.2984,9.18,0.9938,0.18,
1053 (2),1,teacher,agree|refine_failed|no_bar_pair,no_bar_pair,R(1),4(4),0.9425,0.9409,34.43,0.9953,0.2,
10530,1,teacher,agree|refine_skipped|plate_too_small|tiny,plate_too_small,R(1),3(3),0.2992,0.2968,8.72,0.9913,0.29,
1056 (2),0,teacher,agree|refine_failed|no_bar_pair,no_bar_pair,R(1),2(2),0.5265,0.5388,40.11,0.9953,0.14,
1057 (2),0,teacher,agree|refine_failed|no_bar_pair,no_bar_pair,B(0),2(2),0.973,0.9731,223.91,0.9991,0.04,
10654,2,teacher,agree|refine_skipped|plate_too_small|tiny,plate_too_small,R(1),4(4),0.3772,0.3769,11.87,0.9988,0.05,
10659,3,teacher,agree|refine_failed|no_bar_pair,no_bar_pair,B(0),3(3),0.6047,0.6037,30.83,0.999,0.05,
10660,2,teacher,agree|refine_failed|no_bar_pair,no_bar_pair,B(0),3(3),0.891,0.8907,32.24,0.9987,0.05,
10664,1,teacher,agree|refine_failed|no_bar_pair,no_bar_pair,R(1),3(3),0.6209,0.6209,24.44,0.9982,0.05,
10686,1,teacher,agree|refine_failed|no_bar_pair,no_bar_pair,R(1),3(3),0.7912,0.7916,31.16,0.9981,0.05,
10687,1,teacher,agree|refine_failed|no_bar_pair,no_bar_pair,R(1),3(3),0.8648,0.8668,32.27,0.9967,0.08,
10688,1,teacher,agree|refine_failed|no_bar_pair,no_bar_pair,R(1),3(3),0.7442,0.7442,31.93,0.9972,0.05,
10690,1,teacher,agree|refine_failed|no_bar_pair,no_bar_pair,R(1),3(3),0.572,0.567,32.43,0.9968,0.1,
10691,1,teacher,agree|refine_failed|no_bar_pair,no_bar_pair,R(1),3(3),0.5299,0.5278,31.8,0.9973,0.07,
10692,1,teacher,agree|refine_failed|no_bar_pair,no_bar_pair,R(1),3(3),0.2769,0.2762,31.68,0.9976,0.08,
10693,1,teacher,agree|refine_failed|no_bar_pair,no_bar_pair,R(1),3(3),0.5156,0.5116,30.13,0.9984,0.06,
10695,2,teacher,agree|refine_failed|no_bar_pair,no_bar_pair,R(1),4(4),0.6419,0.6389,32.59,0.9974,0.12,
10696,2,teacher,agree|refine_failed|no_bar_pair,no_bar_pair,R(1),4(4),0.8451,0.8405,38.05,0.9985,0.07,
10697,2,teacher,agree|refine_failed|no_bar_pair,no_bar_pair,R(1),4(4),0.8989,0.8985,44.43,0.9982,0.06,
10698,1,teacher,agree|refine_failed|no_bar_pair,no_bar_pair,R(1),4(4),0.914,0.9134,50.78,0.9985,0.05,
10698,2,teacher,agree|refine_failed|no_bar_pair,no_bar_pair,R(1),3(3),0.8752,0.8761,28.56,0.9967,0.12,
10699,0,teacher,agree|refine_failed|no_bar_pair,no_bar_pair,R(1),4(4),0.9346,0.934,55.97,0.9982,0.06,
10701,2,teacher,agree|refine_failed|no_bar_pair,no_bar_pair,R(1),3(3),0.7019,0.6962,26.57,0.9972,0.07,
10704,2,teacher,agree|refine_failed|no_bar_pair,no_bar_pair,R(1),4(4),0.8704,0.871,36.34,0.9975,0.11,
10705,2,teacher,agree|refine_failed|no_bar_pair,no_bar_pair,R(1),2(2),0.8231,0.8236,26.77,0.9957,0.12,
10705,3,teacher,agree|refine_failed|no_bar_pair,no_bar_pair,R(1),4(4),0.6972,0.7015,30.02,0.9975,0.12,
10707,1,teacher,agree|refine_failed|no_bar_pair,no_bar_pair,R(1),3(3),0.9158,0.9169,29.7,0.9964,0.08,
10708,1,teacher,agree|refine_failed|no_bar_pair,no_bar_pair,R(1),3(3),0.8454,0.8464,31.75,0.9994,0.02,
10709,1,teacher,agree|refine_failed|no_bar_pair,no_bar_pair,R(1),3(3),0.4961,0.4948,33.83,0.9976,0.06,
10710,1,teacher,agree|refine_failed|no_bar_pair,no_bar_pair,R(1),3(3),0.7166,0.7177,37.83,0.9988,0.03,
10711,1,teacher,agree|refine_failed|no_bar_pair,no_bar_pair,R(1),3(3),0.9257,0.9249,30.95,0.9985,0.05,
10712,1,teacher,agree|refine_failed|no_bar_pair,no_bar_pair,R(1),3(3),0.9294,0.9293,33.22,0.9981,0.04,
10713,1,teacher,agree|refine_failed|no_bar_pair,no_bar_pair,R(1),3(3),0.8667,0.8681,34.08,0.9985,0.08,
10714,0,teacher,agree|refine_failed|no_bar_pair,no_bar_pair,R(1),3(3),0.9618,0.9622,34.65,0.9976,0.09,
10715,1,teacher,agree|refine_failed|no_bar_pair,no_bar_pair,R(1),3(3),0.954,0.9538,36.39,0.9986,0.05,
10717,1,teacher,agree|refine_failed|no_bar_pair,no_bar_pair,R(1),3(3),0.9495,0.9488,37.93,0.9978,0.04,
10720,2,teacher,agree|refine_failed|no_bar_pair,no_bar_pair,R(1),4(4),0.5833,0.5798,30.81,0.9971,0.14,
10721,2,teacher,agree|refine_failed|no_bar_pair,no_bar_pair,R(1),4(4),0.559,0.5511,34.46,0.9917,0.37,
10722,2,teacher,agree|refine_failed|no_bar_pair,no_bar_pair,R(1),4(4),0.2765,0.2917,39.16,0.9912,0.41,
10727,0,teacher,agree|refine_failed|no_bar_pair,no_bar_pair,R(1),3(3),0.9641,0.964,34.84,0.9977,0.06,
10728,0,teacher,agree|refine_failed|no_bar_pair,no_bar_pair,R(1),3(3),0.9582,0.958,33.21,0.9989,0.03,
10729,1,teacher,agree|refine_failed|no_bar_pair,no_bar_pair,R(1),3(3),0.9279,0.9279,32.98,0.9986,0.03,
10729,3,teacher,agree|refine_failed|no_bar_pair,no_bar_pair,R(1),4(4),0.2635,0.2698,82.73,0.9981,0.06,
10730,0,teacher,agree|refine_failed|no_bar_pair,no_bar_pair,R(1),3(3),0.9352,0.9351,31.49,0.9988,0.05,
10730,3,teacher,agree|refine_failed|no_bar_pair,no_bar_pair,R(1),4(4),0.6928,0.6879,92.47,0.9962,0.17,
10731,0,teacher,agree|refine_failed|no_bar_pair,no_bar_pair,R(1),4(4),0.8684,0.864,51.51,0.9986,0.05,
10731,2,teacher,agree|refine_failed|no_bar_pair,no_bar_pair,R(1),4(4),0.7862,0.7826,103.59,0.9985,0.05,
10731,3,teacher,agree|refine_failed|no_bar_pair,no_bar_pair,R(1),3(3),0.736,0.737,33.94,0.9967,0.11,
10732,0,teacher,agree|refine_failed|no_bar_pair,no_bar_pair,R(1),4(4),0.8895,0.8895,111.08,0.9991,0.03,
10732,1,teacher,agree|refine_failed|no_bar_pair,no_bar_pair,R(1),4(4),0.6828,0.692,45.07,0.9971,0.12,
10733,0,teacher,agree|refine_failed|no_bar_pair,no_bar_pair,R(1),4(4),0.7866,0.7859,109.15,0.9986,0.04,
10733,1,teacher,agree|refine_failed|no_bar_pair,no_bar_pair,R(1),3(3),0.7479,0.751,24.88,0.9984,0.07,
10733,2,teacher,agree|refine_failed|no_bar_pair,no_bar_pair,R(1),4(4),0.3281,0.317,41.3,0.9959,0.3,
10734,0,teacher,agree|refine_failed|no_bar_pair,no_bar_pair,R(1),4(4),0.8172,0.8164,120.45,0.9987,0.03,
10734,1,teacher,agree|refine_failed|no_bar_pair,no_bar_pair,R(1),3(3),0.5823,0.5835,26.04,0.9979,0.08,
10735,1,teacher,agree|refine_failed|no_bar_pair,no_bar_pair,R(1),2(2),0.6771,0.6795,27.33,0.9993,0.01,
10736,1,teacher,agree|refine_failed|no_bar_pair,no_bar_pair,R(1),2(2),0.6557,0.6557,27.36,0.9986,0.04,
10737,1,teacher,agree|refine_failed|no_bar_pair,no_bar_pair,R(1),3(3),0.6585,0.6573,29.57,0.9975,0.07,
10738,1,teacher,agree|refine_failed|no_bar_pair,no_bar_pair,R(1),3(3),0.8146,0.8154,28.72,0.9983,0.06,
10739,1,teacher,agree|refine_failed|no_bar_pair,no_bar_pair,R(1),3(3),0.6166,0.6168,27.62,0.9979,0.05,
10740,1,teacher,agree|refine_failed|no_bar_pair,no_bar_pair,R(1),2(2),0.2913,0.2886,33.71,0.9978,0.07,
10756,1,teacher,agree|refine_failed|no_bar_pair,no_bar_pair,B(0),2(2),0.8055,0.8062,28.39,0.996,0.1,
10757,1,teacher,agree|refine_failed|no_bar_pair,no_bar_pair,B(0),2(2),0.9251,0.9263,26.33,0.9981,0.06,
10758,1,teacher,agree|refine_failed|no_bar_pair,no_bar_pair,B(0),2(2),0.9315,0.9318,28.18,0.9978,0.08,
10759,1,teacher,agree|refine_failed|no_bar_pair,no_bar_pair,B(0),2(2),0.9025,0.903,27.08,0.9983,0.06,
10765,1,teacher,agree|refine_failed|no_bar_pair,no_bar_pair,B(0),O(6),0.5071,0.5088,29.33,0.9963,0.1,
10771,0,teacher,agree|refine_failed|no_bar_pair,no_bar_pair,R(1),4(4),0.8746,0.8759,64.82,0.9984,0.08,
10782,1,teacher,no_match|secondary_only|refine_failed|no_bar_pair,no_bar_pair,R(1),4(4),,0.4252,85.74,,,
10783,1,teacher,agree|refine_failed|no_bar_pair,no_bar_pair,R(1),4(4),0.7206,0.8619,77.02,0.9687,1.0,
10784,1,teacher,agree|refine_failed|no_bar_pair,no_bar_pair,R(1),4(4),0.3936,0.5701,71.26,0.9196,2.85,
10785,1,teacher,agree|refine_failed|no_bar_pair,no_bar_pair,R(1),4(4),0.6368,0.6983,62.43,0.9693,1.19,
10786,1,teacher,agree|refine_failed|no_bar_pair,no_bar_pair,R(1),4(4),0.5313,0.5345,52.35,0.9895,0.56,
10787,1,teacher,agree|refine_failed|no_bar_pair,no_bar_pair,R(1),4(4),0.6702,0.6242,39.57,0.9845,0.78,
10791,2,teacher,agree|refine_failed|no_bar_pair,no_bar_pair,R(1),4(4),0.2854,0.2706,29.71,0.994,0.25,
10792,2,teacher,agree|refine_failed|no_bar_pair,no_bar_pair,R(1),4(4),0.3388,0.3263,26.65,0.9959,0.19,
10805,0,teacher,agree|refine_failed|no_bar_pair,no_bar_pair,B(0),2(2),0.9292,0.9287,27.32,0.9979,0.07,
1081 (2),1,teacher,agree|refine_failed|no_bar_pair,no_bar_pair,B(0),2(2),0.309,0.3069,28.55,0.9979,0.09,
10825,1,teacher,agree|refine_failed|no_bar_pair,no_bar_pair,R(1),4(4),0.6967,0.6945,47.07,0.9977,0.06,
10826,1,teacher,agree|refine_failed|no_bar_pair,no_bar_pair,R(1),4(4),0.7936,0.793,49.56,0.9969,0.09,
10827,1,teacher,agree|refine_failed|no_bar_pair,no_bar_pair,R(1),4(4),0.9029,0.8998,52.14,0.9975,0.07,
10828,0,teacher,agree|refine_failed|no_bar_pair,no_bar_pair,R(1),4(4),0.9534,0.9516,48.39,0.9976,0.07,
10838,1,teacher,agree|refine_skipped|plate_too_small|tiny,plate_too_small,B(0),2(2),0.4186,0.4171,10.91,0.9968,0.17,
10852,1,teacher,agree|refine_failed|no_bar_pair,no_bar_pair,B(0),2(2),0.651,0.6514,46.33,0.9991,0.04,
10853,1,teacher,agree|refine_failed|no_bar_pair,no_bar_pair,B(0),2(2),0.4773,0.4731,45.56,0.9982,0.06,
10854,1,teacher,agree|refine_failed|no_bar_pair,no_bar_pair,B(0),3(3),0.3714,0.3695,45.03,0.9979,0.04,
10855,1,teacher,agree|refine_failed|no_bar_pair,no_bar_pair,B(0),3(3),0.4749,0.4756,41.68,0.9985,0.05,
10856,1,teacher,agree|refine_failed|no_bar_pair,no_bar_pair,B(0),3(3),0.396,0.3967,41.71,0.9993,0.03,
10881,1,teacher,agree|refine_failed|no_bar_pair,no_bar_pair,B(0),2(2),0.301,0.2993,52.49,0.9985,0.04,
10882,1,teacher,agree|refine_failed|no_bar_pair,no_bar_pair,B(0),2(2),0.3109,0.3142,55.17,0.9977,0.06,
10883,1,teacher,agree|refine_failed|no_bar_pair,no_bar_pair,B(0),2(2),0.6785,0.6723,57.89,0.9989,0.03,
10884,1,teacher,agree|refine_failed|no_bar_pair,no_bar_pair,B(0),2(2),0.6268,0.6275,58.6,0.9977,0.07,
10885,1,teacher,agree|refine_failed|no_bar_pair,no_bar_pair,B(0),2(2),0.73,0.7271,53.38,0.9983,0.05,
10886,1,teacher,agree|refine_failed|no_bar_pair,no_bar_pair,B(0),2(2),0.8567,0.8573,51.72,0.9973,0.08,
10887,1,teacher,agree|refine_failed|no_bar_pair,no_bar_pair,B(0),2(2),0.7802,0.7799,55.12,0.9987,0.04,
10888,1,teacher,agree|refine_failed|no_bar_pair,no_bar_pair,B(0),2(2),0.8305,0.832,57.36,0.9992,0.02,
10889,1,teacher,agree|refine_failed|no_bar_pair,no_bar_pair,B(0),2(2),0.839,0.8386,57.39,0.9985,0.04,
10913,2,teacher,agree|refine_failed|no_bar_pair,no_bar_pair,R(1),4(4),0.3674,0.3663,26.12,0.9976,0.1,
10971,1,teacher,no_match|secondary_only|refine_skipped|plate_too_small|tiny,plate_too_small,R(1),4(4),,0.252,10.76,,,
10980,1,teacher,agree|refine_failed|no_bar_pair,no_bar_pair,R(1),4(4),0.484,0.4866,29.01,0.9971,0.11,
10981,1,teacher,agree|refine_failed|no_bar_pair,no_bar_pair,R(1),4(4),0.728,0.725,32.18,0.998,0.08,
10982,1,teacher,agree|refine_failed|no_bar_pair,no_bar_pair,R(1),4(4),0.7243,0.7178,33.15,0.9982,0.08,
10983,1,teacher,agree|refine_failed|no_bar_pair,no_bar_pair,R(1),4(4),0.6551,0.6461,35.06,0.9959,0.13,
10984,1,teacher,agree|refine_failed|no_bar_pair,no_bar_pair,R(1),4(4),0.8005,0.7988,38.9,0.998,0.07,
10985,1,teacher,agree|refine_failed|no_bar_pair,no_bar_pair,R(1),4(4),0.8613,0.8602,41.48,0.9976,0.08,
10986,1,teacher,agree|refine_failed|no_bar_pair,no_bar_pair,R(1),4(4),0.8712,0.871,44.05,0.999,0.03,
1099 (2),1,teacher,agree|refine_failed|no_bar_pair,no_bar_pair,P(2),4(4),0.4668,0.4642,28.74,0.9975,0.08,
10997,0,teacher,agree|refine_failed|no_bar_pair,no_bar_pair,R(1),4(4),0.8871,0.8872,41.31,0.998,0.1,
10998,0,teacher,agree|refine_failed|no_bar_pair,no_bar_pair,R(1),4(4),0.9433,0.9427,38.43,0.9991,0.04,
10999,0,teacher,agree|refine_failed|no_bar_pair,no_bar_pair,R(1),4(4),0.9423,0.9424,37.75,0.9987,0.06,
1100 (2),1,teacher,agree|refine_failed|no_bar_pair,no_bar_pair,B(0),4(4),0.591,0.6015,29.08,0.9876,0.5,
11000,1,teacher,agree|refine_failed|no_bar_pair,no_bar_pair,R(1),4(4),0.8718,0.8713,35.31,0.9981,0.08,
11001,1,teacher,agree|refine_failed|no_bar_pair,no_bar_pair,R(1),4(4),0.6825,0.6815,33.05,0.9987,0.06,
11012,1,teacher,agree|refine_failed|no_bar_pair,no_bar_pair,B(0),2(2),0.8636,0.863,55.8,0.9984,0.04,
11013,1,teacher,agree|refine_failed|no_bar_pair,no_bar_pair,B(0),2(2),0.8861,0.8886,60.54,0.9981,0.05,
11018,2,teacher,agree|refine_failed|no_bar_pair,no_bar_pair,R(1),4(4),0.2727,0.2675,24.56,0.9973,0.12,
11019,1,teacher,agree|refine_failed|no_bar_pair,no_bar_pair,B(0),2(2),0.8563,0.8556,62.72,0.999,0.03,
11019,2,teacher,agree|refine_failed|no_bar_pair,no_bar_pair,R(1),4(4),0.7495,0.7467,29.37,0.9973,0.11,
11020,1,teacher,agree|refine_failed|no_bar_pair,no_bar_pair,R(1),4(4),0.865,0.8637,35.46,0.9982,0.07,
11020,2,teacher,agree|refine_failed|no_bar_pair,no_bar_pair,B(0),2(2),0.8321,0.8311,63.02,0.9992,0.03,
11021,1,teacher,agree|refine_failed|no_bar_pair,no_bar_pair,R(1),4(4),0.879,0.8761,40.02,0.9965,0.12,
11021,2,teacher,agree|refine_failed|no_bar_pair,no_bar_pair,B(0),2(2),0.8351,0.8334,63.96,0.9993,0.02,
11022,1,teacher,agree|refine_failed|no_bar_pair,no_bar_pair,R(1),4(4),0.8828,0.883,44.44,0.998,0.08,
11022,2,teacher,agree|refine_failed|no_bar_pair,no_bar_pair,B(0),2(2),0.8609,0.8597,62.77,0.9986,0.04,
11023,1,teacher,agree|refine_failed|no_bar_pair,no_bar_pair,R(1),4(4),0.8559,0.8547,48.5,0.9998,0.01,
11023,2,teacher,agree|refine_failed|no_bar_pair,no_bar_pair,B(0),2(2),0.8558,0.8563,63.41,0.9983,0.05,
11024,1,teacher,agree|refine_failed|no_bar_pair,no_bar_pair,B(0),2(2),0.8965,0.896,64.89,0.9989,0.04,
11025,1,teacher,agree|refine_failed|no_bar_pair,no_bar_pair,B(0),2(2),0.8861,0.8863,70.16,0.9995,0.02,
11026,1,teacher,agree|refine_failed|no_bar_pair,no_bar_pair,B(0),2(2),0.8918,0.8905,72.83,0.9988,0.03,
11027,1,teacher,agree|refine_failed|no_bar_pair,no_bar_pair,B(0),2(2),0.8908,0.89,74.13,0.9987,0.03,
11034,0,teacher,agree|refine_failed|no_bar_pair,no_bar_pair,B(0),2(2),0.948,0.9478,79.28,0.9987,0.03,
11035,1,teacher,agree|refine_failed|no_bar_pair,no_bar_pair,B(0),2(2),0.9317,0.9318,81.75,0.999,0.03,
11036,0,teacher,agree|refine_failed|no_bar_pair,no_bar_pair,B(0),2(2),0.9604,0.9596,78.57,0.9983,0.05,
11037,0,teacher,agree|refine_failed|no_bar_pair,no_bar_pair,B(0),2(2),0.9455,0.9455,80.08,0.9992,0.02,
11038,1,teacher,agree|refine_failed|no_bar_pair,no_bar_pair,B(0),2(2),0.9319,0.9319,77.9,0.9995,0.01,
11039,0,teacher,agree|refine_failed|no_bar_pair,no_bar_pair,B(0),2(2),0.9419,0.942,78.3,0.9996,0.01,
1104 (2),1,teacher,agree|refine_failed|no_bar_pair,no_bar_pair,R(1),4(4),0.8585,0.8594,36.48,0.996,0.11,
11041,2,teacher,agree|refine_failed|no_bar_pair,no_bar_pair,R(1),4(4),0.631,0.6354,50.3,0.9956,0.15,
11046,1,teacher,agree|refine_failed|no_bar_pair,no_bar_pair,R(1),4(4),0.5331,0.5268,43.64,0.9964,0.19,
1112 (2),0,teacher,agree|refine_failed|no_bar_pair,no_bar_pair,B(0),2(2),0.2925,0.2866,43.29,0.9966,0.11,
11178,0,teacher,agree|refine_failed|no_bar_pair,no_bar_pair,R(1),4(4),0.9637,0.9627,212.68,0.9984,0.04,
11188,1,teacher,agree|refine_failed|no_bar_pair,no_bar_pair,B(0),2(2),0.9549,0.9548,69.13,0.9987,0.03,
1120 (2),2,teacher,agree|refine_failed|no_bar_pair,no_bar_pair,R(1),2(2),0.6971,0.6873,25.4,0.9904,0.37,
11210,1,teacher,agree|refine_failed|no_bar_pair,no_bar_pair,R(1),4(4),0.2972,0.3016,28.64,0.9933,0.48,
11245,1,teacher,conflict|conflict_cls|refine_skipped|plate_too_small,plate_too_small,B(0),4(4),0.3618,0.3282,16.64,0.979,0.6,
1127 (2),2,teacher,agree|refine_failed|no_bar_pair,no_bar_pair,R(1),4(4),0.6255,0.627,26.43,0.9992,0.04,
1127 (2),3,teacher,conflict|conflict_cls|refine_skipped|plate_too_small,plate_too_small,B(0),2(2),0.5783,0.5771,17.02,0.9987,0.04,
1133 (2),0,teacher,agree|refine_failed|no_bar_pair,no_bar_pair,B(0),2(2),0.5813,0.5796,67.58,0.9979,0.06,
11488,0,teacher,agree|refine_failed|no_bar_pair,no_bar_pair,R(1),3(3),0.8845,0.8836,31.87,0.9981,0.07,
11489,0,teacher,agree|refine_failed|no_bar_pair,no_bar_pair,R(1),3(3),0.939,0.9388,32.36,0.9995,0.03,
11490,0,teacher,agree|refine_failed|no_bar_pair,no_bar_pair,R(1),3(3),0.939,0.9389,32.29,0.9985,0.05,
1150 (2),0,teacher,agree|refine_failed|no_bar_pair,no_bar_pair,R(1),2(2),0.9013,0.8998,80.12,0.9977,0.07,
11518,1,teacher,agree|refine_skipped|plate_too_small|tiny,plate_too_small,R(1),2(2),0.3512,0.3585,9.99,0.989,0.51,
11542,0,teacher,agree|refine_failed|no_bar_pair,no_bar_pair,R(1),3(3),0.9675,0.9671,34.05,0.9991,0.04,
11543,0,teacher,agree|refine_failed|no_bar_pair,no_bar_pair,R(1),3(3),0.9374,0.9383,33.62,0.9982,0.05,
1160 (2),0,teacher,agree|refine_failed|no_bar_pair,no_bar_pair,R(1),2(2),0.951,0.9506,195.78,0.9987,0.05,
1160 (2),1,teacher,agree|refine_failed|no_bar_pair,no_bar_pair,R(1),2(2),0.8924,0.8933,78.39,0.9989,0.05,
1163 (2),2,teacher,agree|refine_failed|no_bar_pair,no_bar_pair,R(1),4(4),0.8869,0.8824,62.5,0.9973,0.07,
11662,0,teacher,agree|refine_failed|no_bar_pair,no_bar_pair,B(0),7(0),0.5288,0.5172,27.49,0.9976,0.08,
11665,0,teacher,agree|refine_failed|no_bar_pair,no_bar_pair,B(0),7(0),0.8048,0.7977,27.49,0.994,0.12,
11669,0,teacher,agree|refine_failed|no_bar_pair,no_bar_pair,B(0),7(0),0.56,0.5468,27.83,0.9968,0.07,
1167 (2),0,teacher,agree|refine_failed|no_bar_pair,no_bar_pair,R(1),2(2),0.9607,0.961,42.49,0.9965,0.12,
11670,0,teacher,agree|refine_failed|no_bar_pair,no_bar_pair,B(0),7(0),0.7761,0.7702,27.5,0.997,0.07,
11671,0,teacher,agree|refine_failed|no_bar_pair,no_bar_pair,B(0),7(0),0.7319,0.7299,27.59,0.9982,0.06,
11672,0,teacher,agree|refine_failed|no_bar_pair,no_bar_pair,B(0),7(0),0.6838,0.6743,28.31,0.9961,0.09,
11683,0,teacher,agree|refine_failed|no_bar_pair,no_bar_pair,B(0),7(0),0.3079,0.2992,27.85,0.9967,0.1,
11748,0,teacher,agree|refine_failed|no_bar_pair,no_bar_pair,B(0),2(2),0.7536,0.7484,26.69,0.9958,0.09,
11749,0,teacher,agree|refine_failed|no_bar_pair,no_bar_pair,B(0),2(2),0.3012,0.278,27.62,0.9918,0.14,
11769,0,refine,conflict|conflict_cls|refine_ok,,B(0),3(3),0.8183,0.8098,27.02,0.9932,0.16,1.09
1182 (2),0,teacher,agree|refine_failed|no_bar_pair,no_bar_pair,B(0),2(2),0.684,0.6871,32.97,0.9977,0.07,
11841,1,teacher,agree|refine_failed|no_bar_pair,no_bar_pair,R(1),3(3),0.7032,0.7019,25.17,0.998,0.11,
11843,1,teacher,agree|refine_failed|no_bar_pair,no_bar_pair,R(1),3(3),0.7702,0.7674,36.37,0.9986,0.07,
11850,2,teacher,agree|refine_failed|no_bar_pair,no_bar_pair,B(0),3(3),0.8683,0.8674,26.44,0.9981,0.05,
11851,2,teacher,agree|refine_failed|no_bar_pair,no_bar_pair,B(0),3(3),0.8576,0.8588,27.26,0.9978,0.06,
11852,2,teacher,agree|refine_failed|no_bar_pair,no_bar_pair,B(0),3(3),0.7994,0.798,26.74,0.9963,0.09,
11853,2,teacher,agree|refine_failed|no_bar_pair,no_bar_pair,B(0),3(3),0.89,0.8897,26.8,0.9971,0.08,
11854,2,teacher,agree|refine_failed|no_bar_pair,no_bar_pair,B(0),3(3),0.8338,0.8339,26.81,0.9981,0.07,
11855,2,teacher,agree|refine_failed|no_bar_pair,no_bar_pair,B(0),3(3),0.8528,0.8526,26.65,0.9968,0.08,
11856,3,teacher,agree|refine_failed|no_bar_pair,no_bar_pair,B(0),3(3),0.5802,0.5757,25.52,0.9958,0.12,
11858,3,teacher,agree|refine_failed|no_bar_pair,no_bar_pair,B(0),3(3),0.5532,0.5556,26.86,0.9931,0.19,
11859,3,teacher,agree|refine_failed|no_bar_pair,no_bar_pair,B(0),3(3),0.4528,0.4511,25.93,0.9932,0.21,
11860,3,teacher,agree|refine_failed|no_bar_pair,no_bar_pair,B(0),3(3),0.3328,0.3312,26.99,0.9906,0.26,
11861,3,teacher,agree|refine_failed|no_bar_pair,no_bar_pair,B(0),3(3),0.407,0.404,26.38,0.994,0.18,
11862,3,teacher,agree|refine_failed|no_bar_pair,no_bar_pair,B(0),3(3),0.4681,0.4672,27.5,0.9967,0.09,
11863,3,teacher,agree|refine_failed|no_bar_pair,no_bar_pair,B(0),3(3),0.5645,0.5645,24.74,0.9964,0.09,
11864,3,teacher,agree|refine_failed|no_bar_pair,no_bar_pair,B(0),3(3),0.5534,0.5534,24.93,0.9953,0.1,
11865,3,teacher,agree|refine_failed|no_bar_pair,no_bar_pair,B(0),3(3),0.3472,0.3478,25.16,0.9949,0.18,
11866,3,teacher,agree|refine_failed|no_bar_pair,no_bar_pair,B(0),3(3),0.5277,0.526,26.81,0.9963,0.1,
11867,3,teacher,agree|refine_failed|no_bar_pair,no_bar_pair,B(0),3(3),0.7049,0.705,27.35,0.997,0.11,
11868,3,teacher,agree|refine_failed|no_bar_pair,no_bar_pair,B(0),3(3),0.6962,0.6961,27.49,0.9942,0.16,
11869,3,teacher,agree|refine_failed|no_bar_pair,no_bar_pair,B(0),3(3),0.782,0.7796,27.71,0.9976,0.06,
1187 (2),0,teacher,agree|refine_failed|no_bar_pair,no_bar_pair,B(0),2(2),0.951,0.9511,148.77,0.9984,0.04,
11870,3,teacher,agree|refine_failed|no_bar_pair,no_bar_pair,B(0),3(3),0.8473,0.8468,27.58,0.9975,0.08,
11871,3,teacher,agree|refine_failed|no_bar_pair,no_bar_pair,B(0),3(3),0.9119,0.9111,27.16,0.9968,0.12,
11872,3,teacher,agree|refine_failed|no_bar_pair,no_bar_pair,B(0),3(3),0.9119,0.9117,27.08,0.9977,0.06,
11873,3,teacher,agree|refine_failed|no_bar_pair,no_bar_pair,B(0),3(3),0.9012,0.9014,27.74,0.9971,0.08,
11874,3,teacher,agree|refine_failed|no_bar_pair,no_bar_pair,B(0),3(3),0.9046,0.904,26.95,0.9992,0.03,
11880,3,teacher,agree|refine_failed|no_bar_pair,no_bar_pair,B(0),3(3),0.9213,0.9205,26.79,0.9966,0.09,
11888,3,teacher,agree|refine_skipped|plate_too_small|tiny,plate_too_small,B(0),O(6),0.6414,0.6406,11.69,0.9966,0.12,
11889,2,teacher,agree|refine_skipped|plate_too_small|tiny,plate_too_small,B(0),O(6),0.6226,0.6222,11.14,0.9968,0.14,
11890,3,teacher,agree|refine_skipped|plate_too_small|tiny,plate_too_small,B(0),O(6),0.4282,0.4298,10.7,0.9959,0.14,
11891,3,teacher,agree|refine_skipped|plate_too_small|tiny,plate_too_small,B(0),O(6),0.2975,0.2972,10.88,0.9952,0.19,
11892,3,teacher,agree|refine_skipped|plate_too_small|tiny,plate_too_small,B(0),O(6),0.5111,0.5081,11.91,0.9969,0.13,
11893,3,teacher,agree|refine_skipped|plate_too_small|tiny,plate_too_small,B(0),O(6),0.3873,0.3904,11.0,0.9934,0.24,
11894,3,teacher,agree|refine_skipped|plate_too_small|tiny,plate_too_small,B(0),O(6),0.4377,0.4343,11.33,0.9966,0.12,
11895,3,teacher,agree|refine_skipped|plate_too_small|tiny,plate_too_small,B(0),O(6),0.5231,0.5284,11.29,0.9973,0.11,
11896,3,teacher,agree|refine_skipped|plate_too_small|tiny,plate_too_small,B(0),O(6),0.6244,0.6267,11.95,0.9973,0.12,
11897,3,teacher,agree|refine_skipped|plate_too_small|tiny,plate_too_small,B(0),O(6),0.5042,0.5082,11.81,0.996,0.15,
11897,4,teacher,agree|refine_skipped|plate_too_small|tiny,plate_too_small,B(0),4(4),0.2582,0.2567,10.18,0.9942,0.24,
11898,4,teacher,agree|refine_skipped|plate_too_small|tiny,plate_too_small,B(0),4(4),0.4971,0.4955,11.05,0.9959,0.18,
11899,3,teacher,agree|refine_skipped|plate_too_small|tiny,plate_too_small,B(0),O(6),0.5863,0.5852,11.54,0.9981,0.09,
11900,4,teacher,agree|refine_skipped|plate_too_small|tiny,plate_too_small,B(0),O(6),0.4157,0.418,11.76,0.9966,0.15,
11901,3,teacher,agree|refine_skipped|plate_too_small|tiny,plate_too_small,B(0),4(4),0.7498,0.751,11.41,0.9965,0.16,
11901,4,teacher,agree|refine_skipped|plate_too_small|tiny,plate_too_small,B(0),O(6),0.5878,0.5904,11.31,0.9953,0.21,
11902,4,teacher,agree|refine_skipped|plate_too_small|tiny,plate_too_small,B(0),O(6),0.4423,0.4449,11.13,0.9965,0.12,
11903,4,teacher,agree|refine_skipped|plate_too_small|tiny,plate_too_small,B(0),O(6),0.6196,0.6255,11.31,0.9963,0.14,
11905,4,teacher,agree|refine_skipped|plate_too_small|tiny,plate_too_small,B(0),O(6),0.3702,0.3749,10.53,0.9948,0.19,
11906,0,teacher,agree|refine_failed|no_bar_pair,no_bar_pair,R(1),2(2),0.7159,0.7106,34.37,0.9971,0.11,
11941,2,teacher,conflict|conflict_cls|refine_skipped|plate_too_small,plate_too_small,B(0),2(2),0.3687,0.3638,18.65,0.9955,0.12,
11943,2,teacher,no_match|primary_only|refine_skipped|plate_too_small,plate_too_small,B(0),2(2),0.2519,,17.4,,,
11952,2,teacher,agree|refine_failed|no_bar_pair,no_bar_pair,B(0),3(3),0.8444,0.8451,26.49,0.9954,0.14,
11964,3,teacher,agree|refine_skipped|plate_too_small|tiny,plate_too_small,B(0),3(3),0.8855,0.8848,11.52,0.9977,0.1,
11974,3,teacher,agree|refine_skipped|plate_too_small|tiny,plate_too_small,B(0),3(3),0.8318,0.8313,11.55,0.9951,0.23,
11979,3,teacher,agree|refine_skipped|plate_too_small|tiny,plate_too_small,B(0),3(3),0.588,0.5882,11.69,0.9935,0.27,
1198 (2),1,teacher,agree|refine_failed|no_bar_pair,no_bar_pair,R(1),3(3),0.6576,0.6592,24.3,0.9788,0.7,
11980,3,teacher,agree|refine_skipped|plate_too_small|tiny,plate_too_small,B(0),3(3),0.6008,0.5937,10.29,0.9926,0.26,
11985,2,teacher,agree|refine_skipped|plate_too_small|tiny,plate_too_small,B(0),3(3),0.9033,0.9033,11.78,0.994,0.31,
1199,1,teacher,agree|refine_failed|no_bar_pair,no_bar_pair,R(1),3(3),0.94,0.9402,46.83,0.9975,0.08,
12002,0,teacher,agree|refine_failed|no_bar_pair,no_bar_pair,B(0),2(2),0.9501,0.9502,34.42,0.9979,0.06,
12002,1,teacher,agree|refine_failed|no_bar_pair,no_bar_pair,P(2),O(6),0.8179,0.8184,33.99,0.9961,0.09,
12003,1,teacher,agree|refine_skipped|plate_too_small|tiny,plate_too_small,B(0),2(2),0.45,0.4411,11.58,0.993,0.64,
12007,6,teacher,agree|refine_skipped|plate_too_small|tiny,plate_too_small,B(0),3(3),0.3651,0.362,10.13,0.994,0.21,
12008,6,teacher,agree|refine_skipped|plate_too_small|tiny,plate_too_small,B(0),3(3),0.5183,0.5234,9.11,0.9965,0.12,
12009,4,teacher,agree|refine_skipped|plate_too_small|tiny,plate_too_small,B(0),4(4),0.6244,0.6246,9.16,0.9993,0.02,
12010,3,teacher,agree|refine_failed|no_bar_pair,no_bar_pair,B(0),4(4),0.4425,0.4415,24.24,0.9985,0.06,
12010,5,teacher,agree|refine_skipped|plate_too_small|tiny,plate_too_small,B(0),3(3),0.4397,0.4401,8.9,0.997,0.1,
12011,5,teacher,agree|refine_skipped|plate_too_small|tiny,plate_too_small,B(0),3(3),0.5597,0.5596,8.95,0.9976,0.09,
12014,1,teacher,agree|refine_failed|no_bar_pair,no_bar_pair,B(0),4(4),0.9426,0.9422,28.18,0.9989,0.02,
12015,3,teacher,agree|refine_skipped|plate_too_small|tiny,plate_too_small,B(0),3(3),0.8019,0.7996,11.85,0.9963,0.14,
12015,4,teacher,agree|refine_failed|no_bar_pair,no_bar_pair,R(1),4(4),0.6849,0.6827,25.39,0.9978,0.06,
12018,1,teacher,agree|refine_failed|no_bar_pair,no_bar_pair,P(2),4(4),0.4042,0.4013,29.87,0.9964,0.1,
12019,1,teacher,agree|refine_failed|no_bar_pair,no_bar_pair,P(2),4(4),0.8475,0.8474,25.87,0.9978,0.07,
12041,2,teacher,agree|refine_failed|no_bar_pair,no_bar_pair,R(1),4(4),0.8611,0.8613,27.53,0.9979,0.08,
1207,1,teacher,agree|refine_failed|no_bar_pair,no_bar_pair,R(1),2(2),0.5137,0.5127,40.09,0.9982,0.08,
12078,2,teacher,agree|refine_failed|no_bar_pair,no_bar_pair,B(0),2(2),0.2758,0.2826,29.22,0.9977,0.11,
1208,1,teacher,agree|refine_failed|no_bar_pair,no_bar_pair,R(1),3(3),0.9336,0.932,58.22,0.9983,0.05,
1208,2,teacher,agree|refine_failed|no_bar_pair,no_bar_pair,B(0),2(2),0.8974,0.897,65.16,0.9979,0.06,
12083,1,teacher,agree|refine_failed|no_bar_pair,no_bar_pair,B(0),2(2),0.9139,0.9156,85.87,0.9962,0.13,
12084,0,teacher,agree|refine_failed|no_bar_pair,no_bar_pair,B(0),2(2),0.9128,0.914,84.66,0.9972,0.1,
12085,1,teacher,agree|refine_failed|no_bar_pair,no_bar_pair,B(0),2(2),0.8979,0.9009,84.28,0.9956,0.19,
12114,1,teacher,agree|refine_skipped|plate_too_small|tiny,plate_too_small,B(0),3(3),0.7443,0.7424,11.64,0.9946,0.24,
1212,1,teacher,agree|refine_failed|no_bar_pair,no_bar_pair,B(0),4(4),0.736,0.7348,31.92,0.9972,0.12,
12154,1,teacher,agree|refine_skipped|plate_too_small|tiny,plate_too_small,B(0),2(2),0.6961,0.6931,10.74,0.9971,0.12,
12156,2,teacher,agree|refine_skipped|plate_too_small|tiny,plate_too_small,B(0),2(2),0.5039,0.4965,8.61,0.994,0.2,
12159,1,teacher,agree|refine_skipped|plate_too_small|tiny,plate_too_small,B(0),2(2),0.2631,0.2569,7.81,0.9968,0.17,
12160,1,teacher,agree|refine_skipped|plate_too_small|tiny,plate_too_small,B(0),2(2),0.8724,0.8711,11.79,0.9966,0.1,
12182,1,teacher,agree|refine_skipped|plate_too_small|tiny,plate_too_small,B(0),3(3),0.2957,0.296,8.58,0.9959,0.22,
12190,1,teacher,agree|refine_skipped|plate_too_small|tiny,plate_too_small,B(0),3(3),0.6354,0.6312,11.12,0.9968,0.13,
12191,0,teacher,agree|refine_failed|no_bar_pair,no_bar_pair,R(1),3(3),0.6318,0.6319,40.71,0.9966,0.08,
12192,0,teacher,agree|refine_failed|no_bar_pair,no_bar_pair,R(1),3(3),0.9346,0.9347,44.23,0.9979,0.07,
12193,1,teacher,agree|refine_failed|no_bar_pair,no_bar_pair,R(1),3(3),0.9234,0.9246,42.68,0.9974,0.06,
12194,0,teacher,agree|refine_failed|no_bar_pair,no_bar_pair,R(1),3(3),0.904,0.9052,37.1,0.9978,0.08,
12196,0,teacher,agree|refine_failed|no_bar_pair,no_bar_pair,R(1),3(3),0.9117,0.912,44.02,0.9981,0.06,
12198,0,teacher,agree|refine_failed|no_bar_pair,no_bar_pair,B(0),3(3),0.8774,0.8776,27.51,0.9973,0.09,
12200,5,teacher,agree|refine_failed|no_bar_pair,no_bar_pair,R(1),4(4),0.5524,0.5564,26.17,0.9974,0.1,
12211,2,teacher,agree|refine_failed|no_bar_pair,no_bar_pair,P(2),3(3),0.8587,0.8598,26.76,0.9976,0.07,
12212,1,teacher,agree|refine_failed|no_bar_pair,no_bar_pair,P(2),3(3),0.7991,0.7964,28.48,0.9972,0.08,
12223,0,teacher,agree|refine_failed|no_bar_pair,no_bar_pair,P(2),3(3),0.8426,0.8427,27.43,0.9979,0.06,
12224,0,teacher,agree|refine_failed|no_bar_pair,no_bar_pair,P(2),3(3),0.8476,0.8534,29.31,0.9975,0.08,
12225,0,teacher,agree|refine_failed|no_bar_pair,no_bar_pair,P(2),3(3),0.8666,0.8693,29.05,0.9955,0.11,
12270,0,teacher,agree|refine_failed|no_bar_pair,no_bar_pair,R(1),3(3),0.6494,0.6465,61.83,0.9981,0.05,
1228,1,teacher,agree|refine_failed|no_bar_pair,no_bar_pair,R(1),2(2),0.9072,0.9065,45.55,0.9986,0.05,
12289,0,teacher,agree|refine_failed|no_bar_pair,no_bar_pair,B(0),4(4),0.9494,0.9491,54.66,0.9981,0.05,
12307,0,teacher,agree|refine_failed|no_bar_pair,no_bar_pair,B(0),4(4),0.9568,0.9563,42.77,0.9991,0.03,
1234,1,teacher,agree|refine_failed|no_bar_pair,no_bar_pair,R(1),2(2),0.895,0.8963,98.61,0.9991,0.03,
1235,0,teacher,agree|refine_failed|no_bar_pair,no_bar_pair,B(0),3(3),0.9304,0.9302,35.9,0.997,0.09,
1237,3,teacher,agree|refine_failed|no_bar_pair,no_bar_pair,R(1),2(2),0.6224,0.6165,40.15,0.9973,0.11,
124,0,teacher,agree|refine_failed|no_bar_pair,no_bar_pair,P(2),2(2),0.9231,0.9232,164.5,0.9791,0.68,
124,1,teacher,agree|refine_failed|no_bar_pair,no_bar_pair,R(1),2(2),0.868,0.8691,105.46,0.9986,0.07,
12404,1,teacher,agree|refine_failed|no_bar_pair,no_bar_pair,P(2),O(6),0.4308,0.4371,28.48,0.9924,0.2,
12414,1,teacher,agree|refine_failed|no_bar_pair,no_bar_pair,B(0),4(4),0.5191,0.519,25.36,0.9981,0.05,
12415,3,teacher,agree|refine_skipped|plate_too_small|tiny,plate_too_small,B(0),4(4),0.4591,0.4572,10.69,0.9925,0.18,
12415,4,teacher,agree|refine_failed|no_bar_pair,no_bar_pair,B(0),O(6),0.388,0.3989,26.86,0.9963,0.1,
12416,2,teacher,agree|refine_failed|no_bar_pair,no_bar_pair,B(0),O(6),0.7612,0.7624,30.76,0.998,0.06,
12432,2,teacher,agree|refine_skipped|plate_too_small|tiny,plate_too_small,B(0),2(2),0.3303,0.333,10.36,0.9947,0.21,
12525,2,teacher,agree|refine_failed|no_bar_pair,no_bar_pair,P(2),O(6),0.7365,0.7499,31.38,0.996,0.12,
12536,2,teacher,agree|refine_failed|no_bar_pair,no_bar_pair,P(2),O(6),0.855,0.8651,31.43,0.9953,0.13,
12538,3,teacher,agree|refine_failed|no_bar_pair,no_bar_pair,P(2),O(6),0.667,0.6816,33.19,0.995,0.2,
12539,4,teacher,agree|refine_skipped|plate_too_small|tiny,plate_too_small,B(0),4(4),0.4005,0.4058,9.8,0.9961,0.17,
12540,3,teacher,agree|refine_failed|no_bar_pair,no_bar_pair,P(2),O(6),0.6068,0.6178,30.84,0.9946,0.18,
12541,3,teacher,agree|refine_failed|no_bar_pair,no_bar_pair,P(2),O(6),0.6598,0.6714,29.49,0.9954,0.15,
12543,3,teacher,agree|refine_failed|no_bar_pair,no_bar_pair,P(2),O(6),0.7622,0.7715,31.22,0.9972,0.09,
12543,4,teacher,agree|refine_skipped|plate_too_small|tiny,plate_too_small,B(0),2(2),0.6768,0.6755,11.62,0.9965,0.16,
12547,3,teacher,agree|refine_skipped|plate_too_small|tiny,plate_too_small,B(0),2(2),0.6125,0.6101,10.15,0.9985,0.05,
12548,3,teacher,agree|refine_skipped|plate_too_small|tiny,plate_too_small,R(1),4(4),0.3652,0.3637,11.61,0.9951,0.16,
12549,3,teacher,agree|refine_skipped|plate_too_small|tiny,plate_too_small,R(1),4(4),0.3405,0.3358,11.17,0.9968,0.11,
12550,1,teacher,agree|refine_failed|no_bar_pair,no_bar_pair,P(2),O(6),0.8354,0.8485,34.1,0.9964,0.13,
12550,3,teacher,agree|refine_failed|no_bar_pair,no_bar_pair,B(0),3(3),0.5332,0.5263,27.37,0.9985,0.07,
12551,2,teacher,agree|refine_failed|no_bar_pair,no_bar_pair,P(2),O(6),0.8919,0.8977,33.56,0.9976,0.06,
12553,2,teacher,agree|refine_failed|no_bar_pair,no_bar_pair,P(2),O(6),0.9378,0.9374,39.36,0.9942,0.15,
12557,5,teacher,agree|refine_skipped|plate_too_small|tiny,plate_too_small,B(0),2(2),0.4076,0.4065,11.62,0.999,0.05,
12560,1,teacher,agree|refine_failed|no_bar_pair,no_bar_pair,R(1),4(4),0.934,0.9342,26.87,0.9981,0.07,
12573,1,teacher,agree|refine_failed|no_bar_pair,no_bar_pair,P(2),O(6),0.8353,0.8381,32.82,0.9958,0.11,
12573,2,teacher,agree|refine_failed|no_bar_pair,no_bar_pair,B(0),3(3),0.8251,0.8284,25.87,0.9977,0.07,
12577,6,teacher,agree|refine_failed|no_bar_pair,no_bar_pair,B(0),3(3),0.7205,0.716,28.04,0.9986,0.06,
12579,5,teacher,agree|refine_failed|no_bar_pair,no_bar_pair,P(2),O(6),0.5791,0.5922,25.89,0.9955,0.17,
1258,1,teacher,agree|refine_failed|no_bar_pair,no_bar_pair,R(1),2(2),0.5133,0.4998,39.82,0.995,0.33,
12581,5,teacher,agree|refine_failed|no_bar_pair,no_bar_pair,P(2),O(6),0.619,0.6198,27.05,0.9975,0.07,
12585,6,teacher,agree|refine_failed|no_bar_pair,no_bar_pair,B(0),3(3),0.9255,0.9247,26.41,0.9984,0.06,
12587,4,teacher,agree|refine_failed|no_bar_pair,no_bar_pair,B(0),2(2),0.7607,0.7593,41.93,0.9975,0.07,
12588,0,teacher,agree|refine_failed|no_bar_pair,no_bar_pair,B(0),3(3),0.9485,0.9482,29.98,0.9976,0.07,
12588,1,teacher,agree|refine_failed|no_bar_pair,no_bar_pair,B(0),2(2),0.9238,0.9254,39.87,0.9982,0.06,
12588,4,teacher,agree|refine_failed|no_bar_pair,no_bar_pair,P(2),O(6),0.2636,0.276,35.82,0.9937,0.17,
12590,0,teacher,conflict|conflict_cls|refine_failed|no_bar_pair,no_bar_pair,B(0),3(3),0.5524,0.5617,33.89,0.9908,0.33,
12592,0,teacher,agree|refine_failed|no_bar_pair,no_bar_pair,B(0),2(2),0.9035,0.903,41.89,0.9965,0.1,
12592,1,teacher,agree|refine_failed|no_bar_pair,no_bar_pair,B(0),2(2),0.6405,0.641,31.67,0.9975,0.06,
12650,0,teacher,agree|refine_failed|no_bar_pair,no_bar_pair,R(1),4(4),0.9378,0.9373,151.25,0.9992,0.03,
12651,0,teacher,agree|refine_failed|no_bar_pair,no_bar_pair,R(1),4(4),0.9161,0.9153,153.98,0.9992,0.03,
12652,0,teacher,agree|refine_failed|no_bar_pair,no_bar_pair,R(1),4(4),0.9253,0.9246,159.92,0.9988,0.04,
12710,2,teacher,agree|refine_skipped|plate_too_small|tiny,plate_too_small,B(0),2(2),0.252,0.2546,6.78,0.9933,0.32,
1272,1,teacher,agree|refine_failed|no_bar_pair,no_bar_pair,R(1),4(4),0.7551,0.7558,65.52,0.9973,0.09,
12731,2,teacher,agree|refine_skipped|plate_too_small|tiny,plate_too_small,B(0),2(2),0.6189,0.6203,11.54,0.9959,0.14,
12739,1,teacher,agree|refine_skipped|plate_too_small|tiny,plate_too_small,B(0),3(3),0.3661,0.3672,11.4,0.9947,0.23,
12741,1,teacher,agree|refine_skipped|plate_too_small|tiny,plate_too_small,B(0),3(3),0.5916,0.5901,10.82,0.9958,0.15,
12748,1,teacher,agree|refine_skipped|plate_too_small|tiny,plate_too_small,B(0),3(3),0.6619,0.661,10.03,0.9943,0.2,
12749,1,teacher,agree|refine_skipped|plate_too_small|tiny,plate_too_small,B(0),3(3),0.7597,0.7598,10.8,0.9958,0.13,
1276,2,teacher,agree|refine_failed|no_bar_pair,no_bar_pair,R(1),4(4),0.7276,0.7231,44.3,0.9965,0.14,
12769,1,teacher,agree|refine_skipped|plate_too_small|tiny,plate_too_small,B(0),2(2),0.3815,0.3814,9.17,0.9972,0.1,
12771,2,teacher,agree|refine_skipped|plate_too_small|tiny,plate_too_small,B(0),2(2),0.4773,0.4793,9.41,0.9965,0.1,
12778,0,teacher,agree|refine_failed|no_bar_pair,no_bar_pair,R(1),4(4),0.9304,0.9305,42.37,0.998,0.06,
12779,1,teacher,agree|refine_failed|no_bar_pair,no_bar_pair,R(1),4(4),0.8603,0.8613,45.61,0.9978,0.05,
12780,1,teacher,agree|refine_failed|no_bar_pair,no_bar_pair,R(1),4(4),0.4299,0.4299,41.82,0.997,0.09,
12788,1,teacher,agree|refine_failed|no_bar_pair,no_bar_pair,R(1),4(4),0.8791,0.8776,46.21,0.9985,0.04,
1279,0,teacher,conflict|conflict_cls|refine_skipped|plate_too_small,plate_too_small,B(0),2(2),0.4934,0.498,13.03,0.9887,0.39,
12797,1,teacher,agree|refine_failed|no_bar_pair,no_bar_pair,R(1),4(4),0.8732,0.8731,45.73,0.9972,0.08,
128,0,teacher,agree|refine_failed|no_bar_pair,no_bar_pair,B(0),2(2),0.7625,0.7663,40.86,0.9955,0.12,
1280,1,teacher,agree|refine_failed|no_bar_pair,no_bar_pair,R(1),3(3),0.926,0.9247,50.84,0.9974,0.09,
1298,4,teacher,agree|refine_failed|no_bar_pair,no_bar_pair,R(1),3(3),0.708,0.7066,188.66,0.9983,0.04,
13,1,teacher,agree|refine_failed|no_bar_pair,no_bar_pair,B(0),4(4),0.8357,0.8327,74.23,0.9962,0.11,
1304,1,teacher,agree|refine_failed|no_bar_pair,no_bar_pair,R(1),3(3),0.9479,0.9468,45.25,0.9988,0.05,
1313,0,teacher,agree|refine_failed|no_bar_pair,no_bar_pair,R(1),2(2),0.8846,0.8851,261.32,0.9983,0.04,
1313,1,teacher,agree|refine_failed|no_bar_pair,no_bar_pair,R(1),2(2),0.2775,0.2727,70.6,0.9986,0.06,
1319,0,teacher,agree|refine_failed|no_bar_pair,no_bar_pair,B(0),4(4),0.5645,0.5723,37.81,0.9951,0.19,
1322,1,teacher,agree|refine_failed|no_bar_pair,no_bar_pair,B(0),4(4),0.8921,0.8921,124.49,0.9985,0.05,
135,0,teacher,agree|refine_failed|no_bar_pair,no_bar_pair,B(0),3(3),0.9037,0.9032,270.91,0.9988,0.04,
1366,1,teacher,agree|refine_skipped|plate_too_small|tiny,plate_too_small,R(1),4(4),0.3002,0.2997,11.7,0.9902,0.29,
1375,0,teacher,agree|refine_failed|no_bar_pair,no_bar_pair,B(0),2(2),0.9642,0.9643,355.91,0.9995,0.01,
1394,1,teacher,agree|refine_failed|no_bar_pair,no_bar_pair,B(0),4(4),0.6698,0.6727,35.8,0.9909,0.4,
1398,0,teacher,agree|refine_failed|no_bar_pair,no_bar_pair,B(0),2(2),0.9534,0.9534,82.39,0.997,0.07,
140,0,teacher,agree|refine_failed|no_bar_pair,no_bar_pair,R(1),3(3),0.9528,0.9534,53.61,0.9972,0.11,
140,2,teacher,agree|refine_failed|no_bar_pair,no_bar_pair,R(1),2(2),0.8257,0.8263,37.2,0.9953,0.21,
1402,1,teacher,agree|refine_skipped|plate_too_small|tiny,plate_too_small,B(0),4(4),0.5238,0.5273,11.98,0.9829,0.53,
1404_14,0,teacher,conflict|conflict_iou|refine_skipped|plate_too_small,plate_too_small,R(1),3(3),0.8614,0.932,20.08,0.8233,4.69,
141,0,teacher,agree|refine_failed|no_bar_pair,no_bar_pair,R(1),3(3),0.91,0.9095,112.45,0.9985,0.06,
141,1,teacher,agree|refine_failed|no_bar_pair,no_bar_pair,R(1),3(3),0.8809,0.8795,186.52,0.9979,0.08,
1411,1,teacher,agree|refine_failed|no_bar_pair,no_bar_pair,R(1),2(2),0.2633,0.2599,36.18,0.9982,0.08,
1417,1,teacher,agree|refine_failed|no_bar_pair,no_bar_pair,R(1),4(4),0.8735,0.8737,56.44,0.9961,0.14,
1420,1,teacher,agree|refine_failed|no_bar_pair,no_bar_pair,B(0),3(3),0.3492,0.3594,30.07,0.9948,0.18,
1427,1,teacher,agree|refine_failed|no_bar_pair,no_bar_pair,R(1),2(2),0.5632,0.5599,41.75,0.9985,0.1,
143,1,refine,conflict|conflict_cls|refine_ok,,R(1),2(2),0.6566,0.6573,27.46,0.9979,0.11,2.51
1442,0,teacher,agree|refine_failed|no_bar_pair,no_bar_pair,B(0),3(3),0.3942,0.3978,33.41,0.9935,0.18,
1453,2,teacher,agree|refine_failed|no_bar_pair,no_bar_pair,B(0),4(4),0.8587,0.859,56.26,0.9987,0.06,
1454,1,teacher,agree|refine_failed|no_bar_pair,no_bar_pair,B(0),4(4),0.438,0.4322,26.64,0.9958,0.18,
1464,0,teacher,agree|refine_failed|no_bar_pair,no_bar_pair,B(0),4(4),0.7179,0.7181,47.73,0.9985,0.04,
1467,0,teacher,agree|refine_failed|no_bar_pair,no_bar_pair,B(0),4(4),0.4557,0.4452,79.92,0.9979,0.11,
1479,2,teacher,agree|refine_failed|no_bar_pair,no_bar_pair,B(0),4(4),0.9343,0.9352,78.27,0.9988,0.04,
1490,0,teacher,agree|refine_failed|no_bar_pair,no_bar_pair,P(2),4(4),0.9297,0.9297,68.61,0.9971,0.11,
1490,1,teacher,agree|refine_failed|no_bar_pair,no_bar_pair,P(2),4(4),0.2851,0.2822,38.25,0.9985,0.07,
1500,0,teacher,agree|refine_failed|no_bar_pair,no_bar_pair,B(0),2(2),0.6837,0.6832,119.41,0.9989,0.05,
1508,1,teacher,agree|refine_failed|no_bar_pair,no_bar_pair,R(1),2(2),0.8985,0.8975,60.38,0.9973,0.09,
150_17,0,teacher,agree|refine_failed|no_bar_pair,no_bar_pair,B(0),4(4),0.8198,0.5363,60.58,0.904,3.23,
1512,1,teacher,agree|refine_failed|no_bar_pair,no_bar_pair,B(0),4(4),0.8729,0.8712,95.13,0.9979,0.09,
1515,0,teacher,agree|refine_failed|no_bar_pair,no_bar_pair,B(0),2(2),0.6952,0.6943,34.99,0.9982,0.06,
1517,0,teacher,agree|refine_failed|no_bar_pair,no_bar_pair,B(0),4(4),0.7214,0.7214,57.69,0.9977,0.06,
1519,4,teacher,conflict|conflict_cls|refine_skipped|plate_too_small,plate_too_small,B(0),3(3),0.3779,0.3766,19.88,0.9962,0.14,
1522_14,0,teacher,no_match|primary_only|refine_failed|no_bar_pair,no_bar_pair,P(2),3(3),0.3012,,41.22,,,
1523,1,teacher,agree|refine_failed|no_bar_pair,no_bar_pair,P(2),4(4),0.5488,0.5507,31.55,0.9973,0.09,
1530,0,teacher,agree|refine_failed|no_bar_pair,no_bar_pair,R(1),3(3),0.7314,0.7309,28.11,0.9933,0.14,
1533,0,teacher,agree|refine_failed|no_bar_pair,no_bar_pair,B(0),4(4),0.9295,0.9296,99.3,0.9969,0.09,
1552,0,teacher,agree|refine_failed|no_bar_pair,no_bar_pair,R(1),4(4),0.8878,0.887,56.13,0.9975,0.07,
1557,0,teacher,agree|refine_failed|no_bar_pair,no_bar_pair,B(0),2(2),0.8487,0.8496,52.52,0.9966,0.1,
1557,1,teacher,agree|refine_failed|no_bar_pair,no_bar_pair,B(0),2(2),0.7952,0.7946,29.62,0.9975,0.09,
155_17,0,teacher,agree|refine_failed|no_bar_pair,no_bar_pair,B(0),4(4),0.8702,0.8314,77.97,0.963,1.16,
157,2,teacher,agree|refine_failed|no_bar_pair,no_bar_pair,B(0),4(4),0.53,0.5294,31.46,0.9946,0.22,
1578,0,teacher,agree|refine_failed|no_bar_pair,no_bar_pair,B(0),3(3),0.9296,0.929,516.66,0.9986,0.05,
1581,2,teacher,agree|refine_failed|no_bar_pair,no_bar_pair,R(1),3(3),0.601,0.5981,40.78,0.9979,0.09,
1583,1,teacher,agree|refine_failed|no_bar_pair,no_bar_pair,B(0),2(2),0.7211,0.722,39.18,0.9966,0.14,
1589,1,teacher,agree|refine_failed|no_bar_pair,no_bar_pair,R(1),4(4),0.8676,0.867,81.53,0.9988,0.03,
1590,2,teacher,agree|refine_failed|no_bar_pair,no_bar_pair,R(1),2(2),0.9035,0.9037,47.64,0.9949,0.13,
1592,1,teacher,conflict|conflict_cls|refine_skipped|plate_too_small,plate_too_small,R(1),4(4),0.377,0.3699,13.31,0.9868,0.4,
161,0,teacher,agree|refine_failed|no_bar_pair,no_bar_pair,R(1),3(3),0.8187,0.8213,133.11,0.9989,0.03,
1615,1,teacher,agree|refine_failed|no_bar_pair,no_bar_pair,R(1),2(2),0.6072,0.6036,45.25,0.9983,0.07,
1618,0,teacher,agree|refine_failed|no_bar_pair,no_bar_pair,B(0),2(2),0.5871,0.5812,49.4,0.9949,0.16,
1619,0,teacher,agree|refine_failed|no_bar_pair,no_bar_pair,B(0),4(4),0.9306,0.9303,227.26,0.9998,0.01,
1620,0,teacher,agree|refine_failed|no_bar_pair,no_bar_pair,B(0),4(4),0.8898,0.8912,233.08,0.9985,0.05,
163,2,teacher,agree|refine_failed|no_bar_pair,no_bar_pair,R(1),2(2),0.7183,0.7199,58.66,0.9973,0.09,
1635,0,teacher,agree|refine_failed|no_bar_pair,no_bar_pair,R(1),4(4),0.8329,0.8376,152.53,0.9957,0.1,
164,0,teacher,agree|refine_failed|no_bar_pair,no_bar_pair,R(1),2(2),0.8982,0.8976,402.77,0.9987,0.04,
1640,0,teacher,agree|refine_failed|no_bar_pair,no_bar_pair,R(1),2(2),0.9218,0.9209,167.13,0.9965,0.1,
1641,0,teacher,agree|refine_failed|no_bar_pair,no_bar_pair,B(0),2(2),0.7541,0.7473,33.9,0.9947,0.2,
1643,0,teacher,agree|refine_failed|no_bar_pair,no_bar_pair,B(0),4(4),0.9087,0.9108,244.93,0.997,0.08,
1643,1,teacher,agree|refine_failed|no_bar_pair,no_bar_pair,R(1),2(2),0.5599,0.5563,44.01,0.9982,0.08,
1647,1,teacher,agree|refine_failed|no_bar_pair,no_bar_pair,R(1),2(2),0.7615,0.7566,25.4,0.9935,0.28,
1655,1,teacher,agree|refine_failed|no_bar_pair,no_bar_pair,R(1),2(2),0.6945,0.7085,26.33,0.9781,0.99,
1661,1,teacher,agree|refine_failed|no_bar_pair,no_bar_pair,P(2),4(4),0.5669,0.5723,41.48,0.9975,0.11,
1662,0,teacher,agree|refine_failed|no_bar_pair,no_bar_pair,R(1),2(2),0.6799,0.6684,228.56,0.9975,0.06,
1670,0,teacher,agree|refine_failed|no_bar_pair,no_bar_pair,B(0),2(2),0.8522,0.8504,28.07,0.9957,0.1,
1671,2,teacher,agree|refine_failed|no_bar_pair,no_bar_pair,B(0),4(4),0.599,0.5986,25.52,0.9936,0.23,
1672,0,teacher,agree|refine_failed|no_bar_pair,no_bar_pair,R(1),2(2),0.8024,0.7974,55.49,0.9965,0.15,
1695,1,teacher,agree|refine_failed|no_bar_pair,no_bar_pair,B(0),2(2),0.8392,0.8398,88.63,0.9984,0.09,
1697,0,teacher,agree|refine_failed|no_bar_pair,no_bar_pair,B(0),4(4),0.9733,0.9734,402.26,0.9985,0.03,
1698,0,teacher,agree|refine_failed|no_bar_pair,no_bar_pair,R(1),2(2),0.9512,0.951,82.07,0.9989,0.04,
1703,0,teacher,agree|refine_failed|no_bar_pair,no_bar_pair,R(1),4(4),0.4324,0.4131,25.62,0.9928,0.22,
1708,2,teacher,agree|refine_failed|no_bar_pair,no_bar_pair,B(0),4(4),0.345,0.3438,29.68,0.9925,0.28,
172,1,teacher,agree|refine_failed|no_bar_pair,no_bar_pair,R(1),4(4),0.8933,0.8926,116.61,0.999,0.03,
1721,0,teacher,agree|refine_failed|no_bar_pair,no_bar_pair,R(1),3(3),0.4552,0.4514,174.85,0.9973,0.07,
1725,1,teacher,agree|refine_failed|no_bar_pair,no_bar_pair,R(1),4(4),0.6105,0.6064,35.2,0.9926,0.38,
1740,0,teacher,agree|refine_failed|no_bar_pair,no_bar_pair,R(1),2(2),0.3111,0.3075,52.59,0.9968,0.11,
1744,0,teacher,agree|refine_failed|no_bar_pair,no_bar_pair,B(0),4(4),0.977,0.9771,393.38,0.9845,0.46,
1747,0,teacher,agree|refine_failed|no_bar_pair,no_bar_pair,B(0),4(4),0.9675,0.9675,397.95,0.9983,0.04,
1749,0,teacher,agree|refine_failed|no_bar_pair,no_bar_pair,B(0),4(4),0.9606,0.9606,374.54,0.998,0.06,
1751,0,teacher,agree|refine_failed|no_bar_pair,no_bar_pair,B(0),4(4),0.9621,0.962,386.38,0.9991,0.02,
1754,1,teacher,agree|refine_failed|no_bar_pair,no_bar_pair,R(1),2(2),0.7192,0.6993,39.22,0.994,0.24,
1760,1,teacher,agree|refine_failed|no_bar_pair,no_bar_pair,R(1),O(6),0.4909,0.4919,28.44,0.997,0.06,
1761,1,teacher,agree|refine_failed|no_bar_pair,no_bar_pair,R(1),4(4),0.8229,0.8207,43.35,0.9974,0.11,
177,0,teacher,agree|refine_failed|no_bar_pair,no_bar_pair,R(1),4(4),0.928,0.9279,259.13,0.9992,0.02,
1770,0,teacher,agree|refine_failed|no_bar_pair,no_bar_pair,B(0),4(4),0.9625,0.9618,361.66,0.9985,0.04,
1771,0,teacher,agree|refine_failed|no_bar_pair,no_bar_pair,R(1),2(2),0.3413,0.3321,37.01,0.9981,0.05,
1772,1,teacher,agree|refine_failed|no_bar_pair,no_bar_pair,R(1),2(2),0.855,0.8554,39.17,0.9985,0.05,
1773,0,teacher,agree|refine_failed|no_bar_pair,no_bar_pair,R(1),2(2),0.5922,0.5935,118.3,0.9992,0.02,
1773,1,teacher,agree|refine_failed|no_bar_pair,no_bar_pair,B(0),2(2),0.4299,0.4233,103.19,0.9973,0.14,
1775_14,0,teacher,agree|refine_failed|no_bar_pair,no_bar_pair,R(1),3(3),0.8988,0.9634,74.53,0.9659,1.32,
1776,1,teacher,agree|refine_failed|no_bar_pair,no_bar_pair,R(1),4(4),0.8466,0.8427,71.91,0.998,0.08,
1780,0,teacher,agree|refine_failed|no_bar_pair,no_bar_pair,R(1),4(4),0.6181,0.6125,44.23,0.9945,0.2,
1786,1,teacher,agree|refine_failed|no_bar_pair,no_bar_pair,R(1),4(4),0.7529,0.755,71.53,0.9983,0.07,
179,1,teacher,agree|refine_failed|no_bar_pair,no_bar_pair,B(0),2(2),0.6549,0.6549,86.75,0.9965,0.19,
1797,1,teacher,agree|refine_failed|no_bar_pair,no_bar_pair,R(1),4(4),0.6297,0.6284,60.08,0.9984,0.08,
1799,1,teacher,agree|refine_failed|no_bar_pair,no_bar_pair,B(0),2(2),0.7112,0.7104,57.14,0.9983,0.08,
1804,1,teacher,agree|refine_failed|no_bar_pair,no_bar_pair,R(1),4(4),0.8016,0.8048,87.57,0.9986,0.05,
181,1,teacher,agree|refine_failed|no_bar_pair,no_bar_pair,B(0),2(2),0.2619,0.2683,33.93,0.9974,0.07,
1813,1,teacher,agree|refine_failed|no_bar_pair,no_bar_pair,R(1),4(4),0.3608,0.3595,41.73,0.9982,0.07,
1819,1,teacher,agree|refine_failed|no_bar_pair,no_bar_pair,R(1),4(4),0.2895,0.2889,71.43,0.9978,0.08,
182,0,teacher,agree|refine_failed|no_bar_pair,no_bar_pair,R(1),2(2),0.3094,0.306,31.0,0.9942,0.12,
1822,1,teacher,agree|refine_failed|no_bar_pair,no_bar_pair,P(2),O(6),0.7441,0.731,120.47,0.9898,0.36,
1822,2,teacher,agree|refine_failed|no_bar_pair,no_bar_pair,R(1),2(2),0.2898,0.2843,36.29,0.9923,0.32,
1831,0,teacher,agree|refine_failed|no_bar_pair,no_bar_pair,R(1),2(2),0.6582,0.6493,87.38,0.9968,0.11,
1831,1,teacher,agree|refine_failed|no_bar_pair,no_bar_pair,R(1),2(2),0.5589,0.5396,173.52,0.9853,0.33,
1845,0,teacher,agree|refine_failed|no_bar_pair,no_bar_pair,R(1),2(2),0.4865,0.4766,229.61,0.9952,0.11,
1854,1,teacher,agree|refine_failed|no_bar_pair,no_bar_pair,R(1),O(6),0.655,0.6562,29.86,0.9976,0.07,
1859,4,teacher,agree|refine_failed|no_bar_pair,no_bar_pair,B(0),4(4),0.6782,0.6793,34.12,0.9964,0.14,
187,1,teacher,agree|refine_failed|no_bar_pair,no_bar_pair,R(1),2(2),0.9005,0.9003,62.61,0.9986,0.05,
1871,1,teacher,agree|refine_failed|no_bar_pair,no_bar_pair,B(0),4(4),0.7646,0.76,49.39,0.9947,0.2,
1874,3,teacher,agree|refine_failed|no_bar_pair,no_bar_pair,R(1),O(6),0.5436,0.5608,34.76,0.9879,0.35,
1881,2,teacher,agree|refine_failed|no_bar_pair,no_bar_pair,B(0),2(2),0.9284,0.9281,106.93,0.9972,0.08,
1883,0,teacher,agree|refine_failed|no_bar_pair,no_bar_pair,R(1),7(0),0.3335,0.3312,130.71,0.9961,0.08,
1891,0,refine,conflict|conflict_cls|refine_ok,,B(0),3(3),0.565,0.5688,29.73,0.9948,0.19,2.87
1892,0,teacher,agree|refine_failed|no_bar_pair,no_bar_pair,B(0),2(2),0.6174,0.6132,34.69,0.9964,0.13,
1896,1,teacher,agree|refine_failed|no_bar_pair,no_bar_pair,B(0),2(2),0.7393,0.7325,46.94,0.9966,0.1,
1898,1,teacher,agree|refine_failed|no_bar_pair,no_bar_pair,B(0),2(2),0.2654,0.2539,32.64,0.9915,0.44,
1900,0,teacher,agree|refine_failed|no_bar_pair,no_bar_pair,P(2),2(2),0.9156,0.9137,60.44,0.9971,0.09,
1926,1,teacher,agree|refine_failed|no_bar_pair,no_bar_pair,B(0),2(2),0.7013,0.7003,31.08,0.9956,0.18,
1942,0,teacher,agree|refine_failed|no_bar_pair,no_bar_pair,P(2),3(3),0.3081,0.3007,39.88,0.9938,0.21,
1944,1,teacher,agree|refine_failed|no_bar_pair,no_bar_pair,P(2),3(3),0.4957,0.4877,40.11,0.9933,0.26,
1948,0,teacher,agree|refine_failed|no_bar_pair,no_bar_pair,B(0),3(3),0.8375,0.8357,24.69,0.9911,0.53,
194_17,0,teacher,conflict|conflict_kpt|refine_failed|no_bar_pair,no_bar_pair,B(0),4(4),0.8387,0.857,77.51,0.8627,5.19,
1953,1,teacher,agree|refine_failed|no_bar_pair,no_bar_pair,B(0),2(2),0.9143,0.9145,51.86,0.9985,0.04,
1956,0,teacher,agree|refine_failed|no_bar_pair,no_bar_pair,B(0),3(3),0.8056,0.8045,47.95,0.9952,0.14,
1956,1,teacher,agree|refine_failed|no_bar_pair,no_bar_pair,B(0),3(3),0.3615,0.3611,54.81,0.9969,0.09,
1958,1,teacher,agree|refine_failed|no_bar_pair,no_bar_pair,B(0),2(2),0.5858,0.5969,25.72,0.9956,0.16,
1960_14,2,teacher,agree|refine_failed|no_bar_pair,no_bar_pair,P(2),O(6),0.8051,0.7365,38.41,0.9342,1.74,
1961_14,1,refine,conflict|conflict_cls|refine_ok,,B(0),O(6),0.6247,0.8585,47.51,0.8813,3.85,3.75
1964_14,1,teacher,conflict|conflict_iou|conflict_kpt|refine_skipped|plate_too_small,plate_too_small,B(0),2(2),0.679,0.8147,22.36,0.8187,8.77,
1964_14,2,teacher,conflict|conflict_iou|conflict_kpt|refine_skipped|plate_too_small,plate_too_small,R(1),2(2),0.5253,0.636,12.42,0.8187,10.56,
1965_14,1,teacher,conflict|conflict_iou|conflict_kpt|conflict_cls|refine_failed|no_bar_pair,no_bar_pair,R(1),7(0),0.7726,0.5961,28.92,0.8394,8.21,
1966_14,3,refine,no_match|secondary_only|refine_ok,,B(0),7(0),,0.9034,39.22,,,1.76
1967,0,teacher,agree|refine_failed|no_bar_pair,no_bar_pair,R(1),2(2),0.8181,0.8169,47.52,0.9974,0.1,
1967_14,1,teacher,agree|refine_failed|no_bar_pair,no_bar_pair,P(2),O(6),0.8808,0.83,39.47,0.8788,2.84,
1968_12,3,teacher,conflict|conflict_iou|conflict_kpt|conflict_cls|refine_skipped|plate_too_small|tiny,plate_too_small,B(0),3(3),0.8403,0.7994,11.9,0.7933,7.17,
1969_14,0,teacher,agree|refine_failed|no_bar_pair,no_bar_pair,B(0),2(2),0.9274,0.9118,47.67,0.9251,2.97,
1970_14,1,teacher,conflict|conflict_kpt|refine_failed|no_bar_pair,no_bar_pair,P(2),O(6),0.9004,0.8706,37.24,0.8663,5.68,
1970_14,2,teacher,conflict|conflict_iou|conflict_kpt|refine_failed|no_bar_pair,no_bar_pair,B(0),2(2),0.764,0.2521,49.79,0.8382,5.85,
1970_14,4,teacher,no_match|primary_only|refine_skipped|plate_too_small,plate_too_small,B(0),4(4),0.7331,,21.1,,,
1970_14,5,teacher,no_match|secondary_only|refine_skipped|plate_too_small,plate_too_small,B(0),4(4),,0.5383,16.8,,,
1971,1,teacher,agree|refine_failed|no_bar_pair,no_bar_pair,P(2),2(2),0.8548,0.8555,54.44,0.9951,0.16,
1971_14,1,teacher,agree|refine_failed|no_bar_pair,no_bar_pair,P(2),O(6),0.6955,0.8778,39.78,0.892,2.28,
1973_14,1,teacher,agree|refine_failed|no_bar_pair,no_bar_pair,P(2),O(6),0.8926,0.8723,41.01,0.9053,2.25,
1977_12,2,teacher,conflict|conflict_kpt|refine_failed|no_bar_pair,no_bar_pair,B(0),2(2),0.9183,0.8239,28.82,0.8966,5.58,
1978_14,1,teacher,agree|refine_failed|no_bar_pair,no_bar_pair,P(2),O(6),0.8426,0.8664,39.86,0.9474,1.27,
198,1,teacher,agree|refine_failed|no_bar_pair,no_bar_pair,B(0),4(4),0.9084,0.9085,72.09,0.9984,0.04,
1980_14,2,teacher,conflict|conflict_iou|conflict_kpt|refine_skipped|plate_too_small,plate_too_small,B(0),2(2),0.5444,0.5107,23.68,0.7729,8.89,
1981_14,1,teacher,conflict|conflict_kpt|refine_failed|no_bar_pair,no_bar_pair,B(0),7(0),0.7568,0.8105,28.11,0.8566,6.52,
1983_14,1,teacher,agree|refine_failed|no_bar_pair,no_bar_pair,P(2),O(6),0.7725,0.8056,38.41,0.9063,2.78,
1984_12,3,teacher,conflict|conflict_iou|conflict_kpt|refine_skipped|plate_too_small|tiny,plate_too_small,B(0),3(3),0.7496,0.7835,11.67,0.8191,6.9,
1984_12,4,teacher,conflict|conflict_iou|conflict_kpt|refine_skipped|plate_too_small,plate_too_small,B(0),2(2),0.5412,0.5341,15.75,0.8173,9.98,
1987,1,teacher,agree|refine_failed|no_bar_pair,no_bar_pair,B(0),2(2),0.629,0.6369,32.2,0.9939,0.27,
198_17,0,teacher,agree|refine_failed|no_bar_pair,no_bar_pair,B(0),4(4),0.8094,0.7496,65.02,0.8839,2.86,
1991_12,1,teacher,agree|refine_skipped|plate_too_small|tiny,plate_too_small,B(0),3(3),0.9132,0.8856,11.54,0.9121,3.24,
1994,1,teacher,agree|refine_failed|no_bar_pair,no_bar_pair,P(2),2(2),0.6834,0.6878,50.56,0.9932,0.26,
1998,1,teacher,agree|refine_failed|no_bar_pair,no_bar_pair,P(2),2(2),0.4008,0.4092,42.0,0.99,0.46,
2001_14,1,teacher,agree|refine_failed|no_bar_pair,no_bar_pair,B(0),2(2),0.8951,0.8461,68.04,0.9471,1.31,
2001_14,2,teacher,conflict|conflict_kpt|refine_failed|no_bar_pair,no_bar_pair,B(0),4(4),0.6872,0.3328,43.53,0.8557,7.54,
2002_14,1,teacher,agree|refine_failed|no_bar_pair,no_bar_pair,P(2),O(6),0.9077,0.8535,39.94,0.9332,1.51,
2004,0,teacher,agree|refine_failed|no_bar_pair,no_bar_pair,B(0),3(3),0.6967,0.6974,29.55,0.9914,0.22,
2004_14,1,teacher,agree|refine_failed|no_bar_pair,no_bar_pair,P(2),O(6),0.7692,0.7727,39.94,0.9114,2.79,
2005_14,2,teacher,conflict|conflict_iou|refine_failed|no_bar_pair,no_bar_pair,P(2),O(6),0.7855,0.6407,39.64,0.8073,4.48,
2005_14,3,teacher,no_match|primary_only|refine_failed|no_bar_pair,no_bar_pair,B(0),2(2),0.591,,48.62,,,
2006_14,2,teacher,agree|refine_failed|no_bar_pair,no_bar_pair,P(2),3(3),0.8266,0.8463,70.39,0.8796,4.62,
2006_14,3,teacher,conflict|conflict_iou|conflict_kpt|refine_failed|no_bar_pair,no_bar_pair,P(2),3(3),0.8213,0.6417,40.78,0.8277,7.53,
2007_14,0,teacher,agree|refine_failed|no_bar_pair,no_bar_pair,B(0),2(2),0.9657,0.8733,39.43,0.9025,3.49,
2007_14,1,teacher,agree|refine_failed|no_bar_pair,no_bar_pair,P(2),3(3),0.8953,0.9178,71.98,0.9525,1.28,
2007_14,2,teacher,conflict|conflict_kpt|refine_failed|no_bar_pair,no_bar_pair,P(2),3(3),0.8592,0.8766,38.35,0.8779,5.54,
2010,1,teacher,agree|refine_failed|no_bar_pair,no_bar_pair,B(0),2(2),0.6889,0.697,32.81,0.9946,0.19,
2012_14,1,teacher,agree|refine_failed|no_bar_pair,no_bar_pair,P(2),O(6),0.921,0.8886,39.66,0.9144,2.14,
2013_14,1,teacher,no_match|secondary_only|refine_skipped|plate_too_small,plate_too_small,B(0),3(3),,0.2647,18.22,,,
2014_14,1,teacher,agree|refine_failed|no_bar_pair,no_bar_pair,P(2),4(4),0.8662,0.8121,42.35,0.8863,4.03,
2014_14,2,teacher,conflict|conflict_kpt|refine_skipped|plate_too_small,plate_too_small,B(0),2(2),0.5363,0.3546,22.68,0.8925,5.23,
2016_12,0,teacher,agree|refine_failed|no_bar_pair,no_bar_pair,P(2),O(6),0.9036,0.8934,42.31,0.9699,1.06,
2018,1,teacher,agree|refine_failed|no_bar_pair,no_bar_pair,P(2),2(2),0.6234,0.6376,50.11,0.9942,0.27,
2018_14,1,teacher,agree|refine_failed|no_bar_pair,no_bar_pair,B(0),4(4),0.9273,0.8359,46.91,0.9218,2.59,
2018_14,2,teacher,no_match|primary_only|refine_skipped|plate_too_small,plate_too_small,B(0),2(2),0.6965,,16.81,,,
20240406-010047,0,teacher,agree|refine_failed|no_bar_pair,no_bar_pair,R(1),O(6),0.7844,0.7813,56.48,0.9911,0.29,
20240406-010116,0,teacher,agree|refine_failed|no_bar_pair,no_bar_pair,P(2),7(0),0.8918,0.8901,66.22,0.9932,0.19,
2024_14,2,teacher,conflict|conflict_iou|conflict_kpt|refine_skipped|plate_too_small|tiny,plate_too_small,B(0),3(3),0.8638,0.6964,11.68,0.836,6.85,
2024_14,3,teacher,conflict|conflict_cls|refine_skipped|plate_too_small,plate_too_small,B(0),3(3),0.8575,0.8896,15.32,0.8684,4.46,
2027_14,2,teacher,no_match|secondary_only|refine_skipped|plate_too_small,plate_too_small,R(1),3(3),,0.4656,13.59,,,
2030_14,1,teacher,conflict|conflict_iou|conflict_kpt|refine_failed|no_bar_pair,no_bar_pair,P(2),O(6),0.2858,0.8467,37.14,0.7261,7.99,
2033_14,2,teacher,agree|refine_failed|no_bar_pair,no_bar_pair,P(2),O(6),0.9005,0.6928,42.15,0.9159,2.98,
2034_14,0,teacher,agree|refine_failed|no_bar_pair,no_bar_pair,B(0),2(2),0.9629,0.8942,78.89,0.9124,3.5,
2039_14,2,teacher,agree|refine_failed|no_bar_pair,no_bar_pair,P(2),O(6),0.8492,0.7921,40.62,0.9372,2.16,
2044_14,1,teacher,agree|refine_failed|no_bar_pair,no_bar_pair,R(1),2(2),0.933,0.7681,82.18,0.9342,2.53,
2046_12,0,teacher,agree|refine_failed|no_bar_pair,no_bar_pair,P(2),O(6),0.889,0.7236,40.42,0.9022,2.32,
2046_12,1,teacher,conflict|conflict_cls|refine_skipped|plate_too_small,plate_too_small,B(0),4(4),0.7893,0.6441,18.76,0.9198,2.33,
2046_12,2,teacher,conflict|conflict_cls|refine_skipped|plate_too_small,plate_too_small,B(0),2(2),0.3761,0.6293,18.05,0.8892,4.19,
2048_14,2,teacher,conflict|conflict_cls|refine_skipped|plate_too_small,plate_too_small,B(0),3(3),0.8636,0.7638,15.23,0.8914,3.37,
2048_14,3,teacher,conflict|conflict_iou|conflict_kpt|conflict_cls|refine_skipped|plate_too_small|tiny,plate_too_small,B(0),3(3),0.7833,0.7601,11.9,0.8112,6.95,
205,2,teacher,agree|refine_failed|no_bar_pair,no_bar_pair,R(1),4(4),0.4276,0.4212,29.44,0.998,0.07,
2050_14,0,teacher,conflict|conflict_kpt|refine_failed|no_bar_pair,no_bar_pair,B(0),2(2),0.8565,0.7647,56.04,0.8576,5.35,
2053_14,2,teacher,conflict|conflict_cls|refine_skipped|plate_too_small,plate_too_small,B(0),3(3),0.7993,0.792,14.45,0.8998,3.18,
2056_14,2,teacher,agree|refine_failed|no_bar_pair,no_bar_pair,P(2),3(3),0.8362,0.8265,68.5,0.9768,1.14,
2056_14,3,teacher,conflict|conflict_iou|conflict_kpt|refine_failed|no_bar_pair,no_bar_pair,P(2),3(3),0.6081,0.2624,41.73,0.6483,15.62,
2057_14,1,refine,conflict|conflict_cls|refine_ok,,B(0),7(0),0.7323,0.6874,52.81,0.9544,1.14,1.43
2059_14,0,teacher,agree|refine_failed|no_bar_pair,no_bar_pair,B(0),2(2),0.935,0.9381,76.24,0.9182,2.9,
206,0,teacher,agree|refine_failed|no_bar_pair,no_bar_pair,P(2),2(2),0.732,0.7345,171.78,0.9988,0.05,
206,1,teacher,agree|refine_failed|no_bar_pair,no_bar_pair,R(1),2(2),0.5782,0.5725,121.97,0.9988,0.04,
2060_14,0,teacher,agree|refine_failed|no_bar_pair,no_bar_pair,B(0),2(2),0.8701,0.8017,26.22,0.8819,2.87,
2063_14,2,teacher,conflict|conflict_cls|refine_skipped|plate_too_small,plate_too_small,B(0),3(3),0.8503,0.8666,14.82,0.9175,3.68,
2064_12,1,teacher,conflict|conflict_iou|refine_failed|no_bar_pair,no_bar_pair,P(2),O(6),0.4361,0.8287,39.36,0.8395,4.53,
2068_14,1,refine,conflict|conflict_cls|refine_ok,,B(0),7(0),0.5691,0.7049,52.19,0.9689,1.14,1.07
2070_14,1,teacher,agree|refine_failed|no_bar_pair,no_bar_pair,P(2),O(6),0.6553,0.8853,41.32,0.9151,2.42,
2072_14,0,teacher,agree|refine_failed|no_bar_pair,no_bar_pair,B(0),2(2),0.9411,0.9286,101.08,0.9613,1.47,
2073_14,1,teacher,agree|refine_failed|no_bar_pair,no_bar_pair,R(1),2(2),0.4724,0.2756,25.8,0.9275,4.06,
2075_14,1,teacher,conflict|conflict_cls|refine_failed|no_bar_pair,no_bar_pair,B(0),4(4),0.3328,0.2542,56.99,0.8615,3.78,
2076_14,2,teacher,conflict|conflict_kpt|refine_skipped|plate_too_small,plate_too_small,B(0),3(3),0.8892,0.8635,15.53,0.8588,5.83,
2076_14,3,teacher,conflict|conflict_iou|conflict_kpt|refine_skipped|plate_too_small|tiny,plate_too_small,B(0),3(3),0.8458,0.7748,11.5,0.8051,7.74,
2076_14,4,teacher,no_match|primary_only|refine_skipped|plate_too_small,plate_too_small,B(0),2(2),0.3248,,14.79,,,
2078_14,0,teacher,agree|refine_failed|no_bar_pair,no_bar_pair,R(1),2(2),0.9658,0.8479,109.27,0.9138,3.12,
2079_12,3,teacher,conflict|conflict_iou|conflict_kpt|refine_skipped|plate_too_small|tiny,plate_too_small,B(0),3(3),0.8108,0.7702,11.95,0.842,5.15,
2082_12,1,teacher,conflict|conflict_iou|conflict_kpt|refine_skipped|plate_too_small,plate_too_small,B(0),2(2),0.8037,0.7532,16.93,0.7692,12.38,
2082_12,2,teacher,agree|refine_failed|no_bar_pair,no_bar_pair,P(2),O(6),0.7833,0.923,37.35,0.9236,1.7,
2083_14,2,teacher,agree|refine_failed|no_bar_pair,no_bar_pair,R(1),3(3),0.8725,0.867,26.39,0.9211,3.55,
2084_14,0,teacher,conflict|conflict_iou|conflict_kpt|conflict_cls|refine_skipped|plate_too_small,plate_too_small,B(0),2(2),0.7619,0.6817,14.33,0.8314,8.53,
2085_14,2,teacher,conflict|conflict_iou|conflict_cls|refine_skipped|plate_too_small,plate_too_small,B(0),3(3),0.8088,0.805,14.77,0.8424,3.98,
2086_14,3,teacher,conflict|conflict_iou|conflict_kpt|refine_skipped|plate_too_small,plate_too_small,R(1),3(3),0.759,0.7856,14.86,0.7609,9.71,
2087_14,2,teacher,no_match|primary_only|refine_skipped|plate_too_small,plate_too_small,B(0),2(2),0.6099,,17.28,,,
2088_14,0,teacher,agree|refine_failed|no_bar_pair,no_bar_pair,B(0),2(2),0.8313,0.9225,85.36,0.9543,1.83,
2089_14,0,teacher,agree|refine_failed|no_bar_pair,no_bar_pair,B(0),2(2),0.8634,0.8354,44.58,0.936,3.08,
2093_14,2,teacher,no_match|primary_only|refine_skipped|plate_too_small,plate_too_small,B(0),3(3),0.6162,,17.33,,,
2099_14,0,teacher,agree|refine_failed|no_bar_pair,no_bar_pair,B(0),2(2),0.9294,0.9211,70.86,0.9608,1.15,
21,1,teacher,agree|refine_failed|no_bar_pair,no_bar_pair,R(1),3(3),0.3011,0.3001,34.98,0.9955,0.15,
2101_18,0,teacher,agree|refine_failed|no_bar_pair,no_bar_pair,P(2),O(6),0.9155,0.893,42.73,0.9191,1.63,
2101_18,2,teacher,conflict|conflict_cls|refine_skipped|plate_too_small,plate_too_small,B(0),2(2),0.5145,0.5314,17.6,0.9343,1.88,
2103_18,1,teacher,conflict|conflict_kpt|conflict_cls|refine_skipped|plate_too_small,plate_too_small,B(0),2(2),0.6249,0.5049,12.99,0.8843,5.05,
2104_18,0,teacher,conflict|conflict_kpt|refine_failed|no_bar_pair,no_bar_pair,B(0),2(2),0.8552,0.8556,45.16,0.8537,6.05,
2107_18,2,teacher,conflict|conflict_kpt|refine_skipped|plate_too_small,plate_too_small,R(1),2(2),0.4265,0.4054,18.23,0.8921,6.99,
2109_18,0,teacher,agree|refine_failed|no_bar_pair,no_bar_pair,B(0),2(2),0.7893,0.6816,45.04,0.9111,3.94,
2111_12,2,teacher,conflict|conflict_cls|refine_failed|no_bar_pair,no_bar_pair,B(0),2(2),0.9068,0.8941,36.34,0.9049,3.47,
2112_12,2,teacher,no_match|secondary_only|refine_skipped|plate_too_small,plate_too_small,B(0),2(2),,0.2688,16.03,,,
2119_14,0,teacher,agree|refine_failed|no_bar_pair,no_bar_pair,B(0),2(2),0.9302,0.9498,47.73,0.9903,0.64,
2125_14,3,teacher,conflict|conflict_kpt|refine_skipped|plate_too_small,plate_too_small,B(0),3(3),0.7038,0.75,12.83,0.8619,6.09,
2125_14,4,teacher,conflict|conflict_iou|conflict_kpt|refine_skipped|plate_too_small,plate_too_small,B(0),2(2),0.4151,0.6354,15.31,0.8422,7.32,
2126_14,3,teacher,conflict|conflict_iou|conflict_kpt|refine_skipped|plate_too_small,plate_too_small,B(0),2(2),0.7349,0.2897,15.56,0.7825,12.11,
2126_14,4,teacher,agree|refine_skipped|plate_too_small|tiny,plate_too_small,B(0),3(3),0.7331,0.6932,11.49,0.9176,3.35,
2128_14,2,teacher,agree|refine_skipped|plate_too_small|tiny,plate_too_small,B(0),3(3),0.8853,0.7898,11.99,0.8663,4.71,
2128_14,3,teacher,conflict|conflict_iou|conflict_kpt|refine_skipped|plate_too_small,plate_too_small,B(0),3(3),0.8722,0.7873,15.51,0.7956,6.55,
2130_14,2,teacher,conflict|conflict_iou|conflict_kpt|refine_failed|no_bar_pair,no_bar_pair,P(2),O(6),0.7302,0.686,42.36,0.8388,6.58,
2131_14,1,teacher,agree|refine_failed|no_bar_pair,no_bar_pair,B(0),2(2),0.8926,0.7375,68.32,0.9273,2.37,
2134_14,1,teacher,conflict|conflict_iou|conflict_kpt|refine_skipped|plate_too_small,plate_too_small,R(1),2(2),0.8265,0.7476,15.69,0.8274,5.34,
2135_14,0,teacher,agree|refine_failed|no_bar_pair,no_bar_pair,R(1),2(2),0.957,0.7946,93.11,0.879,3.44,
214,1,teacher,agree|refine_failed|no_bar_pair,no_bar_pair,R(1),2(2),0.8414,0.8402,55.87,0.9984,0.06,
2142_14,0,teacher,agree|refine_failed|no_bar_pair,no_bar_pair,P(2),2(2),0.9139,0.8802,90.71,0.9709,0.75,
2142_14,1,teacher,agree|refine_failed|no_bar_pair,no_bar_pair,R(1),2(2),0.8304,0.8999,38.82,0.9154,4.4,
2143_12,0,teacher,conflict|conflict_iou|refine_failed|no_bar_pair,no_bar_pair,R(1),2(2),0.9197,0.8969,28.19,0.8399,3.99,
2147_14,0,teacher,agree|refine_failed|no_bar_pair,no_bar_pair,R(1),2(2),0.9391,0.8442,107.91,0.9327,1.85,
2147_14,1,teacher,agree|refine_failed|no_bar_pair,no_bar_pair,P(2),2(2),0.8347,0.8747,66.72,0.9473,2.24,
2147_14,2,teacher,no_match|secondary_only|refine_failed|no_bar_pair,no_bar_pair,R(1),2(2),,0.7004,28.58,,,
2149_14,0,teacher,agree|refine_failed|no_bar_pair,no_bar_pair,P(2),2(2),0.9605,0.9371,64.01,0.9506,1.45,
2150_14,1,teacher,conflict|conflict_iou|conflict_kpt|refine_skipped|plate_too_small|tiny,plate_too_small,R(1),2(2),0.5592,0.7789,11.77,0.8233,7.27,
2156_12,2,teacher,no_match|secondary_only|refine_failed|no_bar_pair,no_bar_pair,P(2),O(6),,0.2546,31.38,,,
2159_14,0,teacher,agree|refine_failed|no_bar_pair,no_bar_pair,P(2),2(2),0.9391,0.9506,64.77,0.9749,0.81,
2161_14,0,teacher,agree|refine_failed|no_bar_pair,no_bar_pair,R(1),2(2),0.8237,0.921,133.01,0.9086,3.08,
2163_14,0,teacher,agree|refine_failed|no_bar_pair,no_bar_pair,P(2),2(2),0.9202,0.9303,68.36,0.9444,1.74,
2163_14,1,teacher,agree|refine_failed|no_bar_pair,no_bar_pair,R(1),2(2),0.7561,0.9194,39.05,0.9071,4.41,
2165_12,0,teacher,agree|refine_failed|no_bar_pair,no_bar_pair,P(2),2(2),0.9167,0.9159,68.21,0.9468,1.81,
2165_12,1,teacher,agree|refine_failed|no_bar_pair,no_bar_pair,R(1),2(2),0.8505,0.9329,38.05,0.921,3.99,
2168_14,1,teacher,no_match|primary_only|refine_skipped|plate_too_small,plate_too_small,B(0),7(0),0.4419,,12.35,,,
2172_12,0,teacher,conflict|conflict_cls|refine_skipped|plate_too_small,plate_too_small,R(1),2(2),0.8601,0.6863,13.35,0.9189,2.74,
2172_12,1,teacher,conflict|conflict_iou|conflict_kpt|refine_skipped|plate_too_small|tiny,plate_too_small,R(1),2(2),0.6731,0.4515,11.92,0.8019,6.56,
2173_14,1,teacher,conflict|conflict_kpt|refine_skipped|plate_too_small,plate_too_small,R(1),2(2),0.6905,0.5621,12.77,0.8559,5.66,
2176_14,0,teacher,agree|refine_failed|no_bar_pair,no_bar_pair,R(1),2(2),0.8577,0.7658,24.38,0.942,1.65,
2178_14,1,teacher,agree|refine_failed|no_bar_pair,no_bar_pair,P(2),2(2),0.8878,0.9004,131.2,0.96,1.18,
2180_14,1,teacher,agree|refine_failed|no_bar_pair,no_bar_pair,R(1),2(2),0.5044,0.3001,29.82,0.9594,1.73,
2181_14,0,teacher,no_match|primary_only|refine_skipped|plate_too_small|tiny,plate_too_small,R(1),2(2),0.8179,,11.76,,,
2185_14,0,teacher,conflict|conflict_kpt|refine_failed|no_bar_pair,no_bar_pair,R(1),2(2),0.9411,0.8822,149.65,0.8564,6.88,
2185_14,1,teacher,agree|refine_failed|no_bar_pair,no_bar_pair,P(2),2(2),0.9127,0.9205,84.88,0.9459,1.84,
2189_14,0,teacher,agree|refine_failed|no_bar_pair,no_bar_pair,R(1),4(4),0.8845,0.8919,65.12,0.9456,1.59,
2194_14,1,teacher,no_match|secondary_only|refine_skipped|plate_too_small,plate_too_small,R(1),2(2),,0.6512,16.21,,,
2197_14,0,teacher,agree|refine_failed|no_bar_pair,no_bar_pair,R(1),2(2),0.8685,0.873,94.84,0.8967,2.82,
2197_14,1,teacher,agree|refine_failed|no_bar_pair,no_bar_pair,P(2),2(2),0.8552,0.8153,85.47,0.8732,4.55,
2197_14,2,teacher,agree|refine_failed|no_bar_pair,no_bar_pair,R(1),2(2),0.8496,0.804,33.92,0.9175,4.86,
2198_12,1,teacher,agree|refine_failed|no_bar_pair,no_bar_pair,R(1),4(4),0.9314,0.9409,49.4,0.952,2.44,
22,3,teacher,agree|refine_failed|no_bar_pair,no_bar_pair,R(1),3(3),0.6189,0.6145,31.21,0.9986,0.1,
2200_14,1,teacher,conflict|conflict_iou|conflict_kpt|refine_skipped|plate_too_small,plate_too_small,R(1),2(2),0.3462,0.4726,13.68,0.745,13.42,
2201_14,1,teacher,agree|refine_failed|no_bar_pair,no_bar_pair,R(1),4(4),0.7015,0.5459,49.8,0.8992,2.79,
2202_14,1,teacher,agree|refine_failed|no_bar_pair,no_bar_pair,P(2),2(2),0.9152,0.9357,68.56,0.9601,1.25,
2203_14,1,teacher,agree|refine_failed|no_bar_pair,no_bar_pair,P(2),2(2),0.8982,0.9181,72.0,0.9462,2.31,
2205_14,0,teacher,agree|refine_failed|no_bar_pair,no_bar_pair,R(1),2(2),0.8268,0.8229,197.75,0.8617,3.47,
2206_14,0,teacher,agree|refine_failed|no_bar_pair,no_bar_pair,P(2),2(2),0.8767,0.8071,65.79,0.9316,2.1,
2206_14,1,teacher,agree|refine_failed|no_bar_pair,no_bar_pair,R(1),2(2),0.8078,0.892,35.31,0.9377,4.36,
2207_14,0,teacher,agree|refine_failed|no_bar_pair,no_bar_pair,P(2),2(2),0.9597,0.9628,78.13,0.9603,1.06,
2208_14,0,teacher,agree|refine_failed|no_bar_pair,no_bar_pair,R(1),2(2),0.8787,0.9019,100.46,0.9318,1.59,
2208_14,1,teacher,agree|refine_failed|no_bar_pair,no_bar_pair,R(1),2(2),0.7417,0.9443,30.86,0.8935,4.39,
2212_14,1,teacher,agree|refine_failed|no_bar_pair,no_bar_pair,P(2),2(2),0.9131,0.9266,62.36,0.9343,2.14,
2212_14,2,teacher,conflict|conflict_iou|conflict_kpt|refine_failed|no_bar_pair,no_bar_pair,P(2),2(2),0.882,0.3377,49.68,0.8356,6.63,
2213_14,0,teacher,conflict|conflict_iou|conflict_kpt|refine_skipped|plate_too_small|tiny,plate_too_small,R(1),2(2),0.7521,0.5493,11.8,0.7555,10.57,
2215_14,0,teacher,agree|refine_failed|no_bar_pair,no_bar_pair,R(1),2(2),0.8457,0.8906,29.81,0.8944,4.94,
2221_14,1,teacher,agree|refine_failed|no_bar_pair,no_bar_pair,P(2),2(2),0.8965,0.8982,77.54,0.9685,0.88,
2222_14,1,teacher,agree|refine_failed|no_bar_pair,no_bar_pair,P(2),2(2),0.8559,0.8741,130.6,0.9492,1.55,
2222_14,2,teacher,conflict|conflict_cls|refine_skipped|plate_too_small,plate_too_small,B(0),7(0),0.8489,0.796,17.46,0.9191,2.89,
2231_14,2,teacher,conflict|conflict_iou|conflict_kpt|refine_skipped|plate_too_small,plate_too_small,R(1),2(2),0.3962,0.4694,12.02,0.7419,11.99,
2232_14,1,teacher,conflict|conflict_iou|conflict_kpt|refine_failed|no_bar_pair,no_bar_pair,P(2),2(2),0.7875,0.5008,94.43,0.7962,7.49,
2235_14,0,teacher,agree|refine_failed|no_bar_pair,no_bar_pair,R(1),2(2),0.9199,0.7511,79.29,0.9639,1.16,
2239_14,0,teacher,agree|refine_failed|no_bar_pair,no_bar_pair,R(1),2(2),0.945,0.791,111.74,0.906,2.79,
2239_14,1,teacher,agree|refine_failed|no_bar_pair,no_bar_pair,P(2),2(2),0.9009,0.9326,68.76,0.9817,0.57,
2239_14,2,teacher,conflict|conflict_kpt|refine_failed|no_bar_pair,no_bar_pair,R(1),2(2),0.4546,0.5401,27.34,0.8522,6.36,
2241_14,0,teacher,agree|refine_failed|no_bar_pair,no_bar_pair,P(2),2(2),0.9407,0.9334,61.4,0.926,2.05,
2241_14,2,teacher,agree|refine_failed|no_bar_pair,no_bar_pair,P(2),2(2),0.9002,0.8858,52.41,0.9344,2.44,
2244_14,0,teacher,agree|refine_failed|no_bar_pair,no_bar_pair,R(1),2(2),0.932,0.8307,143.51,0.9342,2.11,
2244_14,1,teacher,agree|refine_failed|no_bar_pair,no_bar_pair,P(2),2(2),0.9174,0.9392,84.64,0.958,1.47,
2245_14,1,teacher,no_match|secondary_only|refine_skipped|plate_too_small,plate_too_small,B(0),7(0),,0.3582,13.4,,,
2247_14,1,teacher,agree|refine_failed|no_bar_pair,no_bar_pair,R(1),2(2),0.6004,0.6988,27.83,0.8992,4.91,
2248_14,1,teacher,agree|refine_failed|no_bar_pair,no_bar_pair,R(1),4(4),0.6555,0.5353,53.53,0.8717,3.83,
2249_14,1,teacher,conflict|conflict_iou|conflict_kpt|refine_skipped|plate_too_small,plate_too_small,R(1),2(2),0.7489,0.33,19.73,0.8485,7.81,
2253_14,0,teacher,agree|refine_failed|no_bar_pair,no_bar_pair,R(1),2(2),0.9496,0.9577,298.56,0.859,4.24,
2258_14,0,teacher,agree|refine_failed|no_bar_pair,no_bar_pair,P(2),2(2),0.9418,0.9397,61.8,0.9551,1.64,
2259_14,1,teacher,no_match|secondary_only|refine_failed|no_bar_pair,no_bar_pair,R(1),4(4),,0.3677,30.13,,,
2260_14,1,teacher,conflict|conflict_kpt|refine_skipped|plate_too_small,plate_too_small,R(1),2(2),0.8429,0.4697,13.5,0.8814,5.12,
2263_12,1,teacher,conflict|conflict_iou|conflict_kpt|refine_failed|no_bar_pair,no_bar_pair,R(1),7(0),0.7794,0.651,149.31,0.7376,10.21,
2266_14,0,teacher,agree|refine_failed|no_bar_pair,no_bar_pair,P(2),2(2),0.9453,0.9521,59.63,0.9304,2.34,
2266_14,1,teacher,agree|refine_failed|no_bar_pair,no_bar_pair,R(1),2(2),0.9006,0.7597,64.86,0.963,0.95,
2266_14,3,teacher,agree|refine_failed|no_bar_pair,no_bar_pair,P(2),2(2),0.8905,0.8682,50.53,0.8989,3.88,
2268_14,0,teacher,agree|refine_failed|no_bar_pair,no_bar_pair,R(1),2(2),0.8246,0.9202,128.0,0.9696,0.93,
2271_14,0,teacher,agree|refine_failed|no_bar_pair,no_bar_pair,R(1),2(2),0.899,0.9023,136.1,0.9156,2.6,
2271_14,1,teacher,agree|refine_failed|no_bar_pair,no_bar_pair,P(2),2(2),0.7319,0.9044,80.74,0.9296,2.49,
2273_14,0,teacher,agree|refine_failed|no_bar_pair,no_bar_pair,P(2),2(2),0.9197,0.9207,89.48,0.9713,1.1,
2277_14,1,teacher,agree|refine_failed|no_bar_pair,no_bar_pair,P(2),2(2),0.9521,0.9499,77.91,0.9323,1.74,
228,1,teacher,agree|refine_failed|no_bar_pair,no_bar_pair,R(1),2(2),0.863,0.8634,90.22,0.9762,1.23,
2280_14,0,teacher,conflict|conflict_iou|conflict_kpt|refine_skipped|plate_too_small,plate_too_small,R(1),2(2),0.9432,0.8671,13.99,0.8393,5.63,
2289_14,1,teacher,no_match|primary_only|refine_failed|no_bar_pair,no_bar_pair,P(2),2(2),0.7276,,92.81,,,
229,2,refine,no_match|secondary_only|refine_ok,,B(0),7(0),,0.2561,34.65,,,1.09
2290_14,2,teacher,conflict|conflict_kpt|refine_skipped|plate_too_small,plate_too_small,B(0),3(3),0.763,0.5821,20.5,0.8719,6.81,
2292_14,1,teacher,agree|refine_failed|no_bar_pair,no_bar_pair,R(1),2(2),0.9307,0.8416,48.24,0.9316,2.37,
2293_14,2,teacher,conflict|conflict_iou|conflict_cls|refine_skipped|plate_too_small,plate_too_small,B(0),7(0),0.4343,0.3094,19.83,0.8483,4.95,
2297_14,0,teacher,agree|refine_failed|no_bar_pair,no_bar_pair,R(1),2(2),0.8652,0.8415,124.37,0.9697,0.77,
2299_14,1,teacher,conflict|conflict_iou|conflict_kpt|refine_skipped|plate_too_small,plate_too_small,R(1),7(0),0.7074,0.7085,12.13,0.8386,6.38,
2302_14,0,teacher,agree|refine_failed|no_bar_pair,no_bar_pair,P(2),2(2),0.9592,0.9448,65.24,0.9646,1.32,
2309_14,0,teacher,agree|refine_failed|no_bar_pair,no_bar_pair,P(2),2(2),0.9365,0.9128,67.64,0.972,1.09,
2309_14,1,teacher,agree|refine_failed|no_bar_pair,no_bar_pair,R(1),2(2),0.8764,0.9238,55.55,0.9345,2.36,
2310_18,0,teacher,agree|refine_failed|no_bar_pair,no_bar_pair,P(2),2(2),0.9583,0.9634,81.16,0.9758,0.75,
2312_14,0,teacher,agree|refine_failed|no_bar_pair,no_bar_pair,R(1),4(4),0.9427,0.9569,42.59,0.924,2.84,
2314_14,0,teacher,agree|refine_failed|no_bar_pair,no_bar_pair,R(1),2(2),0.9309,0.8848,124.69,0.9306,3.16,
2314_14,1,teacher,agree|refine_failed|no_bar_pair,no_bar_pair,P(2),2(2),0.8494,0.8792,81.8,0.9367,2.07,
2315_14,0,teacher,agree|refine_failed|no_bar_pair,no_bar_pair,P(2),2(2),0.9596,0.9068,78.33,0.9718,0.72,
2316_14,1,teacher,conflict|conflict_iou|conflict_kpt|refine_failed|no_bar_pair,no_bar_pair,R(1),2(2),0.6106,0.4787,65.81,0.8043,8.19,
2319_14,0,teacher,agree|refine_failed|no_bar_pair,no_bar_pair,P(2),2(2),0.9229,0.8233,65.94,0.9518,1.59,
231_17,0,teacher,agree|refine_failed|no_bar_pair,no_bar_pair,B(0),4(4),0.5853,0.4798,63.61,0.9035,3.13,
2320_14,0,teacher,agree|refine_failed|no_bar_pair,no_bar_pair,P(2),2(2),0.8723,0.9469,116.86,0.9431,1.11,
2322_14,0,teacher,agree|refine_failed|no_bar_pair,no_bar_pair,P(2),2(2),0.9206,0.9361,143.96,0.9612,1.12,
2323_14,0,teacher,agree|refine_failed|no_bar_pair,no_bar_pair,P(2),2(2),0.7328,0.4986,70.94,0.9129,2.39,
2324_14,0,teacher,agree|refine_failed|no_bar_pair,no_bar_pair,P(2),2(2),0.9046,0.9641,114.1,0.9727,0.83,
2325_14,0,teacher,agree|refine_failed|no_bar_pair,no_bar_pair,P(2),2(2),0.9447,0.964,51.82,0.9633,0.92,
2325_14,1,teacher,conflict|conflict_iou|conflict_kpt|refine_skipped|plate_too_small,plate_too_small,R(1),7(0),0.3224,0.4672,21.91,0.7596,10.37,
2326_14,0,teacher,agree|refine_failed|no_bar_pair,no_bar_pair,P(2),2(2),0.938,0.9346,96.52,0.9843,0.48,
2326_14,1,teacher,no_match|secondary_only|refine_failed|no_bar_pair,no_bar_pair,R(1),2(2),,0.6957,32.67,,,
2328_14,0,teacher,agree|refine_failed|no_bar_pair,no_bar_pair,P(2),2(2),0.9143,0.9119,54.63,0.9266,1.92,
2328_14,1,teacher,no_match|primary_only|refine_skipped|plate_too_small,plate_too_small,B(0),7(0),0.2924,,14.68,,,
2329_14,0,teacher,agree|refine_failed|no_bar_pair,no_bar_pair,P(2),2(2),0.869,0.8112,106.15,0.9358,2.03,
2330_14,0,teacher,agree|refine_failed|no_bar_pair,no_bar_pair,P(2),2(2),0.9021,0.8981,76.32,0.935,1.45,
2330_14,1,teacher,conflict|conflict_cls|refine_skipped|plate_too_small,plate_too_small,B(0),3(3),0.6626,0.8286,17.14,0.9357,2.34,
2331_14,0,teacher,agree|refine_failed|no_bar_pair,no_bar_pair,P(2),2(2),0.9432,0.9441,89.44,0.9571,1.15,
2332_14,0,teacher,conflict|conflict_iou|conflict_kpt|refine_failed|no_bar_pair,no_bar_pair,P(2),2(2),0.4453,0.9124,91.02,0.7484,13.19,
2333_14,0,teacher,agree|refine_failed|no_bar_pair,no_bar_pair,P(2),2(2),0.8698,0.9476,80.35,0.9662,1.2,
2336_3,0,teacher,agree|refine_failed|no_bar_pair,no_bar_pair,P(2),2(2),0.8949,0.8916,53.37,0.9227,1.75,
2336_3,1,teacher,no_match|secondary_only|refine_skipped|plate_too_small,plate_too_small,R(1),7(0),,0.258,18.37,,,
2337_3,0,teacher,agree|refine_failed|no_bar_pair,no_bar_pair,P(2),2(2),0.9144,0.9119,75.0,0.9663,1.44,
2340_3,0,teacher,agree|refine_failed|no_bar_pair,no_bar_pair,P(2),2(2),0.9064,0.9218,85.41,0.9548,1.76,
2342,0,teacher,agree|refine_failed|no_bar_pair,no_bar_pair,B(0),2(2),0.4778,0.4817,68.97,0.9982,0.05,
2342_3,0,teacher,agree|refine_failed|no_bar_pair,no_bar_pair,P(2),2(2),0.9525,0.9499,132.45,0.9378,1.89,
2343_3,0,teacher,agree|refine_failed|no_bar_pair,no_bar_pair,P(2),2(2),0.9405,0.9533,116.12,0.9844,0.42,
2344_3,0,teacher,agree|refine_failed|no_bar_pair,no_bar_pair,P(2),2(2),0.9313,0.8327,78.91,0.9589,1.07,
2344_3,1,teacher,no_match|secondary_only|refine_skipped|plate_too_small,plate_too_small,B(0),7(0),,0.3321,19.55,,,
2347_3,0,teacher,agree|refine_failed|no_bar_pair,no_bar_pair,P(2),2(2),0.9267,0.9422,80.57,0.943,1.62,
2348_3,0,teacher,agree|refine_failed|no_bar_pair,no_bar_pair,P(2),2(2),0.8535,0.766,202.53,0.8846,2.45,
2351_3,0,teacher,agree|refine_failed|no_bar_pair,no_bar_pair,P(2),2(2),0.9642,0.9389,89.82,0.9531,1.25,
2352_3,0,teacher,agree|refine_failed|no_bar_pair,no_bar_pair,P(2),2(2),0.9638,0.9098,67.75,0.948,1.26,
2353_3,0,teacher,agree|refine_failed|no_bar_pair,no_bar_pair,P(2),2(2),0.9252,0.8404,33.6,0.9338,2.68,
2355_1,0,teacher,agree|refine_failed|no_bar_pair,no_bar_pair,P(2),2(2),0.8944,0.9143,81.54,0.9808,0.7,
2357_1,0,teacher,agree|refine_failed|no_bar_pair,no_bar_pair,P(2),2(2),0.9347,0.9775,251.03,0.9064,2.46,
2358_1,0,teacher,agree|refine_failed|no_bar_pair,no_bar_pair,P(2),2(2),0.9209,0.9116,169.72,0.9455,1.85,
2359_1,0,teacher,agree|refine_failed|no_bar_pair,no_bar_pair,P(2),2(2),0.9514,0.9397,65.8,0.9429,1.4,
2360_1,0,teacher,agree|refine_failed|no_bar_pair,no_bar_pair,P(2),2(2),0.9585,0.9284,73.14,0.9709,1.11,
2361_1,0,teacher,agree|refine_failed|no_bar_pair,no_bar_pair,P(2),2(2),0.9396,0.9218,81.29,0.9705,1.02,
2363_1,0,teacher,agree|refine_failed|no_bar_pair,no_bar_pair,P(2),2(2),0.9289,0.908,93.13,0.9672,1.31,
2365_1,0,teacher,agree|refine_failed|no_bar_pair,no_bar_pair,P(2),2(2),0.8832,0.9432,196.46,0.9572,0.89,
2366_1,0,teacher,agree|refine_failed|no_bar_pair,no_bar_pair,P(2),2(2),0.8645,0.8239,48.07,0.9263,3.21,
2366_1,1,teacher,conflict|conflict_kpt|refine_skipped|plate_too_small,plate_too_small,B(0),4(4),0.7397,0.5227,20.23,0.9164,5.73,
2367_1,0,teacher,agree|refine_failed|no_bar_pair,no_bar_pair,P(2),2(2),0.9234,0.9405,74.33,0.9633,1.15,
2368_1,0,teacher,agree|refine_failed|no_bar_pair,no_bar_pair,P(2),2(2),0.9274,0.9231,183.4,0.9523,1.6,
2369_1,0,teacher,conflict|conflict_cls|refine_failed|no_bar_pair,no_bar_pair,P(2),2(2),0.8904,0.9136,178.52,0.9122,2.66,
2370_1,0,teacher,agree|refine_failed|no_bar_pair,no_bar_pair,P(2),2(2),0.9332,0.9474,78.63,0.9425,2.1,
2371_1,0,teacher,agree|refine_failed|no_bar_pair,no_bar_pair,P(2),2(2),0.9128,0.9084,83.59,0.965,1.23,
2371_1,1,teacher,no_match|primary_only|refine_failed|no_bar_pair,no_bar_pair,R(1),2(2),0.5489,,31.15,,,
2373_1,0,teacher,agree|refine_failed|no_bar_pair,no_bar_pair,P(2),2(2),0.9503,0.9279,86.51,0.9722,0.86,
2373_1,1,teacher,no_match|primary_only|refine_failed|no_bar_pair,no_bar_pair,P(2),2(2),0.4402,,48.5,,,
2374_1,0,teacher,agree|refine_failed|no_bar_pair,no_bar_pair,P(2),2(2),0.9487,0.8975,90.53,0.9673,0.78,
2375_1,0,teacher,conflict|conflict_kpt|refine_failed|no_bar_pair,no_bar_pair,P(2),2(2),0.8378,0.7306,68.32,0.854,5.18,
2376,1,teacher,agree|refine_failed|no_bar_pair,no_bar_pair,R(1),2(2),0.4087,0.4084,29.21,0.9993,0.03,
2376_1,0,teacher,agree|refine_failed|no_bar_pair,no_bar_pair,P(2),2(2),0.6507,0.7085,63.52,0.9451,1.21,
2377,1,teacher,agree|refine_failed|no_bar_pair,no_bar_pair,R(1),2(2),0.6561,0.6518,28.44,0.9986,0.06,
2377_1,1,teacher,agree|refine_failed|no_bar_pair,no_bar_pair,P(2),2(2),0.6559,0.5748,75.29,0.9253,2.73,
2378,1,teacher,agree|refine_failed|no_bar_pair,no_bar_pair,R(1),2(2),0.5666,0.5624,29.55,0.9987,0.06,
2378_1,2,teacher,agree|refine_failed|no_bar_pair,no_bar_pair,P(2),4(4),0.9262,0.96,40.33,0.9243,1.85,
2379_1,0,teacher,agree|refine_failed|no_bar_pair,no_bar_pair,P(2),2(2),0.8229,0.8915,77.21,0.9296,2.03,
2380,0,teacher,agree|refine_failed|no_bar_pair,no_bar_pair,R(1),2(2),0.9572,0.9568,81.07,0.9987,0.03,
2380_1,0,teacher,agree|refine_failed|no_bar_pair,no_bar_pair,P(2),2(2),0.929,0.9591,91.95,0.9523,1.47,
2381_1,0,teacher,agree|refine_failed|no_bar_pair,no_bar_pair,P(2),2(2),0.9163,0.9295,117.65,0.9815,0.56,
2382_1,0,teacher,agree|refine_failed|no_bar_pair,no_bar_pair,P(2),2(2),0.9504,0.9207,87.62,0.957,0.88,
2384,1,teacher,agree|refine_failed|no_bar_pair,no_bar_pair,R(1),2(2),0.9574,0.9571,68.81,0.9989,0.04,
2384_1,0,teacher,agree|refine_failed|no_bar_pair,no_bar_pair,P(2),2(2),0.9396,0.9415,92.59,0.9699,0.81,
2385_1,0,teacher,agree|refine_failed|no_bar_pair,no_bar_pair,P(2),2(2),0.9293,0.9408,99.44,0.9777,0.55,
2386_1,0,teacher,agree|refine_failed|no_bar_pair,no_bar_pair,P(2),2(2),0.9422,0.9128,87.02,0.9655,1.06,
2387_1,0,teacher,agree|refine_failed|no_bar_pair,no_bar_pair,P(2),2(2),0.9365,0.9613,77.1,0.9552,1.2,
2387_1,1,teacher,conflict|conflict_iou|conflict_kpt|refine_failed|no_bar_pair,no_bar_pair,R(1),2(2),0.347,0.3625,24.47,0.7283,12.95,
2388_1,0,teacher,agree|refine_failed|no_bar_pair,no_bar_pair,P(2),2(2),0.9244,0.9161,105.19,0.9491,1.09,
2390_1,0,teacher,agree|refine_failed|no_bar_pair,no_bar_pair,P(2),2(2),0.8374,0.9247,101.68,0.9404,2.52,
2391_1,0,teacher,agree|refine_failed|no_bar_pair,no_bar_pair,P(2),2(2),0.9316,0.9358,76.6,0.9555,1.3,
2396_1,0,teacher,agree|refine_failed|no_bar_pair,no_bar_pair,P(2),2(2),0.9609,0.943,65.78,0.9749,0.9,
2397_1,0,teacher,agree|refine_failed|no_bar_pair,no_bar_pair,P(2),2(2),0.789,0.7696,29.64,0.9081,3.8,
2399_1,0,teacher,agree|refine_failed|no_bar_pair,no_bar_pair,P(2),2(2),0.9521,0.9425,65.2,0.971,1.03,
2400_1,0,teacher,agree|refine_failed|no_bar_pair,no_bar_pair,P(2),2(2),0.9341,0.954,96.36,0.9696,0.94,
2400_1,1,teacher,conflict|conflict_iou|conflict_kpt|refine_failed|no_bar_pair,no_bar_pair,R(1),7(0),0.3716,0.3478,25.66,0.8048,10.46,
2402_1,0,teacher,agree|refine_failed|no_bar_pair,no_bar_pair,P(2),2(2),0.9146,0.9125,70.86,0.9755,0.97,
2402_1,1,teacher,no_match|primary_only|refine_failed|no_bar_pair,no_bar_pair,R(1),2(2),0.4956,,100.53,,,
2403_1,0,teacher,agree|refine_failed|no_bar_pair,no_bar_pair,P(2),2(2),0.9343,0.913,80.04,0.9603,1.37,
2404_1,0,teacher,conflict|conflict_iou|conflict_kpt|refine_failed|no_bar_pair,no_bar_pair,P(2),2(2),0.6527,0.6331,51.42,0.8096,7.28,
2405_1,0,teacher,agree|refine_failed|no_bar_pair,no_bar_pair,P(2),2(2),0.9164,0.9188,89.7,0.9556,1.42,
2406,0,teacher,agree|refine_failed|no_bar_pair,no_bar_pair,P(2),4(4),0.7087,0.7101,46.4,0.9966,0.12,
2406_1,0,teacher,agree|refine_failed|no_bar_pair,no_bar_pair,P(2),2(2),0.9414,0.9544,115.13,0.9716,0.74,
2408_1,0,teacher,agree|refine_failed|no_bar_pair,no_bar_pair,P(2),2(2),0.9807,0.9739,222.51,0.9612,1.5,
2410_1,0,teacher,conflict|conflict_kpt|refine_failed|no_bar_pair,no_bar_pair,P(2),2(2),0.886,0.9192,201.0,0.8936,5.01,
2411_1,0,teacher,agree|refine_failed|no_bar_pair,no_bar_pair,P(2),2(2),0.9293,0.9374,190.66,0.9896,0.3,
2412_1,1,teacher,conflict|conflict_kpt|refine_failed|no_bar_pair,no_bar_pair,P(2),2(2),0.8919,0.8124,38.07,0.888,8.03,
2413_1,0,teacher,agree|refine_failed|no_bar_pair,no_bar_pair,P(2),2(2),0.9605,0.8965,81.17,0.9703,1.03,
2413_1,1,teacher,no_match|primary_only|refine_failed|no_bar_pair,no_bar_pair,R(1),2(2),0.5029,,29.17,,,
2413_1,2,teacher,no_match|secondary_only|refine_failed|no_bar_pair,no_bar_pair,P(2),2(2),,0.4507,41.23,,,
2414_1,0,teacher,agree|refine_failed|no_bar_pair,no_bar_pair,P(2),2(2),0.9258,0.9424,72.62,0.9575,1.36,
2414_1,1,teacher,no_match|secondary_only|refine_skipped|plate_too_small,plate_too_small,B(0),4(4),,0.3025,16.67,,,
2415_1,0,teacher,agree|refine_failed|no_bar_pair,no_bar_pair,P(2),2(2),0.9391,0.9438,132.17,0.9563,0.96,
2416_1,0,teacher,agree|refine_failed|no_bar_pair,no_bar_pair,P(2),2(2),0.9474,0.9321,127.39,0.9403,1.28,
2417_1,0,teacher,agree|refine_failed|no_bar_pair,no_bar_pair,P(2),2(2),0.9345,0.9273,84.44,0.964,1.0,
2418_1,0,teacher,agree|refine_failed|no_bar_pair,no_bar_pair,P(2),2(2),0.9431,0.9413,138.55,0.9874,0.39,
2420_1,0,teacher,agree|refine_failed|no_bar_pair,no_bar_pair,P(2),2(2),0.9071,0.8978,80.88,0.9324,1.44,
2421,1,teacher,agree|refine_failed|no_bar_pair,no_bar_pair,P(2),4(4),0.8371,0.836,64.3,0.9977,0.07,
2422_1,0,teacher,agree|refine_failed|no_bar_pair,no_bar_pair,P(2),2(2),0.9608,0.9331,189.23,0.9587,1.14,
2423,2,teacher,agree|refine_failed|no_bar_pair,no_bar_pair,P(2),4(4),0.3534,0.3561,47.11,0.9962,0.15,
2423_1,0,teacher,agree|refine_failed|no_bar_pair,no_bar_pair,P(2),2(2),0.943,0.9639,115.74,0.9827,0.62,
2424_1,0,teacher,agree|refine_failed|no_bar_pair,no_bar_pair,P(2),2(2),0.6682,0.6056,64.62,0.8963,3.02,
2425,1,teacher,agree|refine_failed|no_bar_pair,no_bar_pair,B(0),2(2),0.8964,0.8987,55.95,0.9973,0.09,
2426_1,0,teacher,agree|refine_failed|no_bar_pair,no_bar_pair,P(2),2(2),0.9489,0.928,77.15,0.9344,1.65,
2427_1,0,teacher,agree|refine_failed|no_bar_pair,no_bar_pair,P(2),2(2),0.7267,0.8176,163.65,0.8825,4.05,
2428_1,0,teacher,agree|refine_failed|no_bar_pair,no_bar_pair,P(2),2(2),0.9456,0.9579,74.17,0.9596,1.11,
2428_1,1,teacher,conflict|conflict_kpt|refine_failed|no_bar_pair,no_bar_pair,P(2),2(2),0.8434,0.607,38.2,0.9048,5.06,
2430_1,0,teacher,agree|refine_failed|no_bar_pair,no_bar_pair,P(2),2(2),0.8997,0.9425,76.77,0.9646,1.28,
2439_1,1,teacher,no_match|secondary_only|refine_failed|no_bar_pair,no_bar_pair,B(0),7(0),,0.4901,36.32,,,
2447_1,0,teacher,conflict|conflict_cls|refine_skipped|plate_too_small,plate_too_small,B(0),4(4),0.8822,0.7871,19.27,0.8638,4.85,
2447_1,1,teacher,no_match|primary_only|refine_failed|no_bar_pair,no_bar_pair,R(1),O(6),0.7407,,80.78,,,
2449_1,0,teacher,agree|refine_failed|no_bar_pair,no_bar_pair,R(1),4(4),0.865,0.8664,197.56,0.9717,0.97,
2454_12,0,teacher,conflict|conflict_iou|conflict_kpt|refine_failed|no_bar_pair,no_bar_pair,R(1),4(4),0.8387,0.78,201.33,0.7782,7.63,
2457_12,0,teacher,agree|refine_failed|no_bar_pair,no_bar_pair,R(1),O(6),0.9529,0.6891,114.73,0.9534,1.69,
2462_12,0,teacher,agree|refine_failed|no_bar_pair,no_bar_pair,R(1),4(4),0.8593,0.8781,197.97,0.9643,1.1,
247,0,teacher,agree|refine_failed|no_bar_pair,no_bar_pair,B(0),3(3),0.5832,0.5622,77.15,0.9956,0.17,
2470_12,0,teacher,agree|refine_failed|no_bar_pair,no_bar_pair,R(1),O(6),0.9406,0.6635,107.27,0.948,1.66,
2470_12,1,teacher,conflict|conflict_cls|refine_skipped|plate_too_small,plate_too_small,B(0),4(4),0.7936,0.8922,15.74,0.9218,2.82,
2471_12,1,teacher,no_match|secondary_only|refine_failed|no_bar_pair,no_bar_pair,R(1),4(4),,0.6591,28.93,,,
2472_12,0,teacher,conflict|conflict_kpt|refine_skipped|plate_too_small,plate_too_small,B(0),7(0),0.7285,0.711,22.83,0.894,5.17,
2473_12,0,teacher,agree|refine_failed|no_bar_pair,no_bar_pair,R(1),O(6),0.9414,0.6317,115.4,0.9741,0.8,
2474_12,0,teacher,agree|refine_failed|no_bar_pair,no_bar_pair,R(1),O(6),0.8938,0.7768,115.59,0.9681,1.14,
2478_12,0,teacher,agree|refine_failed|no_bar_pair,no_bar_pair,R(1),4(4),0.8543,0.8353,200.09,0.9631,0.94,
2480_12,0,teacher,conflict|conflict_kpt|refine_failed|no_bar_pair,no_bar_pair,R(1),O(6),0.6926,0.3881,108.51,0.8589,6.69,
2481_12,1,teacher,agree|refine_failed|no_bar_pair,no_bar_pair,R(1),4(4),0.7854,0.9265,31.58,0.9334,3.6,
2484_12,0,teacher,agree|refine_failed|no_bar_pair,no_bar_pair,B(0),7(0),0.9732,0.9671,28.51,0.957,1.68,
2488_12,0,teacher,agree|refine_failed|no_bar_pair,no_bar_pair,R(1),O(6),0.9403,0.6279,115.08,0.9654,0.94,
2503_12,0,teacher,agree|refine_failed|no_bar_pair,no_bar_pair,R(1),4(4),0.8784,0.8122,89.78,0.8896,4.02,
2503_12,1,teacher,no_match|primary_only|refine_skipped|plate_too_small|tiny,plate_too_small,B(0),2(2),0.4344,,8.19,,,
251,0,teacher,agree|refine_failed|no_bar_pair,no_bar_pair,B(0),3(3),0.6266,0.6224,342.81,0.9982,0.06,
2511,1,teacher,agree|refine_skipped|plate_too_small|tiny,plate_too_small,R(1),2(2),0.3013,0.3089,10.33,0.9833,0.67,
2523_14,0,teacher,conflict|conflict_iou|conflict_kpt|refine_failed|no_bar_pair,no_bar_pair,R(1),4(4),0.6362,0.3509,210.28,0.7822,7.16,
2525_14,0,teacher,agree|refine_failed|no_bar_pair,no_bar_pair,R(1),4(4),0.8632,0.8475,196.31,0.9144,2.49,
2526,0,teacher,agree|refine_failed|no_bar_pair,no_bar_pair,R(1),3(3),0.9709,0.9709,33.86,0.9987,0.04,
2527,0,teacher,agree|refine_failed|no_bar_pair,no_bar_pair,R(1),3(3),0.9382,0.9388,33.55,0.9989,0.03,
2534_14,1,teacher,conflict|conflict_iou|conflict_kpt|refine_skipped|plate_too_small,plate_too_small,B(0),3(3),0.6857,0.6994,13.37,0.8374,5.52,
255,0,teacher,agree|refine_failed|no_bar_pair,no_bar_pair,B(0),4(4),0.9057,0.9055,163.77,0.9992,0.03,
255,1,teacher,agree|refine_failed|no_bar_pair,no_bar_pair,B(0),4(4),0.9019,0.8993,94.34,0.999,0.04,
2560_14,1,teacher,agree|refine_failed|no_bar_pair,no_bar_pair,R(1),O(6),0.836,0.2709,120.81,0.9633,0.98,
2565,1,teacher,no_match|primary_only|refine_skipped|plate_too_small,plate_too_small,P(2),3(3),0.271,,14.15,,,
2565_14,0,teacher,conflict|conflict_iou|conflict_kpt|refine_skipped|plate_too_small,plate_too_small,B(0),4(4),0.8768,0.4272,22.38,0.8308,5.38,
2565_14,1,teacher,no_match|primary_only|refine_skipped|plate_too_small,plate_too_small,B(0),4(4),0.6727,,12.04,,,
2568_14,1,teacher,conflict|conflict_kpt|refine_failed|no_bar_pair,no_bar_pair,R(1),4(4),0.6027,0.7358,31.03,0.8857,5.27,
2573_14,1,refine,conflict|conflict_cls|refine_ok,,B(0),7(0),0.8196,0.7791,31.39,0.9115,2.06,0.97
2574_14,0,teacher,agree|refine_failed|no_bar_pair,no_bar_pair,B(0),4(4),0.8473,0.609,40.48,0.914,2.85,
2580_14,0,teacher,agree|refine_failed|no_bar_pair,no_bar_pair,R(1),4(4),0.9167,0.913,98.04,0.9291,1.72,
2587_14,1,teacher,conflict|conflict_iou|conflict_kpt|conflict_cls|refine_skipped|plate_too_small,plate_too_small,B(0),2(2),0.6084,0.7444,12.78,0.7808,6.99,
2587_14,2,teacher,conflict|conflict_iou|conflict_kpt|conflict_cls|refine_skipped|plate_too_small|tiny,plate_too_small,B(0),3(3),0.506,0.5447,10.4,0.7818,6.97,
2590_14,0,teacher,agree|refine_failed|no_bar_pair,no_bar_pair,B(0),7(0),0.8159,0.7085,53.6,0.947,2.43,
2596_14,1,teacher,conflict|conflict_kpt|refine_skipped|plate_too_small,plate_too_small,B(0),7(0),0.645,0.4851,17.49,0.8821,5.65,
2598,0,teacher,conflict|conflict_cls|refine_skipped|plate_too_small,plate_too_small,B(0),2(2),0.4727,0.4711,23.4,0.9952,0.1,
2599,0,teacher,agree|refine_failed|no_bar_pair,no_bar_pair,B(0),O(6),0.2865,0.2823,24.02,0.9967,0.08,
2602_14,0,teacher,conflict|conflict_cls|refine_skipped|plate_too_small,plate_too_small,B(0),4(4),0.9238,0.9138,22.21,0.8599,3.73,
2608_14,0,teacher,agree|refine_failed|no_bar_pair,no_bar_pair,B(0),7(0),0.8153,0.8692,39.21,0.9426,1.74,
2620,0,teacher,agree|refine_failed|no_bar_pair,no_bar_pair,B(0),3(3),0.3692,0.3603,24.68,0.9953,0.12,
2620_14,0,teacher,no_match|primary_only|refine_failed|no_bar_pair,no_bar_pair,P(2),4(4),0.2895,,31.32,,,
2624_14,0,teacher,agree|refine_failed|no_bar_pair,no_bar_pair,R(1),O(6),0.9294,0.8229,99.12,0.9169,2.41,
2624_14,1,teacher,conflict|conflict_iou|conflict_kpt|refine_skipped|plate_too_small,plate_too_small,B(0),4(4),0.823,0.8571,20.38,0.8493,5.03,
2629_14,1,teacher,no_match|secondary_only|refine_skipped|plate_too_small,plate_too_small,B(0),7(0),,0.8035,21.0,,,
2630_14,0,teacher,agree|refine_failed|no_bar_pair,no_bar_pair,R(1),4(4),0.8702,0.7861,201.81,0.9619,1.05,
2632_14,0,teacher,agree|refine_failed|no_bar_pair,no_bar_pair,B(0),7(0),0.9596,0.9324,25.19,0.9424,2.21,
2633,0,teacher,agree|refine_failed|no_bar_pair,no_bar_pair,B(0),2(2),0.2753,0.2663,26.97,0.9951,0.13,
2637_14,2,teacher,conflict|conflict_iou|refine_skipped|plate_too_small,plate_too_small,B(0),4(4),0.7565,0.8668,14.24,0.8323,4.99,
2639_14,1,teacher,agree|refine_failed|no_bar_pair,no_bar_pair,R(1),4(4),0.9205,0.9061,35.63,0.9411,2.96,
264,1,teacher,agree|refine_failed|no_bar_pair,no_bar_pair,R(1),3(3),0.3472,0.3488,43.38,0.996,0.1,
2640,0,teacher,agree|refine_failed|no_bar_pair,no_bar_pair,B(0),2(2),0.8702,0.8648,29.45,0.9902,0.2,
2641_14,0,teacher,agree|refine_failed|no_bar_pair,no_bar_pair,B(0),4(4),0.8019,0.5519,42.28,0.9013,4.22,
2644,0,teacher,conflict|conflict_cls|refine_failed|no_bar_pair,no_bar_pair,B(0),3(3),0.7572,0.7567,29.97,0.9905,0.17,
2646_14,0,teacher,agree|refine_failed|no_bar_pair,no_bar_pair,R(1),O(6),0.9434,0.7374,109.32,0.9436,1.7,
2655_14,0,teacher,no_match|secondary_only|refine_failed|no_bar_pair,no_bar_pair,B(0),2(2),,0.3119,26.21,,,
2656_14,0,teacher,conflict|conflict_iou|conflict_kpt|refine_failed|no_bar_pair,no_bar_pair,R(1),4(4),0.7253,0.4538,204.09,0.8354,5.58,
2658_14,0,teacher,agree|refine_failed|no_bar_pair,no_bar_pair,B(0),7(0),0.7608,0.8492,30.28,0.9066,3.09,
2659_14,0,teacher,agree|refine_failed|no_bar_pair,no_bar_pair,R(1),4(4),0.9032,0.8898,41.1,0.9608,1.77,
2659_14,1,teacher,agree|refine_failed|no_bar_pair,no_bar_pair,R(1),4(4),0.839,0.8462,81.79,0.9607,1.34,
266,2,teacher,agree|refine_failed|no_bar_pair,no_bar_pair,P(2),3(3),0.3995,0.3948,67.12,0.9914,0.27,
2660_14,0,teacher,no_match|primary_only|refine_skipped|plate_too_small|tiny,plate_too_small,B(0),7(0),0.2707,,10.81,,,
2668_14,1,teacher,agree|refine_failed|no_bar_pair,no_bar_pair,B(0),7(0),0.8684,0.8754,29.1,0.8882,3.93,
2680_14,1,teacher,conflict|conflict_cls|refine_skipped|plate_too_small,plate_too_small,B(0),4(4),0.8839,0.7695,21.67,0.8841,3.17,
2684_14,0,teacher,agree|refine_failed|no_bar_pair,no_bar_pair,R(1),O(6),0.9425,0.5835,115.53,0.9569,1.21,
2685_14,1,teacher,conflict|conflict_cls|refine_skipped|plate_too_small,plate_too_small,B(0),4(4),0.8347,0.7214,12.47,0.902,2.89,
2685_14,2,teacher,conflict|conflict_iou|conflict_kpt|refine_skipped|plate_too_small|tiny,plate_too_small,B(0),4(4),0.502,0.668,10.56,0.7914,8.47,
2690_14,1,teacher,agree|refine_failed|no_bar_pair,no_bar_pair,R(1),4(4),0.5959,0.8433,31.0,0.911,4.22,
2692_14,1,teacher,agree|refine_failed|no_bar_pair,no_bar_pair,R(1),4(4),0.8136,0.8502,37.97,0.94,2.26,
2697_14,1,teacher,agree|refine_failed|no_bar_pair,no_bar_pair,R(1),4(4),0.7894,0.7708,29.7,0.8892,4.66,
270,1,teacher,agree|refine_failed|no_bar_pair,no_bar_pair,R(1),3(3),0.875,0.8736,75.92,0.9988,0.04,
2701_14,1,teacher,agree|refine_failed|no_bar_pair,no_bar_pair,R(1),4(4),0.8782,0.9127,60.03,0.9208,2.62,
2702_14,1,teacher,conflict|conflict_cls|refine_skipped|plate_too_small,plate_too_small,B(0),4(4),0.9167,0.7605,17.43,0.8983,4.18,
2705_14,0,teacher,agree|refine_failed|no_bar_pair,no_bar_pair,R(1),O(6),0.9379,0.9679,55.44,0.9283,3.3,
2710_18,1,teacher,conflict|conflict_iou|conflict_kpt|refine_skipped|plate_too_small,plate_too_small,B(0),7(0),0.7267,0.4611,16.69,0.846,7.6,
2712_14,1,teacher,conflict|conflict_iou|conflict_kpt|refine_failed|no_bar_pair,no_bar_pair,R(1),4(4),0.4651,0.4013,24.41,0.829,10.35,
2715_14,0,teacher,agree|refine_failed|no_bar_pair,no_bar_pair,R(1),O(6),0.9305,0.6754,116.34,0.9327,2.71,
2716,0,teacher,agree|refine_failed|no_bar_pair,no_bar_pair,B(0),3(3),0.8888,0.8889,75.96,0.999,0.04,
2724,0,teacher,agree|refine_failed|no_bar_pair,no_bar_pair,B(0),3(3),0.9568,0.9567,108.96,0.9993,0.03,
2732_14,1,teacher,agree|refine_failed|no_bar_pair,no_bar_pair,P(2),4(4),0.9492,0.9712,41.85,0.9606,1.05,
2767,0,teacher,agree|refine_failed|no_bar_pair,no_bar_pair,R(1),3(3),0.8623,0.8643,73.68,0.9779,0.75,
2767_14,0,teacher,agree|refine_failed|no_bar_pair,no_bar_pair,P(2),4(4),0.9492,0.8253,40.43,0.8963,3.38,
2779,0,teacher,agree|refine_failed|no_bar_pair,no_bar_pair,R(1),3(3),0.9155,0.915,110.1,0.9989,0.03,
2796,0,teacher,agree|refine_failed|no_bar_pair,no_bar_pair,R(1),3(3),0.9023,0.9039,100.8,0.998,0.06,
28,2,teacher,agree|refine_failed|no_bar_pair,no_bar_pair,R(1),3(3),0.7955,0.7953,182.31,0.9994,0.02,
28,3,teacher,agree|refine_failed|no_bar_pair,no_bar_pair,R(1),4(4),0.6516,0.6542,34.19,0.9968,0.14,
280,0,teacher,agree|refine_failed|no_bar_pair,no_bar_pair,R(1),2(2),0.9341,0.93,58.0,0.9963,0.13,
2802,0,teacher,agree|refine_failed|no_bar_pair,no_bar_pair,R(1),3(3),0.9347,0.9357,38.52,0.9987,0.04,
281,0,teacher,agree|refine_failed|no_bar_pair,no_bar_pair,R(1),3(3),0.733,0.7289,26.17,0.991,0.26,
282,0,teacher,agree|refine_failed|no_bar_pair,no_bar_pair,B(0),4(4),0.8624,0.8621,38.03,0.9929,0.2,
282,1,teacher,agree|refine_failed|no_bar_pair,no_bar_pair,B(0),3(3),0.3368,0.3284,60.73,0.9977,0.11,
2830_14,2,teacher,agree|refine_failed|no_bar_pair,no_bar_pair,P(2),4(4),0.8863,0.9533,39.61,0.9414,2.01,
2832_14,0,teacher,conflict|conflict_kpt|refine_skipped|plate_too_small,plate_too_small,B(0),3(3),0.7606,0.4962,18.06,0.8522,7.72,
2854_14,1,teacher,agree|refine_failed|no_bar_pair,no_bar_pair,R(1),3(3),0.9171,0.916,25.01,0.9481,2.18,
2857_14,1,teacher,no_match|secondary_only|refine_skipped|plate_too_small,plate_too_small,R(1),3(3),,0.3548,13.53,,,
288,0,teacher,agree|refine_failed|no_bar_pair,no_bar_pair,B(0),2(2),0.2878,0.2856,53.13,0.9942,0.13,
289,0,teacher,agree|refine_failed|no_bar_pair,no_bar_pair,B(0),2(2),0.8602,0.859,144.23,0.999,0.05,
2893_14,0,teacher,agree|refine_failed|no_bar_pair,no_bar_pair,P(2),4(4),0.9724,0.9713,41.59,0.9243,2.41,
2895_14,0,teacher,agree|refine_failed|no_bar_pair,no_bar_pair,P(2),4(4),0.9695,0.8885,44.72,0.9569,1.14,
2895_14,3,teacher,conflict|conflict_iou|conflict_kpt|refine_skipped|plate_too_small,plate_too_small,P(2),3(3),0.4364,0.3472,17.26,0.8473,6.79,
2903_14,0,teacher,agree|refine_failed|no_bar_pair,no_bar_pair,P(2),4(4),0.9588,0.924,45.33,0.9769,0.66,
290_17,0,teacher,agree|refine_failed|no_bar_pair,no_bar_pair,B(0),4(4),0.9336,0.9102,151.67,0.9093,2.04,
2928_14,1,teacher,conflict|conflict_kpt|refine_skipped|plate_too_small,plate_too_small,R(1),3(3),0.8391,0.885,14.98,0.8516,6.21,
2940,2,teacher,agree|refine_skipped|plate_too_small|tiny,plate_too_small,R(1),2(2),0.7688,0.7695,10.2,0.996,0.16,
2941,1,teacher,agree|refine_skipped|plate_too_small|tiny,plate_too_small,R(1),2(2),0.7904,0.7928,11.39,0.9963,0.12,
2942,1,teacher,agree|refine_skipped|plate_too_small|tiny,plate_too_small,R(1),2(2),0.8819,0.8818,10.76,0.9974,0.13,
2943,2,teacher,agree|refine_skipped|plate_too_small|tiny,plate_too_small,R(1),2(2),0.8045,0.8086,11.29,0.9937,0.19,
2944,2,teacher,agree|refine_skipped|plate_too_small|tiny,plate_too_small,R(1),2(2),0.6378,0.6353,9.79,0.9973,0.12,
2947,1,teacher,agree|refine_skipped|plate_too_small|tiny,plate_too_small,R(1),2(2),0.7612,0.7647,11.74,0.9964,0.15,
296,2,teacher,agree|refine_failed|no_bar_pair,no_bar_pair,R(1),2(2),0.7279,0.7239,46.3,0.9973,0.11,
2963_14,1,teacher,conflict|conflict_kpt|refine_skipped|plate_too_small,plate_too_small,R(1),3(3),0.7576,0.8154,13.93,0.9141,5.12,
2971_14,2,teacher,agree|refine_failed|no_bar_pair,no_bar_pair,P(2),4(4),0.8877,0.9637,43.22,0.9404,1.71,
3012,0,teacher,agree|refine_failed|no_bar_pair,no_bar_pair,B(0),3(3),0.9797,0.9796,178.4,0.999,0.03,
3013,0,teacher,agree|refine_failed|no_bar_pair,no_bar_pair,B(0),3(3),0.9804,0.9803,164.34,0.9998,0.01,
302,1,teacher,agree|refine_failed|no_bar_pair,no_bar_pair,R(1),2(2),0.8127,0.8049,24.39,0.9873,0.4,
3044_14,1,teacher,conflict|conflict_iou|conflict_kpt|refine_skipped|plate_too_small,plate_too_small,R(1),3(3),0.7198,0.4402,14.48,0.8268,7.71,
3047_14,1,teacher,no_match|secondary_only|refine_failed|no_bar_pair,no_bar_pair,B(0),7(0),,0.3443,30.18,,,
3048_14,0,teacher,agree|refine_failed|no_bar_pair,no_bar_pair,R(1),4(4),0.8995,0.885,77.41,0.947,1.45,
305,1,teacher,agree|refine_failed|no_bar_pair,no_bar_pair,R(1),2(2),0.577,0.5779,38.37,0.9973,0.12,
3057_14,1,teacher,no_match|primary_only|refine_failed|no_bar_pair,no_bar_pair,B(0),4(4),0.6177,,103.52,,,
3073_14,1,teacher,agree|refine_failed|no_bar_pair,no_bar_pair,B(0),7(0),0.9193,0.9578,25.82,0.9059,3.63,
3078,0,teacher,agree|refine_failed|no_bar_pair,no_bar_pair,B(0),3(3),0.4746,0.4754,31.94,0.9966,0.26,
3080_14,0,teacher,agree|refine_failed|no_bar_pair,no_bar_pair,B(0),7(0),0.8564,0.8984,44.83,0.9259,1.87,
309,1,teacher,agree|refine_failed|no_bar_pair,no_bar_pair,R(1),4(4),0.755,0.7563,32.17,0.9934,0.29,
3098_14,1,teacher,agree|refine_failed|no_bar_pair,no_bar_pair,R(1),4(4),0.9083,0.8481,30.18,0.9618,1.93,
310,1,refine,conflict|conflict_cls|refine_ok,,R(1),4(4),0.4704,0.4631,24.52,0.9957,0.18,2.07
3103_18,0,teacher,agree|refine_failed|no_bar_pair,no_bar_pair,B(0),7(0),0.9197,0.9398,107.37,0.9345,1.65,
3118,1,teacher,agree|refine_failed|no_bar_pair,no_bar_pair,B(0),3(3),0.8929,0.8917,31.7,0.9967,0.11,
3121_14,1,teacher,agree|refine_failed|no_bar_pair,no_bar_pair,B(0),7(0),0.9163,0.8867,73.37,0.8762,4.4,
3123,0,teacher,agree|refine_failed|no_bar_pair,no_bar_pair,B(0),4(4),0.3053,0.3069,48.35,0.9968,0.15,
3124,0,teacher,agree|refine_failed|no_bar_pair,no_bar_pair,B(0),4(4),0.9529,0.9526,83.04,0.9967,0.09,
3132,1,teacher,agree|refine_failed|no_bar_pair,no_bar_pair,B(0),3(3),0.4116,0.4094,24.44,0.9972,0.1,
3137,1,teacher,agree|refine_failed|no_bar_pair,no_bar_pair,B(0),4(4),0.6072,0.6081,25.18,0.9955,0.13,
3138,1,teacher,agree|refine_failed|no_bar_pair,no_bar_pair,B(0),4(4),0.5918,0.5821,34.51,0.9899,0.35,
3139,1,teacher,agree|refine_failed|no_bar_pair,no_bar_pair,B(0),2(2),0.3677,0.3599,50.62,0.992,0.24,
3144_14,0,teacher,agree|refine_failed|no_bar_pair,no_bar_pair,B(0),7(0),0.9437,0.9376,36.65,0.9477,2.32,
3149,1,teacher,agree|refine_failed|no_bar_pair,no_bar_pair,B(0),3(3),0.5062,0.5057,30.15,0.9938,0.16,
3152,0,teacher,agree|refine_failed|no_bar_pair,no_bar_pair,B(0),4(4),0.8412,0.8391,71.78,0.997,0.1,
3153,0,teacher,agree|refine_failed|no_bar_pair,no_bar_pair,B(0),4(4),0.8056,0.8053,72.2,0.9959,0.09,
3154,1,teacher,agree|refine_failed|no_bar_pair,no_bar_pair,B(0),4(4),0.704,0.7057,63.03,0.997,0.1,
3158,2,teacher,agree|refine_failed|no_bar_pair,no_bar_pair,B(0),3(3),0.4035,0.4078,52.45,0.9968,0.09,
3159,2,teacher,agree|refine_failed|no_bar_pair,no_bar_pair,B(0),3(3),0.4832,0.4842,52.26,0.9988,0.05,
3161,1,teacher,agree|refine_failed|no_bar_pair,no_bar_pair,B(0),3(3),0.7003,0.6975,28.16,0.998,0.06,
3161_14,0,teacher,no_match|primary_only|refine_skipped|plate_too_small,plate_too_small,B(0),3(3),0.2914,,21.68,,,
3162_14,0,refine,conflict|conflict_cls|refine_ok,,B(0),7(0),0.8077,0.7917,25.57,0.9338,1.58,0.93
3164,1,teacher,agree|refine_failed|no_bar_pair,no_bar_pair,B(0),4(4),0.2922,0.2906,24.22,0.9882,0.56,
3165_14,0,teacher,agree|refine_failed|no_bar_pair,no_bar_pair,R(1),4(4),0.9135,0.9638,36.05,0.9448,2.13,
3172,0,teacher,agree|refine_failed|no_bar_pair,no_bar_pair,B(0),4(4),0.7977,0.7981,43.13,0.9953,0.09,
3179,0,teacher,agree|refine_failed|no_bar_pair,no_bar_pair,B(0),3(3),0.7978,0.7992,39.63,0.9968,0.13,
3182,0,teacher,agree|refine_failed|no_bar_pair,no_bar_pair,B(0),3(3),0.7354,0.7297,32.43,0.9956,0.11,
3189_14,0,teacher,conflict|conflict_iou|conflict_kpt|refine_failed|no_bar_pair,no_bar_pair,B(0),7(0),0.3928,0.5228,27.89,0.8394,7.0,
319,1,teacher,agree|refine_failed|no_bar_pair,no_bar_pair,R(1),2(2),0.6315,0.627,125.13,0.998,0.06,
3194,1,teacher,agree|refine_failed|no_bar_pair,no_bar_pair,B(0),4(4),0.8462,0.8415,52.98,0.9956,0.15,
3195_14,0,teacher,agree|refine_failed|no_bar_pair,no_bar_pair,R(1),4(4),0.9465,0.9399,32.34,0.9254,3.1,
3199,2,teacher,agree|refine_failed|no_bar_pair,no_bar_pair,B(0),3(3),0.3418,0.3405,30.26,0.9981,0.07,
3202,1,teacher,agree|refine_failed|no_bar_pair,no_bar_pair,B(0),4(4),0.5708,0.5742,60.25,0.9972,0.06,
3203,0,teacher,agree|refine_failed|no_bar_pair,no_bar_pair,B(0),3(3),0.6859,0.6853,30.6,0.9957,0.09,
3208,2,teacher,conflict|conflict_iou|refine_failed|no_bar_pair,no_bar_pair,B(0),3(3),0.2561,0.2558,29.62,0.8247,4.59,
3210,1,teacher,agree|refine_failed|no_bar_pair,no_bar_pair,B(0),4(4),0.8292,0.8282,36.39,0.9933,0.19,
3211,0,teacher,agree|refine_failed|no_bar_pair,no_bar_pair,B(0),4(4),0.8331,0.8389,25.69,0.9898,0.4,
3218,2,refine,conflict|conflict_iou|conflict_kpt|refine_ok,,B(0),4(4),0.3539,0.3538,24.8,0.7752,12.62,3.58
3222,0,teacher,agree|refine_failed|no_bar_pair,no_bar_pair,B(0),4(4),0.9599,0.9591,71.03,0.9981,0.07,
3226,2,teacher,agree|refine_failed|no_bar_pair,no_bar_pair,R(1),4(4),0.4121,0.4121,24.86,0.9973,0.08,
3236,1,teacher,agree|refine_failed|no_bar_pair,no_bar_pair,B(0),4(4),0.8826,0.8799,46.09,0.9958,0.09,
3241,0,teacher,agree|refine_failed|no_bar_pair,no_bar_pair,B(0),3(3),0.7985,0.7979,28.44,0.996,0.12,
3243,0,teacher,agree|refine_failed|no_bar_pair,no_bar_pair,B(0),4(4),0.6221,0.6183,35.77,0.9976,0.08,
3246,0,teacher,agree|refine_failed|no_bar_pair,no_bar_pair,B(0),4(4),0.7713,0.7707,35.3,0.9965,0.12,
3246,2,teacher,agree|refine_failed|no_bar_pair,no_bar_pair,P(2),3(3),0.4849,0.4883,27.99,0.9942,0.24,
3247,1,teacher,agree|refine_failed|no_bar_pair,no_bar_pair,P(2),4(4),0.4849,0.4845,43.78,0.995,0.16,
3249,1,teacher,agree|refine_failed|no_bar_pair,no_bar_pair,P(2),4(4),0.364,0.3628,40.86,0.9982,0.05,
3250,2,teacher,agree|refine_failed|no_bar_pair,no_bar_pair,P(2),4(4),0.27,0.2695,45.42,0.9946,0.16,
3255,1,teacher,agree|refine_failed|no_bar_pair,no_bar_pair,B(0),4(4),0.3734,0.3692,27.01,0.9986,0.05,
3266,1,teacher,agree|refine_failed|no_bar_pair,no_bar_pair,B(0),3(3),0.7114,0.712,38.52,0.995,0.11,
3269,1,teacher,agree|refine_failed|no_bar_pair,no_bar_pair,B(0),4(4),0.8922,0.8924,29.99,0.996,0.12,
3270,0,teacher,agree|refine_failed|no_bar_pair,no_bar_pair,P(2),4(4),0.4481,0.4476,45.41,0.9975,0.08,
3271,1,teacher,agree|refine_failed|no_bar_pair,no_bar_pair,P(2),4(4),0.6473,0.6469,41.44,0.9954,0.18,
3272,1,teacher,agree|refine_failed|no_bar_pair,no_bar_pair,B(0),4(4),0.2873,0.2889,33.23,0.9951,0.22,
3281,0,teacher,agree|refine_failed|no_bar_pair,no_bar_pair,B(0),3(3),0.6567,0.6544,28.78,0.9954,0.19,
3281,1,teacher,agree|refine_failed|no_bar_pair,no_bar_pair,B(0),4(4),0.2641,0.2634,36.38,0.9948,0.21,
3287,2,teacher,agree|refine_failed|no_bar_pair,no_bar_pair,P(2),4(4),0.6563,0.6507,35.45,0.9946,0.19,
3288,1,teacher,agree|refine_failed|no_bar_pair,no_bar_pair,B(0),4(4),0.9571,0.9564,75.88,0.9972,0.08,
3290,1,teacher,agree|refine_failed|no_bar_pair,no_bar_pair,B(0),4(4),0.5363,0.5445,51.39,0.998,0.1,
3310,0,teacher,agree|refine_failed|no_bar_pair,no_bar_pair,B(0),3(3),0.8012,0.7996,29.84,0.9966,0.1,
3311,0,teacher,agree|refine_failed|no_bar_pair,no_bar_pair,B(0),3(3),0.8582,0.8581,26.26,0.9982,0.07,
3315,0,teacher,agree|refine_failed|no_bar_pair,no_bar_pair,B(0),4(4),0.9213,0.9192,73.22,0.9981,0.06,
332,0,teacher,agree|refine_failed|no_bar_pair,no_bar_pair,R(1),4(4),0.9041,0.9057,168.42,0.9957,0.17,
332,1,teacher,agree|refine_failed|no_bar_pair,no_bar_pair,R(1),4(4),0.893,0.8951,273.91,0.9972,0.11,
3321,0,teacher,agree|refine_failed|no_bar_pair,no_bar_pair,B(0),4(4),0.5406,0.5377,27.02,0.9937,0.15,
3324,1,teacher,agree|refine_failed|no_bar_pair,no_bar_pair,B(0),4(4),0.2825,0.2815,28.31,0.9947,0.22,
3325,1,teacher,agree|refine_failed|no_bar_pair,no_bar_pair,B(0),3(3),0.7176,0.7181,28.68,0.9965,0.1,
3325,2,teacher,agree|refine_failed|no_bar_pair,no_bar_pair,B(0),4(4),0.351,0.3514,33.64,0.9977,0.1,
3327,0,teacher,agree|refine_failed|no_bar_pair,no_bar_pair,B(0),4(4),0.9115,0.9116,54.02,0.9976,0.08,
3328,1,teacher,agree|refine_failed|no_bar_pair,no_bar_pair,P(2),4(4),0.7159,0.7119,39.44,0.994,0.15,
3329,2,teacher,agree|refine_failed|no_bar_pair,no_bar_pair,P(2),4(4),0.5435,0.5377,34.99,0.9961,0.14,
3330,2,teacher,agree|refine_failed|no_bar_pair,no_bar_pair,B(0),4(4),0.5492,0.5523,31.73,0.997,0.09,
3333,2,teacher,agree|refine_failed|no_bar_pair,no_bar_pair,B(0),4(4),0.7427,0.745,48.99,0.9963,0.08,
3342,2,teacher,agree|refine_failed|no_bar_pair,no_bar_pair,B(0),3(3),0.2889,0.2849,26.47,0.9952,0.13,
3346,1,teacher,no_match|primary_only|refine_skipped|plate_too_small,plate_too_small,B(0),4(4),0.2505,,21.01,,,
3351,2,teacher,agree|refine_failed|no_bar_pair,no_bar_pair,P(2),4(4),0.4151,0.4086,40.88,0.992,0.29,
3361,1,teacher,agree|refine_failed|no_bar_pair,no_bar_pair,B(0),4(4),0.5632,0.5644,44.95,0.9974,0.07,
3367,1,teacher,agree|refine_failed|no_bar_pair,no_bar_pair,B(0),4(4),0.4757,0.4729,38.15,0.9973,0.07,
3374,0,teacher,agree|refine_failed|no_bar_pair,no_bar_pair,B(0),4(4),0.8563,0.8565,26.54,0.9947,0.19,
3375,2,teacher,agree|refine_failed|no_bar_pair,no_bar_pair,B(0),3(3),0.3123,0.3109,27.34,0.9891,0.42,
3378,0,teacher,agree|refine_failed|no_bar_pair,no_bar_pair,B(0),4(4),0.5815,0.5839,25.75,0.9917,0.36,
3385,2,teacher,agree|refine_failed|no_bar_pair,no_bar_pair,B(0),4(4),0.3017,0.3032,32.49,0.989,0.4,
339,1,teacher,agree|refine_failed|no_bar_pair,no_bar_pair,R(1),3(3),0.4765,0.473,31.48,0.9952,0.19,
3400,0,teacher,agree|refine_failed|no_bar_pair,no_bar_pair,B(0),4(4),0.8929,0.8928,30.15,0.9983,0.08,
341,1,teacher,agree|refine_failed|no_bar_pair,no_bar_pair,B(0),4(4),0.9326,0.9321,134.17,0.9996,0.02,
3410,1,teacher,agree|refine_failed|no_bar_pair,no_bar_pair,P(2),4(4),0.9175,0.9177,79.92,0.9983,0.05,
3414,1,teacher,agree|refine_failed|no_bar_pair,no_bar_pair,R(1),4(4),0.7444,0.7416,41.33,0.993,0.17,
3415,1,teacher,agree|refine_failed|no_bar_pair,no_bar_pair,R(1),4(4),0.8091,0.8065,33.17,0.9962,0.14,
3421,0,teacher,agree|refine_failed|no_bar_pair,no_bar_pair,R(1),4(4),0.5545,0.5525,31.96,0.9974,0.07,
3421,1,teacher,agree|refine_failed|no_bar_pair,no_bar_pair,R(1),4(4),0.3723,0.3742,27.68,0.9954,0.17,
3425,0,teacher,agree|refine_failed|no_bar_pair,no_bar_pair,R(1),3(3),0.4261,0.425,26.14,0.9966,0.12,
3427,0,teacher,agree|refine_failed|no_bar_pair,no_bar_pair,R(1),4(4),0.7039,0.6938,30.16,0.9936,0.18,
3427,1,teacher,agree|refine_failed|no_bar_pair,no_bar_pair,R(1),4(4),0.4087,0.4021,38.98,0.9939,0.16,
3428,0,teacher,agree|refine_failed|no_bar_pair,no_bar_pair,P(2),4(4),0.586,0.5781,38.55,0.9927,0.19,
3433,1,teacher,agree|refine_failed|no_bar_pair,no_bar_pair,R(1),4(4),0.6442,0.6397,30.67,0.9965,0.13,
3437,2,teacher,agree|refine_failed|no_bar_pair,no_bar_pair,R(1),4(4),0.3782,0.3724,25.73,0.9983,0.08,
3438,0,teacher,agree|refine_failed|no_bar_pair,no_bar_pair,R(1),4(4),0.8002,0.8002,59.45,0.9961,0.1,
3445,1,teacher,agree|refine_failed|no_bar_pair,no_bar_pair,R(1),4(4),0.8073,0.8054,31.43,0.9963,0.09,
3454,0,teacher,agree|refine_failed|no_bar_pair,no_bar_pair,R(1),4(4),0.8389,0.8381,26.59,0.9991,0.04,
3459,0,teacher,agree|refine_failed|no_bar_pair,no_bar_pair,R(1),4(4),0.3523,0.3508,50.46,0.9976,0.09,
346,1,teacher,agree|refine_failed|no_bar_pair,no_bar_pair,B(0),2(2),0.8064,0.8084,55.12,0.998,0.08,
346,2,teacher,agree|refine_failed|no_bar_pair,no_bar_pair,B(0),4(4),0.7283,0.7356,52.68,0.9969,0.15,
3464,0,teacher,agree|refine_failed|no_bar_pair,no_bar_pair,R(1),4(4),0.6666,0.6638,28.63,0.998,0.09,
347,3,teacher,agree|refine_failed|no_bar_pair,no_bar_pair,R(1),4(4),0.7209,0.7277,30.55,0.9953,0.2,
3481,0,teacher,agree|refine_failed|no_bar_pair,no_bar_pair,R(1),4(4),0.3336,0.3328,27.44,0.9944,0.16,
3483,1,teacher,agree|refine_failed|no_bar_pair,no_bar_pair,R(1),3(3),0.2971,0.2909,31.77,0.996,0.12,
3496,1,teacher,agree|refine_failed|no_bar_pair,no_bar_pair,R(1),4(4),0.6345,0.6338,73.95,0.9963,0.09,
3496,2,teacher,agree|refine_failed|no_bar_pair,no_bar_pair,R(1),4(4),0.6316,0.6281,31.25,0.9945,0.15,
3497,1,teacher,agree|refine_failed|no_bar_pair,no_bar_pair,R(1),4(4),0.6182,0.61,32.32,0.9973,0.08,
3498,0,teacher,agree|refine_failed|no_bar_pair,no_bar_pair,R(1),4(4),0.6277,0.6242,26.85,0.995,0.14,
35,0,teacher,agree|refine_failed|no_bar_pair,no_bar_pair,B(0),4(4),0.954,0.9536,215.54,0.999,0.03,
3539,0,teacher,agree|refine_failed|no_bar_pair,no_bar_pair,B(0),4(4),0.8893,0.8888,58.02,0.9956,0.14,
3548,0,teacher,agree|refine_failed|no_bar_pair,no_bar_pair,B(0),4(4),0.3614,0.3586,48.02,0.9972,0.11,
3549,0,teacher,agree|refine_failed|no_bar_pair,no_bar_pair,B(0),4(4),0.8505,0.8485,61.53,0.9972,0.09,
3550,0,teacher,agree|refine_failed|no_bar_pair,no_bar_pair,B(0),4(4),0.8966,0.8975,66.9,0.9981,0.06,
3554,0,teacher,agree|refine_failed|no_bar_pair,no_bar_pair,B(0),4(4),0.7648,0.7641,60.97,0.997,0.07,
3558,0,teacher,agree|refine_failed|no_bar_pair,no_bar_pair,B(0),3(3),0.7009,0.7039,52.03,0.9969,0.11,
3570,0,teacher,agree|refine_failed|no_bar_pair,no_bar_pair,B(0),4(4),0.2805,0.2751,30.95,0.9908,0.26,
3572,0,teacher,agree|refine_failed|no_bar_pair,no_bar_pair,B(0),3(3),0.4594,0.4582,28.5,0.9928,0.22,
3578,0,teacher,agree|refine_failed|no_bar_pair,no_bar_pair,B(0),3(3),0.2758,0.2675,25.69,0.9918,0.31,
3584,0,teacher,agree|refine_failed|no_bar_pair,no_bar_pair,B(0),4(4),0.5171,0.5183,39.55,0.9943,0.15,
3585,0,teacher,agree|refine_failed|no_bar_pair,no_bar_pair,B(0),4(4),0.5248,0.5245,51.72,0.9958,0.13,
3605,0,teacher,agree|refine_failed|no_bar_pair,no_bar_pair,B(0),4(4),0.344,0.3519,44.87,0.9954,0.24,
3611,0,teacher,agree|refine_failed|no_bar_pair,no_bar_pair,B(0),4(4),0.9395,0.9404,112.43,0.9976,0.07,
3614,0,teacher,agree|refine_failed|no_bar_pair,no_bar_pair,B(0),4(4),0.9756,0.9751,93.69,0.9969,0.08,
3616,0,teacher,agree|refine_failed|no_bar_pair,no_bar_pair,B(0),4(4),0.9632,0.9625,84.3,0.9976,0.07,
3617,0,teacher,agree|refine_failed|no_bar_pair,no_bar_pair,B(0),4(4),0.9286,0.9294,75.16,0.9961,0.11,
3619,0,teacher,agree|refine_failed|no_bar_pair,no_bar_pair,B(0),4(4),0.9715,0.9715,85.04,0.9982,0.07,
3619,1,teacher,agree|refine_failed|no_bar_pair,no_bar_pair,B(0),4(4),0.3285,0.3255,79.37,0.9989,0.04,
3627,0,teacher,agree|refine_failed|no_bar_pair,no_bar_pair,B(0),4(4),0.9183,0.9198,91.1,0.9985,0.05,
362_16,0,refine,conflict|conflict_cls|refine_ok,,B(0),7(0),0.6849,0.9136,43.05,0.9346,2.03,0.74
363,1,teacher,agree|refine_failed|no_bar_pair,no_bar_pair,R(1),2(2),0.9341,0.9349,68.84,0.9987,0.05,
3651,0,teacher,agree|refine_failed|no_bar_pair,no_bar_pair,B(0),4(4),0.6601,0.6551,38.11,0.9921,0.2,
366,0,teacher,agree|refine_failed|no_bar_pair,no_bar_pair,P(2),4(4),0.9374,0.9376,65.41,0.9973,0.07,
366,1,teacher,agree|refine_failed|no_bar_pair,no_bar_pair,P(2),4(4),0.8655,0.8661,33.68,0.9976,0.1,
3663,1,teacher,agree|refine_failed|no_bar_pair,no_bar_pair,B(0),4(4),0.3997,0.4022,27.05,0.995,0.14,
3664,1,teacher,agree|refine_failed|no_bar_pair,no_bar_pair,B(0),4(4),0.7669,0.765,43.01,0.9969,0.08,
3665,0,teacher,agree|refine_failed|no_bar_pair,no_bar_pair,B(0),4(4),0.7452,0.7378,53.39,0.9969,0.09,
3665,1,teacher,agree|refine_failed|no_bar_pair,no_bar_pair,P(2),4(4),0.6519,0.6411,50.89,0.9965,0.1,
3667,0,teacher,agree|refine_failed|no_bar_pair,no_bar_pair,P(2),4(4),0.66,0.6573,51.8,0.9958,0.12,
3667,2,teacher,agree|refine_failed|no_bar_pair,no_bar_pair,B(0),4(4),0.3032,0.2974,33.2,0.997,0.11,
3668,2,teacher,agree|refine_failed|no_bar_pair,no_bar_pair,B(0),4(4),0.8,0.8005,48.43,0.9975,0.08,
3669,1,teacher,agree|refine_failed|no_bar_pair,no_bar_pair,B(0),4(4),0.6515,0.6502,40.77,0.9956,0.16,
3670,1,teacher,agree|refine_failed|no_bar_pair,no_bar_pair,B(0),4(4),0.4292,0.425,57.21,0.9959,0.15,
3671,1,teacher,agree|refine_failed|no_bar_pair,no_bar_pair,B(0),4(4),0.2646,0.2658,55.9,0.9928,0.3,
3680,1,teacher,agree|refine_failed|no_bar_pair,no_bar_pair,B(0),4(4),0.7033,0.6993,53.63,0.9962,0.08,
3683,0,teacher,agree|refine_failed|no_bar_pair,no_bar_pair,B(0),4(4),0.8494,0.8479,28.51,0.9227,3.34,
3685,0,teacher,agree|refine_failed|no_bar_pair,no_bar_pair,B(0),4(4),0.7162,0.7157,40.44,0.9952,0.15,
3687,1,teacher,agree|refine_failed|no_bar_pair,no_bar_pair,B(0),4(4),0.7053,0.7025,25.79,0.9968,0.09,
3689,1,teacher,agree|refine_failed|no_bar_pair,no_bar_pair,B(0),3(3),0.3108,0.3056,24.94,0.982,0.48,
3690,1,teacher,no_match|primary_only|refine_skipped|plate_too_small,plate_too_small,B(0),3(3),0.2514,,23.77,,,
3702,0,teacher,agree|refine_failed|no_bar_pair,no_bar_pair,B(0),4(4),0.4561,0.4491,48.13,0.9955,0.18,
3705,1,teacher,agree|refine_failed|no_bar_pair,no_bar_pair,B(0),4(4),0.7536,0.7522,30.06,0.9964,0.13,
3706,0,teacher,agree|refine_failed|no_bar_pair,no_bar_pair,B(0),4(4),0.8112,0.8082,24.81,0.995,0.15,
3707,0,teacher,agree|refine_failed|no_bar_pair,no_bar_pair,B(0),4(4),0.9128,0.9131,73.94,0.9972,0.06,
3707,1,teacher,agree|refine_failed|no_bar_pair,no_bar_pair,B(0),3(3),0.614,0.6106,30.09,0.9924,0.27,
371,0,teacher,conflict|conflict_cls|refine_skipped|plate_too_small,plate_too_small,R(1),3(3),0.7569,0.7561,20.86,0.9898,0.27,
3713,1,refine,conflict|conflict_cls|refine_ok,,B(0),4(4),0.507,0.507,24.7,0.9958,0.12,2.84
3714,0,teacher,agree|refine_failed|no_bar_pair,no_bar_pair,B(0),4(4),0.5768,0.5771,56.69,0.9947,0.13,
3715,1,teacher,agree|refine_failed|no_bar_pair,no_bar_pair,B(0),4(4),0.399,0.399,30.5,0.9943,0.19,
3716,0,teacher,agree|refine_failed|no_bar_pair,no_bar_pair,B(0),4(4),0.6618,0.6634,27.37,0.9949,0.19,
3716,1,teacher,agree|refine_failed|no_bar_pair,no_bar_pair,B(0),4(4),0.5888,0.5924,51.47,0.9965,0.08,
3718,0,teacher,agree|refine_failed|no_bar_pair,no_bar_pair,B(0),4(4),0.5079,0.5099,55.52,0.9955,0.1,
3724,0,teacher,agree|refine_failed|no_bar_pair,no_bar_pair,B(0),2(2),0.5909,0.588,35.92,0.9968,0.1,
3725,0,teacher,agree|refine_failed|no_bar_pair,no_bar_pair,B(0),4(4),0.6483,0.6491,34.52,0.9956,0.12,
3728,0,teacher,agree|refine_failed|no_bar_pair,no_bar_pair,B(0),3(3),0.7197,0.7217,32.79,0.9941,0.15,
3730,1,teacher,agree|refine_failed|no_bar_pair,no_bar_pair,B(0),3(3),0.578,0.5775,40.77,0.9975,0.09,
3732,0,teacher,agree|refine_failed|no_bar_pair,no_bar_pair,B(0),4(4),0.3584,0.3595,33.01,0.9934,0.21,
3737,0,teacher,agree|refine_failed|no_bar_pair,no_bar_pair,B(0),3(3),0.3526,0.3539,28.2,0.9934,0.23,
3738,0,teacher,agree|refine_failed|no_bar_pair,no_bar_pair,B(0),4(4),0.4395,0.4383,28.04,0.995,0.2,
3739,0,teacher,agree|refine_failed|no_bar_pair,no_bar_pair,B(0),4(4),0.3608,0.3583,24.49,0.9958,0.18,
374,1,teacher,agree|refine_failed|no_bar_pair,no_bar_pair,B(0),3(3),0.7949,0.792,40.2,0.998,0.11,
3741,0,teacher,agree|refine_failed|no_bar_pair,no_bar_pair,B(0),4(4),0.7385,0.7337,26.6,0.9959,0.14,
3744,0,teacher,agree|refine_failed|no_bar_pair,no_bar_pair,B(0),3(3),0.4153,0.4092,24.77,0.9825,0.51,
3746,0,teacher,agree|refine_failed|no_bar_pair,no_bar_pair,B(0),4(4),0.3995,0.3935,24.02,0.9924,0.28,
3747,1,teacher,agree|refine_failed|no_bar_pair,no_bar_pair,B(0),3(3),0.5518,0.5484,25.62,0.995,0.12,
3753,0,teacher,agree|refine_failed|no_bar_pair,no_bar_pair,B(0),4(4),0.4965,0.4933,77.37,0.9953,0.14,
3756,0,teacher,agree|refine_failed|no_bar_pair,no_bar_pair,B(0),3(3),0.8223,0.8236,32.91,0.9984,0.05,
3757,1,teacher,agree|refine_failed|no_bar_pair,no_bar_pair,B(0),4(4),0.7738,0.7778,93.36,0.9975,0.06,
3758,0,teacher,agree|refine_failed|no_bar_pair,no_bar_pair,B(0),4(4),0.7347,0.7388,24.28,0.9925,0.19,
3758,1,teacher,agree|refine_failed|no_bar_pair,no_bar_pair,B(0),3(3),0.2774,0.2828,26.17,0.9935,0.23,
3767,0,teacher,agree|refine_failed|no_bar_pair,no_bar_pair,B(0),4(4),0.3295,0.3288,54.52,0.9955,0.14,
3769,1,teacher,agree|refine_failed|no_bar_pair,no_bar_pair,B(0),4(4),0.3452,0.34,32.64,0.9931,0.24,
377,1,teacher,agree|refine_failed|no_bar_pair,no_bar_pair,B(0),3(3),0.7746,0.7767,49.58,0.9975,0.06,
3771,0,teacher,agree|refine_failed|no_bar_pair,no_bar_pair,B(0),4(4),0.9309,0.9314,56.65,0.997,0.1,
3771,1,teacher,agree|refine_failed|no_bar_pair,no_bar_pair,B(0),4(4),0.8535,0.8533,35.2,0.9956,0.1,
3771,2,teacher,agree|refine_failed|no_bar_pair,no_bar_pair,B(0),4(4),0.4832,0.4838,48.57,0.997,0.08,
3772,1,teacher,agree|refine_failed|no_bar_pair,no_bar_pair,B(0),4(4),0.69,0.6862,30.55,0.9936,0.17,
3773,1,teacher,agree|refine_failed|no_bar_pair,no_bar_pair,B(0),3(3),0.2939,0.2886,27.21,0.9953,0.15,
3774,1,teacher,agree|refine_failed|no_bar_pair,no_bar_pair,B(0),4(4),0.8817,0.8818,32.75,0.9991,0.02,
3781,0,teacher,agree|refine_failed|no_bar_pair,no_bar_pair,B(0),4(4),0.533,0.5272,68.73,0.9969,0.12,
3781,1,teacher,agree|refine_failed|no_bar_pair,no_bar_pair,B(0),2(2),0.5033,0.4991,24.39,0.9921,0.4,
3789,0,teacher,agree|refine_failed|no_bar_pair,no_bar_pair,B(0),4(4),0.6822,0.6826,40.71,0.9969,0.11,
3799,0,teacher,agree|refine_failed|no_bar_pair,no_bar_pair,B(0),3(3),0.7216,0.7154,47.59,0.9979,0.06,
3799,1,teacher,agree|refine_failed|no_bar_pair,no_bar_pair,B(0),3(3),0.4108,0.4039,26.3,0.9928,0.22,
3800,0,teacher,agree|refine_failed|no_bar_pair,no_bar_pair,B(0),3(3),0.2777,0.2714,28.62,0.9975,0.08,
3806,0,teacher,agree|refine_failed|no_bar_pair,no_bar_pair,B(0),4(4),0.5945,0.5914,31.75,0.995,0.2,
382,1,teacher,agree|refine_failed|no_bar_pair,no_bar_pair,R(1),2(2),0.3807,0.3816,69.41,0.9335,2.74,
3830,0,teacher,agree|refine_failed|no_bar_pair,no_bar_pair,R(1),3(3),0.8356,0.8336,35.27,0.9989,0.02,
3839,0,teacher,agree|refine_failed|no_bar_pair,no_bar_pair,R(1),3(3),0.7892,0.7872,42.71,0.9957,0.16,
3840,0,teacher,agree|refine_failed|no_bar_pair,no_bar_pair,R(1),3(3),0.479,0.473,24.73,0.9944,0.17,
3848,0,teacher,agree|refine_failed|no_bar_pair,no_bar_pair,R(1),3(3),0.7564,0.7522,39.59,0.9964,0.09,
385,0,teacher,agree|refine_failed|no_bar_pair,no_bar_pair,R(1),2(2),0.9531,0.9527,83.13,0.9981,0.08,
3867,0,teacher,agree|refine_failed|no_bar_pair,no_bar_pair,R(1),3(3),0.3332,0.3286,24.83,0.9909,0.34,
3871,0,teacher,agree|refine_failed|no_bar_pair,no_bar_pair,R(1),3(3),0.8273,0.8289,28.81,0.9956,0.18,
3872,0,teacher,agree|refine_failed|no_bar_pair,no_bar_pair,R(1),4(4),0.4831,0.4805,45.34,0.9956,0.14,
3874,0,teacher,agree|refine_failed|no_bar_pair,no_bar_pair,R(1),3(3),0.7969,0.7976,34.67,0.9934,0.21,
3875,0,teacher,agree|refine_failed|no_bar_pair,no_bar_pair,R(1),3(3),0.3404,0.3347,37.02,0.9953,0.13,
3876,0,teacher,agree|refine_failed|no_bar_pair,no_bar_pair,R(1),3(3),0.8398,0.8404,63.03,0.9978,0.05,
3880,0,teacher,agree|refine_failed|no_bar_pair,no_bar_pair,R(1),3(3),0.5911,0.5909,39.39,0.9932,0.16,
3890,0,teacher,agree|refine_failed|no_bar_pair,no_bar_pair,R(1),3(3),0.5221,0.5093,30.56,0.9947,0.14,
3892,0,teacher,agree|refine_failed|no_bar_pair,no_bar_pair,R(1),3(3),0.2718,0.2745,39.34,0.9879,0.41,
3896,0,teacher,agree|refine_failed|no_bar_pair,no_bar_pair,R(1),3(3),0.5285,0.5236,48.24,0.9925,0.21,
3916,0,teacher,agree|refine_failed|no_bar_pair,no_bar_pair,R(1),3(3),0.7304,0.7303,38.75,0.9955,0.12,
3932,0,teacher,agree|refine_failed|no_bar_pair,no_bar_pair,R(1),3(3),0.526,0.5222,41.29,0.9958,0.13,
3933,0,teacher,agree|refine_failed|no_bar_pair,no_bar_pair,R(1),3(3),0.3436,0.3443,49.31,0.9955,0.13,
3937,0,teacher,agree|refine_failed|no_bar_pair,no_bar_pair,R(1),4(4),0.3777,0.3681,26.52,0.9951,0.22,
3939,0,teacher,agree|refine_failed|no_bar_pair,no_bar_pair,R(1),3(3),0.3657,0.3563,27.33,0.9917,0.27,
3940,0,teacher,agree|refine_failed|no_bar_pair,no_bar_pair,R(1),3(3),0.2829,0.2849,37.61,0.9962,0.12,
3952,0,teacher,agree|refine_failed|no_bar_pair,no_bar_pair,R(1),3(3),0.274,0.2661,27.76,0.9931,0.25,
397,0,teacher,agree|refine_failed|no_bar_pair,no_bar_pair,B(0),2(2),0.9007,0.8994,351.07,0.9983,0.05,
3972,0,teacher,agree|refine_failed|no_bar_pair,no_bar_pair,R(1),3(3),0.7656,0.7644,46.61,0.9931,0.14,
3987,0,teacher,agree|refine_failed|no_bar_pair,no_bar_pair,R(1),3(3),0.6441,0.6398,29.94,0.9919,0.28,
398_16,2,teacher,agree|refine_failed|no_bar_pair,no_bar_pair,B(0),7(0),0.4005,0.3542,64.31,0.8732,4.51,
4,2,teacher,no_match|primary_only|refine_skipped|plate_too_small,plate_too_small,R(1),2(2),0.2572,,18.09,,,
4000,0,teacher,agree|refine_failed|no_bar_pair,no_bar_pair,B(0),3(3),0.8279,0.8262,49.88,0.9973,0.06,
4007,0,teacher,agree|refine_failed|no_bar_pair,no_bar_pair,B(0),4(4),0.311,0.309,38.75,0.9906,0.23,
4008,0,teacher,agree|refine_failed|no_bar_pair,no_bar_pair,B(0),3(3),0.8884,0.8861,54.96,0.998,0.07,
4009,0,teacher,agree|refine_failed|no_bar_pair,no_bar_pair,B(0),3(3),0.873,0.8727,55.69,0.9966,0.12,
4012,0,teacher,agree|refine_failed|no_bar_pair,no_bar_pair,B(0),4(4),0.6827,0.6768,30.95,0.9893,0.37,
4016,0,teacher,agree|refine_failed|no_bar_pair,no_bar_pair,B(0),3(3),0.6586,0.6514,51.98,0.9977,0.07,
402,1,teacher,agree|refine_failed|no_bar_pair,no_bar_pair,R(1),2(2),0.8776,0.876,70.2,0.9993,0.03,
4030,0,teacher,agree|refine_failed|no_bar_pair,no_bar_pair,B(0),3(3),0.6402,0.6363,25.22,0.9942,0.21,
4032,0,teacher,agree|refine_failed|no_bar_pair,no_bar_pair,B(0),3(3),0.3014,0.3025,29.62,0.9943,0.19,
4033,0,teacher,agree|refine_failed|no_bar_pair,no_bar_pair,B(0),3(3),0.7412,0.7416,46.43,0.9966,0.08,
4035,0,teacher,agree|refine_failed|no_bar_pair,no_bar_pair,B(0),3(3),0.5769,0.5788,53.01,0.9976,0.07,
404,1,teacher,agree|refine_failed|no_bar_pair,no_bar_pair,R(1),2(2),0.705,0.705,54.14,0.9991,0.05,
4041,0,teacher,agree|refine_failed|no_bar_pair,no_bar_pair,B(0),3(3),0.572,0.5705,47.26,0.9957,0.12,
4043,0,teacher,agree|refine_failed|no_bar_pair,no_bar_pair,B(0),3(3),0.2719,0.2719,33.88,0.9972,0.07,
4044,0,teacher,agree|refine_failed|no_bar_pair,no_bar_pair,B(0),3(3),0.3794,0.3762,35.55,0.9963,0.13,
4053,0,teacher,agree|refine_failed|no_bar_pair,no_bar_pair,B(0),4(4),0.7554,0.7485,41.94,0.9974,0.09,
408,1,teacher,agree|refine_failed|no_bar_pair,no_bar_pair,B(0),4(4),0.3858,0.384,82.61,0.9987,0.04,
4090,0,teacher,agree|refine_failed|no_bar_pair,no_bar_pair,R(1),3(3),0.8322,0.8308,50.76,0.9961,0.15,
4092,0,teacher,agree|refine_failed|no_bar_pair,no_bar_pair,R(1),3(3),0.3441,0.3333,34.65,0.995,0.14,
4095,0,teacher,agree|refine_failed|no_bar_pair,no_bar_pair,R(1),3(3),0.6682,0.6639,41.98,0.9961,0.14,
4105,0,teacher,agree|refine_failed|no_bar_pair,no_bar_pair,R(1),4(4),0.5673,0.5631,40.89,0.9941,0.13,
4115,0,teacher,agree|refine_failed|no_bar_pair,no_bar_pair,B(0),4(4),0.263,0.2595,29.58,0.996,0.11,
4118,0,teacher,agree|refine_failed|no_bar_pair,no_bar_pair,B(0),4(4),0.5051,0.4997,24.65,0.9921,0.22,
4119,0,teacher,conflict|conflict_cls|refine_skipped|plate_too_small,plate_too_small,B(0),3(3),0.3332,0.3294,20.61,0.9927,0.28,
4124,0,teacher,agree|refine_failed|no_bar_pair,no_bar_pair,B(0),3(3),0.5398,0.5347,24.76,0.995,0.17,
4125,0,teacher,agree|refine_failed|no_bar_pair,no_bar_pair,B(0),3(3),0.3554,0.3479,27.51,0.9929,0.23,
4126,0,teacher,agree|refine_failed|no_bar_pair,no_bar_pair,B(0),4(4),0.4529,0.4412,26.77,0.9921,0.27,
4127,0,teacher,agree|refine_failed|no_bar_pair,no_bar_pair,B(0),4(4),0.4131,0.4037,25.69,0.9945,0.23,
4128,0,teacher,agree|refine_failed|no_bar_pair,no_bar_pair,B(0),3(3),0.5602,0.5537,25.72,0.9956,0.12,
413,0,teacher,agree|refine_failed|no_bar_pair,no_bar_pair,B(0),2(2),0.9555,0.9555,153.63,0.9986,0.05,
4130,0,teacher,agree|refine_failed|no_bar_pair,no_bar_pair,B(0),4(4),0.2805,0.2734,29.41,0.9948,0.19,
414,1,teacher,agree|refine_failed|no_bar_pair,no_bar_pair,R(1),4(4),0.6584,0.6586,79.53,0.9988,0.03,
4140,0,teacher,agree|refine_failed|no_bar_pair,no_bar_pair,B(0),3(3),0.8437,0.8441,55.31,0.9956,0.09,
4146,0,teacher,agree|refine_failed|no_bar_pair,no_bar_pair,B(0),3(3),0.5468,0.5425,60.42,0.9965,0.11,
4157,0,teacher,agree|refine_failed|no_bar_pair,no_bar_pair,B(0),3(3),0.448,0.4369,48.1,0.9913,0.17,
4164,0,teacher,agree|refine_failed|no_bar_pair,no_bar_pair,B(0),4(4),0.5242,0.5112,25.63,0.9873,0.35,
4166,0,teacher,agree|refine_failed|no_bar_pair,no_bar_pair,B(0),3(3),0.3696,0.3629,43.79,0.9966,0.12,
4172,0,teacher,agree|refine_failed|no_bar_pair,no_bar_pair,B(0),3(3),0.5849,0.5855,47.89,0.9928,0.22,
4173,0,teacher,agree|refine_failed|no_bar_pair,no_bar_pair,B(0),4(4),0.6745,0.6697,28.44,0.9921,0.29,
4180,0,teacher,agree|refine_failed|no_bar_pair,no_bar_pair,B(0),3(3),0.4254,0.415,36.66,0.9955,0.21,
4191,0,teacher,agree|refine_failed|no_bar_pair,no_bar_pair,B(0),3(3),0.8626,0.8618,58.38,0.9963,0.1,
4198,0,teacher,agree|refine_failed|no_bar_pair,no_bar_pair,B(0),3(3),0.692,0.6921,24.99,0.9966,0.15,
4202,0,teacher,agree|refine_failed|no_bar_pair,no_bar_pair,B(0),3(3),0.8064,0.8028,46.2,0.9965,0.13,
4207,0,teacher,agree|refine_failed|no_bar_pair,no_bar_pair,B(0),3(3),0.2638,0.2615,26.43,0.9931,0.27,
4212,0,teacher,agree|refine_failed|no_bar_pair,no_bar_pair,B(0),3(3),0.3437,0.34,43.24,0.9944,0.13,
4218,0,teacher,agree|refine_failed|no_bar_pair,no_bar_pair,B(0),3(3),0.2577,0.2532,37.89,0.9974,0.09,
4219,0,teacher,agree|refine_failed|no_bar_pair,no_bar_pair,B(0),3(3),0.6335,0.6313,27.0,0.9942,0.25,
423,2,teacher,agree|refine_failed|no_bar_pair,no_bar_pair,B(0),2(2),0.8567,0.859,75.04,0.9966,0.08,
4230,0,teacher,agree|refine_failed|no_bar_pair,no_bar_pair,B(0),3(3),0.7041,0.7022,41.68,0.9967,0.09,
4231,0,teacher,agree|refine_failed|no_bar_pair,no_bar_pair,B(0),3(3),0.2627,0.2626,35.96,0.9973,0.09,
4238,0,teacher,agree|refine_failed|no_bar_pair,no_bar_pair,B(0),4(4),0.339,0.3364,49.77,0.995,0.11,
4259,0,teacher,agree|refine_failed|no_bar_pair,no_bar_pair,B(0),3(3),0.8387,0.8372,44.28,0.9978,0.05,
426,0,teacher,agree|refine_failed|no_bar_pair,no_bar_pair,R(1),2(2),0.9277,0.9267,113.64,0.9974,0.08,
4262,0,teacher,agree|refine_failed|no_bar_pair,no_bar_pair,B(0),3(3),0.5672,0.5648,27.58,0.9906,0.22,
4264,0,teacher,agree|refine_failed|no_bar_pair,no_bar_pair,B(0),4(4),0.3638,0.3629,50.67,0.9969,0.07,
4265,1,teacher,agree|refine_failed|no_bar_pair,no_bar_pair,R(1),2(2),0.7812,0.7888,29.92,0.9952,0.29,
4266,1,teacher,agree|refine_failed|no_bar_pair,no_bar_pair,R(1),2(2),0.7093,0.725,29.87,0.9956,0.23,
4267,1,teacher,agree|refine_failed|no_bar_pair,no_bar_pair,R(1),2(2),0.6261,0.6393,26.38,0.9907,0.61,
4273,1,teacher,agree|refine_failed|no_bar_pair,no_bar_pair,R(1),2(2),0.4579,0.4681,48.63,0.9956,0.11,
4276,1,teacher,agree|refine_failed|no_bar_pair,no_bar_pair,R(1),2(2),0.3263,0.3534,34.97,0.9908,0.51,
4280,1,teacher,agree|refine_failed|no_bar_pair,no_bar_pair,R(1),2(2),0.881,0.8813,41.15,0.9933,0.24,
4283,0,teacher,agree|refine_failed|no_bar_pair,no_bar_pair,R(1),2(2),0.6965,0.699,47.37,0.9973,0.09,
429,1,teacher,agree|refine_failed|no_bar_pair,no_bar_pair,B(0),2(2),0.5201,0.5205,161.15,0.9952,0.14,
4296,0,teacher,conflict|conflict_iou|conflict_kpt|refine_skipped|plate_too_small,plate_too_small,R(1),3(3),0.4972,0.4959,20.8,0.7785,11.3,
4299,0,teacher,agree|refine_failed|no_bar_pair,no_bar_pair,R(1),3(3),0.5324,0.5305,33.97,0.9934,0.15,
4313,1,teacher,agree|refine_failed|no_bar_pair,no_bar_pair,P(2),2(2),0.6347,0.6323,36.66,0.9967,0.11,
4315,1,teacher,agree|refine_failed|no_bar_pair,no_bar_pair,R(1),2(2),0.7424,0.7445,41.35,0.9961,0.13,
4319,1,teacher,agree|refine_failed|no_bar_pair,no_bar_pair,P(2),2(2),0.6136,0.6183,41.95,0.9961,0.13,
432,1,teacher,agree|refine_failed|no_bar_pair,no_bar_pair,R(1),2(2),0.9486,0.9486,119.13,0.9986,0.04,
432,2,teacher,agree|refine_failed|no_bar_pair,no_bar_pair,R(1),2(2),0.5478,0.5497,47.74,0.9984,0.07,
4327,1,teacher,agree|refine_failed|no_bar_pair,no_bar_pair,R(1),2(2),0.8191,0.8213,57.06,0.9967,0.1,
4328,0,teacher,agree|refine_failed|no_bar_pair,no_bar_pair,R(1),2(2),0.9299,0.9286,41.57,0.9981,0.09,
4331,1,teacher,agree|refine_failed|no_bar_pair,no_bar_pair,R(1),2(2),0.7263,0.7374,29.44,0.9876,0.65,
4346,1,teacher,agree|refine_failed|no_bar_pair,no_bar_pair,R(1),2(2),0.5009,0.5009,24.32,0.9944,0.28,
4352,0,teacher,agree|refine_failed|no_bar_pair,no_bar_pair,R(1),3(3),0.306,0.2993,31.05,0.9957,0.14,
4358,0,teacher,agree|refine_failed|no_bar_pair,no_bar_pair,R(1),2(2),0.3823,0.3823,35.47,0.9945,0.22,
4361,1,teacher,agree|refine_failed|no_bar_pair,no_bar_pair,R(1),3(3),0.2748,0.2706,26.48,0.9891,0.36,
4364,0,teacher,agree|refine_failed|no_bar_pair,no_bar_pair,R(1),3(3),0.7189,0.7171,27.63,0.9964,0.08,
4365,0,teacher,agree|refine_failed|no_bar_pair,no_bar_pair,R(1),3(3),0.5687,0.5659,24.1,0.9955,0.16,
4373,1,teacher,agree|refine_failed|no_bar_pair,no_bar_pair,P(2),2(2),0.7642,0.7672,52.63,0.994,0.16,
4376,1,teacher,agree|refine_failed|no_bar_pair,no_bar_pair,R(1),2(2),0.7941,0.7963,27.1,0.911,4.48,
4378,1,teacher,agree|refine_failed|no_bar_pair,no_bar_pair,R(1),2(2),0.621,0.6261,49.88,0.9949,0.13,
438,1,teacher,agree|refine_failed|no_bar_pair,no_bar_pair,R(1),3(3),0.7149,0.7125,29.58,0.9992,0.03,
439,0,teacher,agree|refine_failed|no_bar_pair,no_bar_pair,R(1),2(2),0.8973,0.8957,95.33,0.9988,0.04,
439,1,teacher,agree|refine_failed|no_bar_pair,no_bar_pair,R(1),2(2),0.7883,0.7883,75.57,0.9983,0.05,
4394,1,teacher,agree|refine_failed|no_bar_pair,no_bar_pair,R(1),2(2),0.5793,0.587,26.61,0.9893,0.57,
4400,1,teacher,agree|refine_failed|no_bar_pair,no_bar_pair,R(1),2(2),0.7905,0.7914,28.32,0.9947,0.22,
441,1,teacher,agree|refine_failed|no_bar_pair,no_bar_pair,B(0),2(2),0.3564,0.382,44.62,0.9845,0.52,
4410,1,teacher,agree|refine_failed|no_bar_pair,no_bar_pair,P(2),2(2),0.8131,0.8099,60.37,0.9957,0.16,
442,1,teacher,agree|refine_failed|no_bar_pair,no_bar_pair,R(1),2(2),0.7799,0.7765,67.84,0.9977,0.09,
4421,1,teacher,agree|refine_failed|no_bar_pair,no_bar_pair,P(2),2(2),0.6706,0.6619,41.68,0.9935,0.26,
4422,1,teacher,agree|refine_failed|no_bar_pair,no_bar_pair,P(2),2(2),0.8403,0.8397,56.27,0.9938,0.2,
4443,1,teacher,agree|refine_failed|no_bar_pair,no_bar_pair,B(0),2(2),0.7353,0.7311,31.67,0.9978,0.13,
4445,1,teacher,agree|refine_failed|no_bar_pair,no_bar_pair,B(0),2(2),0.5735,0.5705,42.58,0.9975,0.1,
4449,1,teacher,agree|refine_failed|no_bar_pair,no_bar_pair,P(2),2(2),0.9026,0.9017,67.22,0.9985,0.05,
4452,1,teacher,agree|refine_failed|no_bar_pair,no_bar_pair,B(0),2(2),0.5095,0.5056,28.36,0.9964,0.23,
4457,0,teacher,agree|refine_failed|no_bar_pair,no_bar_pair,B(0),2(2),0.6676,0.6611,28.47,0.9942,0.24,
4459,0,teacher,agree|refine_failed|no_bar_pair,no_bar_pair,B(0),3(3),0.7682,0.7636,28.2,0.9948,0.15,
4469,1,teacher,agree|refine_skipped|plate_too_small|tiny,plate_too_small,R(1),4(4),0.4739,0.4748,11.03,0.9969,0.12,
4470,1,teacher,agree|refine_failed|no_bar_pair,no_bar_pair,B(0),3(3),0.4384,0.4415,40.11,0.9983,0.07,
4475,1,teacher,agree|refine_failed|no_bar_pair,no_bar_pair,B(0),3(3),0.6328,0.6329,36.9,0.9977,0.13,
4477,1,teacher,agree|refine_failed|no_bar_pair,no_bar_pair,B(0),3(3),0.6811,0.6806,47.67,0.9991,0.06,
4479,0,teacher,agree|refine_failed|no_bar_pair,no_bar_pair,B(0),3(3),0.9251,0.9245,151.25,0.9995,0.02,
4490,1,teacher,agree|refine_failed|no_bar_pair,no_bar_pair,B(0),3(3),0.8731,0.8724,51.94,0.9986,0.06,
4493,1,teacher,agree|refine_failed|no_bar_pair,no_bar_pair,B(0),3(3),0.6876,0.6872,45.75,0.9994,0.02,
453,0,teacher,agree|refine_failed|no_bar_pair,no_bar_pair,R(1),4(4),0.6911,0.6914,44.09,0.9932,0.35,
4545,0,teacher,agree|refine_failed|no_bar_pair,no_bar_pair,P(2),2(2),0.4258,0.433,26.43,0.9959,0.13,
455_13,3,teacher,agree|refine_failed|no_bar_pair,no_bar_pair,P(2),7(0),0.6837,0.6069,63.74,0.9875,0.47,
460,1,teacher,agree|refine_failed|no_bar_pair,no_bar_pair,R(1),2(2),0.8148,0.8128,114.43,0.9806,0.87,
4604,1,teacher,agree|refine_failed|no_bar_pair,no_bar_pair,B(0),2(2),0.4542,0.4397,79.43,0.9943,0.18,
4605,1,teacher,agree|refine_failed|no_bar_pair,no_bar_pair,B(0),2(2),0.922,0.9219,89.92,0.9965,0.14,
4606,1,teacher,agree|refine_failed|no_bar_pair,no_bar_pair,B(0),2(2),0.9567,0.9568,87.11,0.9956,0.13,
4607,0,teacher,agree|refine_failed|no_bar_pair,no_bar_pair,B(0),2(2),0.9508,0.9508,86.37,0.9987,0.05,
4608,0,teacher,agree|refine_failed|no_bar_pair,no_bar_pair,B(0),2(2),0.955,0.955,87.96,0.9986,0.05,
4609,0,teacher,agree|refine_failed|no_bar_pair,no_bar_pair,B(0),2(2),0.9625,0.9622,89.51,0.9991,0.04,
4610,0,teacher,agree|refine_failed|no_bar_pair,no_bar_pair,B(0),2(2),0.9673,0.9672,88.38,0.9976,0.08,
4611,0,teacher,agree|refine_failed|no_bar_pair,no_bar_pair,B(0),2(2),0.9643,0.9644,86.52,0.9958,0.13,
4612,1,teacher,agree|refine_failed|no_bar_pair,no_bar_pair,B(0),2(2),0.4183,0.4041,73.45,0.9908,0.3,
4618,0,teacher,agree|refine_failed|no_bar_pair,no_bar_pair,B(0),2(2),0.968,0.9681,107.05,0.9988,0.04,
4619,0,teacher,agree|refine_failed|no_bar_pair,no_bar_pair,B(0),2(2),0.9716,0.9715,115.47,0.9988,0.04,
462,0,teacher,agree|refine_failed|no_bar_pair,no_bar_pair,B(0),4(4),0.8954,0.8945,107.54,0.9991,0.03,
4620,0,teacher,agree|refine_failed|no_bar_pair,no_bar_pair,B(0),2(2),0.9516,0.9515,118.4,0.9978,0.06,
4621,1,teacher,agree|refine_failed|no_bar_pair,no_bar_pair,B(0),2(2),0.8803,0.88,118.52,0.9921,0.22,
4629,1,teacher,agree|refine_failed|no_bar_pair,no_bar_pair,R(1),2(2),0.915,0.9199,179.17,0.9896,0.26,
4634,0,teacher,agree|refine_failed|no_bar_pair,no_bar_pair,R(1),2(2),0.8321,0.8306,62.54,0.9979,0.09,
4635,0,teacher,agree|refine_failed|no_bar_pair,no_bar_pair,R(1),2(2),0.6324,0.6323,50.0,0.9991,0.04,
4636,0,teacher,agree|refine_failed|no_bar_pair,no_bar_pair,R(1),2(2),0.9393,0.9392,146.06,0.9983,0.04,
4652,0,refine,no_match|primary_only|refine_ok,,B(0),3(3),0.2512,,24.65,,,1.71
4667,1,teacher,agree|refine_failed|no_bar_pair,no_bar_pair,R(1),2(2),0.2714,0.2645,25.39,0.9976,0.09,
4671,2,teacher,agree|refine_failed|no_bar_pair,no_bar_pair,R(1),2(2),0.7728,0.7698,29.31,0.9993,0.03,
4675,2,teacher,agree|refine_failed|no_bar_pair,no_bar_pair,R(1),2(2),0.3661,0.355,37.58,0.9961,0.16,
4676,1,teacher,agree|refine_failed|no_bar_pair,no_bar_pair,B(0),4(4),0.4541,0.4541,49.61,0.9979,0.06,
468,2,teacher,agree|refine_failed|no_bar_pair,no_bar_pair,B(0),2(2),0.3201,0.3219,276.54,0.9976,0.07,
4681,1,teacher,agree|refine_skipped|plate_too_small|tiny,plate_too_small,R(1),4(4),0.4156,0.4138,10.38,0.9841,0.73,
4682,1,teacher,agree|refine_skipped|plate_too_small|tiny,plate_too_small,R(1),4(4),0.6668,0.6599,10.86,0.9908,0.4,
4735,0,teacher,agree|refine_failed|no_bar_pair,no_bar_pair,R(1),4(4),0.8644,0.867,27.14,0.9964,0.11,
4742,3,teacher,agree|refine_skipped|plate_too_small|tiny,plate_too_small,B(0),3(3),0.5729,0.5734,7.64,0.9948,0.18,
4756,1,teacher,agree|refine_skipped|plate_too_small|tiny,plate_too_small,B(0),3(3),0.8616,0.8602,11.61,0.9977,0.09,
4760,2,teacher,agree|refine_skipped|plate_too_small|tiny,plate_too_small,B(0),3(3),0.7441,0.7433,8.12,0.996,0.19,
4761,2,teacher,agree|refine_skipped|plate_too_small|tiny,plate_too_small,B(0),3(3),0.6041,0.603,8.31,0.9982,0.09,
4762,2,teacher,agree|refine_skipped|plate_too_small|tiny,plate_too_small,B(0),3(3),0.5981,0.5974,8.32,0.9981,0.08,
4763,3,teacher,agree|refine_skipped|plate_too_small|tiny,plate_too_small,B(0),3(3),0.3765,0.3728,7.98,0.9939,0.31,
4765,2,teacher,agree|refine_failed|no_bar_pair,no_bar_pair,B(0),4(4),0.8195,0.8212,24.33,0.9963,0.11,
4766,3,teacher,agree|refine_skipped|plate_too_small|tiny,plate_too_small,B(0),3(3),0.445,0.4415,7.66,0.9955,0.16,
4769,2,teacher,agree|refine_skipped|plate_too_small|tiny,plate_too_small,B(0),3(3),0.4106,0.4061,7.18,0.9954,0.26,
4771,2,teacher,agree|refine_skipped|plate_too_small|tiny,plate_too_small,B(0),3(3),0.3446,0.3467,8.08,0.9983,0.08,
4772,2,teacher,agree|refine_skipped|plate_too_small|tiny,plate_too_small,B(0),3(3),0.4955,0.4969,8.97,0.9933,0.3,
4774,2,teacher,agree|refine_skipped|plate_too_small|tiny,plate_too_small,B(0),4(4),0.7431,0.7434,9.83,0.9974,0.11,
4775,2,teacher,agree|refine_skipped|plate_too_small|tiny,plate_too_small,B(0),4(4),0.5881,0.5877,10.17,0.9948,0.17,
4776,2,teacher,agree|refine_skipped|plate_too_small|tiny,plate_too_small,B(0),3(3),0.828,0.8295,8.21,0.9943,0.2,
4776,3,teacher,agree|refine_skipped|plate_too_small|tiny,plate_too_small,B(0),4(4),0.7206,0.7204,10.44,0.9989,0.05,
4777,2,teacher,agree|refine_skipped|plate_too_small|tiny,plate_too_small,B(0),3(3),0.8714,0.872,11.32,0.997,0.12,
4778,2,teacher,agree|refine_skipped|plate_too_small|tiny,plate_too_small,B(0),3(3),0.841,0.841,10.14,0.9955,0.22,
4782,2,teacher,agree|refine_skipped|plate_too_small|tiny,plate_too_small,B(0),3(3),0.2823,0.2822,6.99,0.9974,0.09,
4783,2,teacher,agree|refine_skipped|plate_too_small|tiny,plate_too_small,B(0),3(3),0.8115,0.8134,10.16,0.9978,0.08,
4784,2,teacher,agree|refine_skipped|plate_too_small|tiny,plate_too_small,B(0),4(4),0.375,0.377,11.89,0.9936,0.21,
4785,2,teacher,agree|refine_skipped|plate_too_small|tiny,plate_too_small,B(0),3(3),0.8141,0.8145,9.58,0.9959,0.18,
4789,0,teacher,agree|refine_skipped|plate_too_small|tiny,plate_too_small,B(0),4(4),0.6205,0.6204,11.44,0.9952,0.18,
4789,1,teacher,agree|refine_skipped|plate_too_small|tiny,plate_too_small,B(0),3(3),0.5295,0.528,9.52,0.9981,0.1,
4795,1,teacher,agree|refine_skipped|plate_too_small|tiny,plate_too_small,B(0),3(3),0.371,0.3684,9.0,0.997,0.14,
4835,0,teacher,agree|refine_failed|no_bar_pair,no_bar_pair,B(0),4(4),0.9045,0.904,51.38,0.998,0.07,
4835,2,teacher,agree|refine_failed|no_bar_pair,no_bar_pair,P(2),3(3),0.279,0.2764,60.66,0.9959,0.14,
4836,2,teacher,agree|refine_failed|no_bar_pair,no_bar_pair,P(2),3(3),0.917,0.9166,45.62,0.9973,0.08,
4837,0,teacher,agree|refine_failed|no_bar_pair,no_bar_pair,B(0),4(4),0.8667,0.8671,39.65,0.9975,0.07,
4837,2,teacher,agree|refine_failed|no_bar_pair,no_bar_pair,P(2),3(3),0.732,0.7338,50.71,0.9975,0.05,
4837,3,teacher,agree|refine_failed|no_bar_pair,no_bar_pair,P(2),3(3),0.4118,0.4121,32.92,0.9978,0.06,
4838,2,teacher,agree|refine_failed|no_bar_pair,no_bar_pair,P(2),3(3),0.766,0.7676,49.84,0.9968,0.09,
4839,1,teacher,agree|refine_failed|no_bar_pair,no_bar_pair,P(2),3(3),0.94,0.9401,47.88,0.9984,0.06,
4839,4,teacher,agree|refine_failed|no_bar_pair,no_bar_pair,B(0),4(4),0.8587,0.859,24.36,0.9968,0.15,
4839,5,teacher,agree|refine_failed|no_bar_pair,no_bar_pair,P(2),3(3),0.8138,0.8128,32.31,0.997,0.09,
4840,3,teacher,agree|refine_failed|no_bar_pair,no_bar_pair,P(2),3(3),0.5662,0.5633,49.15,0.9964,0.13,
4841,0,teacher,agree|refine_failed|no_bar_pair,no_bar_pair,B(0),4(4),0.9366,0.9361,64.11,0.9977,0.05,
4842,3,teacher,agree|refine_failed|no_bar_pair,no_bar_pair,P(2),3(3),0.5198,0.5222,33.72,0.9962,0.14,
4843,3,teacher,agree|refine_failed|no_bar_pair,no_bar_pair,P(2),3(3),0.5271,0.5335,33.91,0.9954,0.14,
4844,3,teacher,agree|refine_failed|no_bar_pair,no_bar_pair,P(2),3(3),0.5353,0.5401,38.27,0.9976,0.08,
4845,3,teacher,agree|refine_failed|no_bar_pair,no_bar_pair,P(2),3(3),0.4561,0.461,32.74,0.9964,0.15,
4846,3,teacher,agree|refine_failed|no_bar_pair,no_bar_pair,P(2),3(3),0.4691,0.4681,32.8,0.9971,0.09,
4847,4,teacher,agree|refine_failed|no_bar_pair,no_bar_pair,P(2),3(3),0.3632,0.3659,30.35,0.9987,0.07,
4848,4,teacher,agree|refine_failed|no_bar_pair,no_bar_pair,P(2),3(3),0.6265,0.6292,35.25,0.9976,0.1,
4849,1,teacher,agree|refine_failed|no_bar_pair,no_bar_pair,B(0),4(4),0.9206,0.9207,27.62,0.9985,0.08,
4849,4,teacher,agree|refine_failed|no_bar_pair,no_bar_pair,P(2),3(3),0.5017,0.5001,34.17,0.9959,0.15,
485,0,teacher,agree|refine_failed|no_bar_pair,no_bar_pair,B(0),3(3),0.3411,0.3084,45.68,0.9918,0.36,
4850,4,teacher,agree|refine_failed|no_bar_pair,no_bar_pair,P(2),3(3),0.4664,0.471,34.68,0.9976,0.07,
4851,3,teacher,agree|refine_failed|no_bar_pair,no_bar_pair,P(2),3(3),0.6012,0.6098,37.23,0.9977,0.06,
4852,3,teacher,agree|refine_failed|no_bar_pair,no_bar_pair,P(2),3(3),0.588,0.5918,36.84,0.9969,0.09,
4853,3,teacher,agree|refine_failed|no_bar_pair,no_bar_pair,P(2),3(3),0.6058,0.6098,37.25,0.998,0.08,
4854,3,teacher,agree|refine_failed|no_bar_pair,no_bar_pair,P(2),3(3),0.6409,0.6424,38.97,0.999,0.03,
4855,3,teacher,agree|refine_failed|no_bar_pair,no_bar_pair,P(2),3(3),0.5561,0.5637,40.85,0.9974,0.11,
4856,3,teacher,agree|refine_failed|no_bar_pair,no_bar_pair,P(2),3(3),0.7095,0.7078,38.15,0.997,0.12,
4856,4,teacher,agree|refine_failed|no_bar_pair,no_bar_pair,B(0),4(4),0.4469,0.4456,26.95,0.997,0.15,
4857,2,teacher,agree|refine_failed|no_bar_pair,no_bar_pair,B(0),4(4),0.5085,0.5085,35.75,0.9981,0.07,
4858,0,teacher,agree|refine_failed|no_bar_pair,no_bar_pair,B(0),4(4),0.9071,0.9072,60.26,0.997,0.08,
4859,0,teacher,agree|refine_failed|no_bar_pair,no_bar_pair,B(0),4(4),0.9047,0.9051,68.67,0.9984,0.05,
4869,1,teacher,agree|refine_skipped|plate_too_small|tiny,plate_too_small,B(0),2(2),0.2548,0.2545,10.96,0.9962,0.15,
4872,2,teacher,agree|refine_failed|no_bar_pair,no_bar_pair,P(2),4(4),0.882,0.8794,37.94,0.9969,0.1,
4873,2,teacher,agree|refine_failed|no_bar_pair,no_bar_pair,P(2),4(4),0.7855,0.7834,37.03,0.9938,0.17,
4884,2,teacher,agree|refine_failed|no_bar_pair,no_bar_pair,P(2),4(4),0.5059,0.5174,28.9,0.9926,0.18,
4890,0,teacher,agree|refine_failed|no_bar_pair,no_bar_pair,B(0),2(2),0.966,0.9657,31.97,0.9978,0.08,
491,0,teacher,agree|refine_failed|no_bar_pair,no_bar_pair,R(1),2(2),0.9416,0.9421,124.84,0.9993,0.02,
491,1,teacher,agree|refine_failed|no_bar_pair,no_bar_pair,R(1),2(2),0.8694,0.867,53.16,0.998,0.1,
4916,2,teacher,agree|refine_failed|no_bar_pair,no_bar_pair,R(1),4(4),0.8038,0.796,24.73,0.9966,0.15,
492,1,teacher,agree|refine_failed|no_bar_pair,no_bar_pair,B(0),4(4),0.7942,0.792,42.0,0.9988,0.07,
4921,2,teacher,agree|refine_skipped|plate_too_small|tiny,plate_too_small,B(0),2(2),0.6015,0.5997,10.64,0.9956,0.18,
4929,1,teacher,agree|refine_failed|no_bar_pair,no_bar_pair,R(1),4(4),0.9331,0.9326,99.84,0.9995,0.02,
4931,2,teacher,agree|refine_failed|no_bar_pair,no_bar_pair,R(1),4(4),0.3006,0.3,26.05,0.9976,0.1,
4932,2,teacher,agree|refine_failed|no_bar_pair,no_bar_pair,R(1),4(4),0.4101,0.4098,32.01,0.9992,0.04,
4934,1,teacher,agree|refine_failed|no_bar_pair,no_bar_pair,B(0),2(2),0.4594,0.4657,26.82,0.9966,0.11,
4934,2,teacher,no_match|secondary_only|refine_skipped|plate_too_small,plate_too_small,B(0),O(6),,0.327,15.6,,,
4935,2,teacher,no_match|secondary_only|refine_skipped|plate_too_small,plate_too_small,B(0),O(6),,0.2679,14.88,,,
4942,1,teacher,agree|refine_failed|no_bar_pair,no_bar_pair,R(1),3(3),0.9035,0.9009,232.48,0.9976,0.08,
4959,1,teacher,agree|refine_failed|no_bar_pair,no_bar_pair,R(1),3(3),0.7634,0.7628,89.03,0.9984,0.08,
4960,2,teacher,agree|refine_failed|no_bar_pair,no_bar_pair,R(1),3(3),0.8524,0.8519,72.88,0.9977,0.08,
4961,2,teacher,agree|refine_failed|no_bar_pair,no_bar_pair,R(1),3(3),0.8258,0.8241,59.03,0.9969,0.1,
501,0,teacher,agree|refine_failed|no_bar_pair,no_bar_pair,R(1),3(3),0.4873,0.4871,78.28,0.9905,0.37,
502,0,teacher,agree|refine_failed|no_bar_pair,no_bar_pair,R(1),2(2),0.9525,0.9523,82.67,0.9979,0.06,
503,0,teacher,agree|refine_failed|no_bar_pair,no_bar_pair,B(0),3(3),0.9128,0.9121,329.04,0.9995,0.02,
5087,0,teacher,agree|refine_failed|no_bar_pair,no_bar_pair,R(1),4(4),0.7952,0.7963,34.22,0.9943,0.13,
508_16,0,refine,conflict|conflict_cls|refine_ok,,B(0),7(0),0.7883,0.8835,42.37,0.9368,1.85,1.17
5093,0,teacher,agree|refine_failed|no_bar_pair,no_bar_pair,R(1),4(4),0.8703,0.8702,33.61,0.9988,0.03,
510,1,teacher,agree|refine_failed|no_bar_pair,no_bar_pair,R(1),4(4),0.7897,0.7878,84.72,0.9981,0.04,
5104,0,teacher,agree|refine_failed|no_bar_pair,no_bar_pair,R(1),3(3),0.5284,0.5235,72.73,0.9963,0.11,
5136,0,teacher,agree|refine_failed|no_bar_pair,no_bar_pair,R(1),2(2),0.2687,0.3335,29.34,0.9886,0.4,
5138,0,teacher,agree|refine_failed|no_bar_pair,no_bar_pair,B(0),4(4),0.8033,0.8038,49.66,0.9987,0.05,
5139,0,teacher,agree|refine_failed|no_bar_pair,no_bar_pair,B(0),4(4),0.9213,0.9204,66.42,0.9988,0.05,
5155,2,teacher,agree|refine_failed|no_bar_pair,no_bar_pair,B(0),3(3),0.5704,0.5691,37.35,0.9995,0.02,
5163,0,teacher,agree|refine_failed|no_bar_pair,no_bar_pair,R(1),3(3),0.7089,0.7084,37.26,0.9988,0.04,
5166,0,teacher,agree|refine_failed|no_bar_pair,no_bar_pair,R(1),2(2),0.94,0.9398,27.74,0.9987,0.04,
5171,1,teacher,agree|refine_failed|no_bar_pair,no_bar_pair,R(1),2(2),0.9395,0.9398,28.36,0.9985,0.05,
5172,0,teacher,agree|refine_failed|no_bar_pair,no_bar_pair,R(1),3(3),0.9287,0.9286,44.37,0.9988,0.04,
5174,2,teacher,agree|refine_skipped|plate_too_small|tiny,plate_too_small,B(0),3(3),0.583,0.5547,10.52,0.9863,0.46,
5174,3,teacher,agree|refine_skipped|plate_too_small|tiny,plate_too_small,R(1),4(4),0.2946,0.3064,10.29,0.9904,0.37,
5194,0,teacher,agree|refine_failed|no_bar_pair,no_bar_pair,R(1),2(2),0.4552,0.4634,35.03,0.9981,0.09,
5207,2,teacher,agree|refine_failed|no_bar_pair,no_bar_pair,R(1),3(3),0.3981,0.3602,28.25,0.9915,0.33,
5231,2,teacher,agree|refine_skipped|plate_too_small|tiny,plate_too_small,R(1),3(3),0.7664,0.7707,11.83,0.995,0.14,
5233,1,teacher,agree|refine_skipped|plate_too_small|tiny,plate_too_small,B(0),2(2),0.739,0.7423,11.47,0.9976,0.09,
5325,1,teacher,agree|refine_failed|no_bar_pair,no_bar_pair,B(0),3(3),0.9126,0.9127,37.05,0.9967,0.15,
5326,2,teacher,agree|refine_failed|no_bar_pair,no_bar_pair,B(0),2(2),0.7975,0.7979,38.8,0.997,0.14,
5326,3,teacher,agree|refine_failed|no_bar_pair,no_bar_pair,B(0),3(3),0.7627,0.7614,48.19,0.9969,0.15,
5327,3,teacher,agree|refine_failed|no_bar_pair,no_bar_pair,B(0),3(3),0.835,0.8338,43.0,0.9958,0.24,
54,1,teacher,agree|refine_failed|no_bar_pair,no_bar_pair,B(0),2(2),0.9182,0.9176,54.12,0.9989,0.04,
5404,2,teacher,agree|refine_failed|no_bar_pair,no_bar_pair,B(0),3(3),0.5476,0.5608,28.94,0.9957,0.16,
5406,2,teacher,agree|refine_skipped|plate_too_small|tiny,plate_too_small,R(1),3(3),0.6342,0.6353,10.8,0.9973,0.12,
5411,1,teacher,agree|refine_failed|no_bar_pair,no_bar_pair,B(0),3(3),0.8381,0.8392,35.68,0.9966,0.08,
5431,0,teacher,agree|refine_failed|no_bar_pair,no_bar_pair,B(0),2(2),0.8803,0.8799,92.89,0.9989,0.03,
5432,0,teacher,agree|refine_failed|no_bar_pair,no_bar_pair,B(0),2(2),0.869,0.8691,100.62,0.9992,0.02,
5434,1,teacher,agree|refine_failed|no_bar_pair,no_bar_pair,R(1),2(2),0.7409,0.74,48.53,0.9972,0.11,
5439,1,teacher,agree|refine_failed|no_bar_pair,no_bar_pair,R(1),2(2),0.7133,0.7108,53.06,0.9976,0.12,
5443,1,teacher,agree|refine_failed|no_bar_pair,no_bar_pair,R(1),2(2),0.2873,0.2838,61.93,0.9916,0.26,
5444,2,teacher,agree|refine_failed|no_bar_pair,no_bar_pair,R(1),4(4),0.6518,0.6542,24.03,0.9977,0.06,
5444,3,teacher,agree|refine_failed|no_bar_pair,no_bar_pair,R(1),2(2),0.3139,0.3043,61.56,0.9963,0.16,
5448,0,teacher,agree|refine_failed|no_bar_pair,no_bar_pair,R(1),2(2),0.9192,0.9194,44.54,0.9963,0.09,
5449,1,teacher,agree|refine_failed|no_bar_pair,no_bar_pair,R(1),2(2),0.8085,0.8068,24.26,0.9971,0.11,
5473,0,teacher,agree|refine_failed|no_bar_pair,no_bar_pair,B(0),2(2),0.9311,0.9301,76.28,0.9984,0.04,
5482,0,teacher,agree|refine_failed|no_bar_pair,no_bar_pair,B(0),2(2),0.9463,0.9458,98.65,0.9986,0.05,
5485,1,teacher,agree|refine_failed|no_bar_pair,no_bar_pair,B(0),2(2),0.8534,0.8545,43.25,0.998,0.06,
5490,1,teacher,agree|refine_failed|no_bar_pair,no_bar_pair,R(1),4(4),0.8781,0.881,37.73,0.9985,0.07,
5490,2,teacher,agree|refine_failed|no_bar_pair,no_bar_pair,R(1),4(4),0.5296,0.5264,33.9,0.997,0.08,
5491,1,teacher,agree|refine_failed|no_bar_pair,no_bar_pair,R(1),4(4),0.708,0.7084,44.46,0.9961,0.14,
5492,2,teacher,agree|refine_failed|no_bar_pair,no_bar_pair,R(1),4(4),0.4018,0.4009,33.3,0.9969,0.1,
5498,0,teacher,agree|refine_failed|no_bar_pair,no_bar_pair,R(1),4(4),0.8373,0.8396,29.42,0.9953,0.19,
5498,2,teacher,agree|refine_failed|no_bar_pair,no_bar_pair,R(1),4(4),0.3155,0.3168,38.99,0.9982,0.06,
5499,1,teacher,agree|refine_failed|no_bar_pair,no_bar_pair,R(1),4(4),0.696,0.6955,30.91,0.9975,0.13,
5500,1,teacher,agree|refine_failed|no_bar_pair,no_bar_pair,R(1),4(4),0.71,0.7094,27.24,0.9939,0.2,
5501,1,teacher,agree|refine_failed|no_bar_pair,no_bar_pair,R(1),4(4),0.3535,0.3558,26.26,0.9983,0.08,
5502,1,teacher,agree|refine_failed|no_bar_pair,no_bar_pair,R(1),4(4),0.6274,0.6265,32.79,0.9971,0.17,
5502,2,teacher,agree|refine_failed|no_bar_pair,no_bar_pair,R(1),3(3),0.4076,0.4081,32.91,0.9981,0.07,
5504,1,teacher,agree|refine_failed|no_bar_pair,no_bar_pair,R(1),2(2),0.8396,0.8403,65.93,0.9961,0.1,
5508,1,teacher,agree|refine_failed|no_bar_pair,no_bar_pair,B(0),4(4),0.748,0.7473,86.44,0.9989,0.05,
5509,1,teacher,agree|refine_failed|no_bar_pair,no_bar_pair,B(0),4(4),0.8243,0.8248,84.05,0.9978,0.07,
5510,1,teacher,agree|refine_failed|no_bar_pair,no_bar_pair,B(0),4(4),0.8544,0.8554,82.4,0.9982,0.06,
5511,1,teacher,agree|refine_failed|no_bar_pair,no_bar_pair,B(0),4(4),0.9593,0.9596,113.18,0.9987,0.04,
5512,1,teacher,agree|refine_failed|no_bar_pair,no_bar_pair,B(0),4(4),0.9617,0.9619,114.56,0.9977,0.06,
5513,1,teacher,agree|refine_failed|no_bar_pair,no_bar_pair,B(0),4(4),0.9582,0.9581,108.25,0.9996,0.02,
5514,0,teacher,agree|refine_failed|no_bar_pair,no_bar_pair,B(0),4(4),0.9679,0.968,113.65,0.9982,0.06,
5518,1,teacher,agree|refine_failed|no_bar_pair,no_bar_pair,B(0),4(4),0.9187,0.9186,112.53,0.9983,0.07,
5519,2,teacher,agree|refine_failed|no_bar_pair,no_bar_pair,B(0),4(4),0.8989,0.9002,144.29,0.999,0.03,
5525,2,teacher,agree|refine_failed|no_bar_pair,no_bar_pair,B(0),2(2),0.9072,0.9079,90.43,0.9985,0.05,
5526,1,teacher,agree|refine_failed|no_bar_pair,no_bar_pair,B(0),O(6),0.5623,0.5737,28.27,0.9976,0.11,
5526,2,teacher,agree|refine_failed|no_bar_pair,no_bar_pair,B(0),O(6),0.4195,0.4283,25.32,0.9945,0.26,
5527,2,teacher,agree|refine_failed|no_bar_pair,no_bar_pair,B(0),O(6),0.5895,0.6005,27.82,0.9945,0.21,
5527,4,teacher,agree|refine_failed|no_bar_pair,no_bar_pair,B(0),O(6),0.402,0.4098,25.0,0.9942,0.21,
5528,0,teacher,agree|refine_failed|no_bar_pair,no_bar_pair,R(1),3(3),0.5287,0.5275,27.97,0.9958,0.14,
5531,2,teacher,conflict|conflict_cls|refine_skipped|plate_too_small,plate_too_small,R(1),4(4),0.4858,0.4858,22.81,0.996,0.12,
5532,1,teacher,agree|refine_failed|no_bar_pair,no_bar_pair,B(0),4(4),0.7944,0.7916,43.3,0.9988,0.05,
5532,2,teacher,agree|refine_failed|no_bar_pair,no_bar_pair,R(1),4(4),0.6765,0.6705,34.81,0.9954,0.28,
5532,4,teacher,agree|refine_failed|no_bar_pair,no_bar_pair,R(1),3(3),0.5184,0.5097,40.74,0.9957,0.2,
5532,5,teacher,agree|refine_failed|no_bar_pair,no_bar_pair,R(1),O(6),0.3075,0.3102,70.82,0.9984,0.06,
5533,1,teacher,agree|refine_failed|no_bar_pair,no_bar_pair,B(0),4(4),0.8061,0.8058,43.69,0.9963,0.11,
5533,2,teacher,agree|refine_failed|no_bar_pair,no_bar_pair,R(1),3(3),0.7633,0.7609,37.9,0.9971,0.12,
5533,3,teacher,agree|refine_failed|no_bar_pair,no_bar_pair,R(1),4(4),0.4887,0.4824,35.14,0.9954,0.33,
5534,1,teacher,agree|refine_failed|no_bar_pair,no_bar_pair,R(1),3(3),0.8149,0.809,39.52,0.9955,0.17,
5534,2,teacher,agree|refine_failed|no_bar_pair,no_bar_pair,B(0),4(4),0.7154,0.7168,46.13,0.9976,0.1,
5534,3,teacher,no_match|primary_only|refine_failed|no_bar_pair,no_bar_pair,R(1),4(4),0.2551,,36.52,,,
5537,1,teacher,agree|refine_failed|no_bar_pair,no_bar_pair,R(1),2(2),0.6467,0.6433,31.95,0.997,0.09,
5541,3,teacher,agree|refine_failed|no_bar_pair,no_bar_pair,R(1),3(3),0.4672,0.4703,25.89,0.9967,0.12,
5543,2,teacher,agree|refine_failed|no_bar_pair,no_bar_pair,R(1),3(3),0.2719,0.2696,28.88,0.9969,0.07,
5544,2,teacher,agree|refine_failed|no_bar_pair,no_bar_pair,R(1),2(2),0.6132,0.61,25.07,0.9914,0.33,
5547,1,teacher,agree|refine_failed|no_bar_pair,no_bar_pair,R(1),2(2),0.8297,0.8286,32.12,0.9975,0.1,
5552,2,teacher,agree|refine_failed|no_bar_pair,no_bar_pair,B(0),4(4),0.5272,0.5303,32.5,0.9945,0.18,
5554,0,teacher,agree|refine_failed|no_bar_pair,no_bar_pair,R(1),3(3),0.3368,0.3361,24.26,0.992,0.24,
5556,0,teacher,agree|refine_failed|no_bar_pair,no_bar_pair,R(1),4(4),0.483,0.4821,28.95,0.9974,0.08,
5557,0,teacher,agree|refine_failed|no_bar_pair,no_bar_pair,B(0),3(3),0.5116,0.5054,24.51,0.991,0.22,
5558,1,teacher,agree|refine_failed|no_bar_pair,no_bar_pair,R(1),2(2),0.3145,0.3188,27.8,0.9938,0.19,
5560,1,teacher,agree|refine_failed|no_bar_pair,no_bar_pair,B(0),3(3),0.279,0.2759,24.07,0.9873,0.3,
5561,0,teacher,agree|refine_failed|no_bar_pair,no_bar_pair,B(0),2(2),0.2999,0.2964,27.31,0.9906,0.34,
5565,2,teacher,agree|refine_failed|no_bar_pair,no_bar_pair,B(0),4(4),0.6194,0.6223,35.23,0.9958,0.17,
5565,3,teacher,agree|refine_failed|no_bar_pair,no_bar_pair,R(1),4(4),0.3555,0.3548,39.44,0.9989,0.04,
5566,2,teacher,agree|refine_failed|no_bar_pair,no_bar_pair,B(0),4(4),0.672,0.6716,38.57,0.9963,0.16,
5567,1,teacher,agree|refine_failed|no_bar_pair,no_bar_pair,B(0),4(4),0.8603,0.859,42.48,0.9981,0.08,
5567,5,teacher,agree|refine_failed|no_bar_pair,no_bar_pair,B(0),O(6),0.2792,0.2637,48.8,0.9933,0.32,
5576,3,teacher,agree|refine_failed|no_bar_pair,no_bar_pair,R(1),2(2),0.6103,0.6093,27.03,0.9915,0.19,
5578,3,refine,conflict|conflict_cls|refine_ok,,R(1),2(2),0.3696,0.37,25.93,0.9978,0.07,2.41
5580,1,teacher,agree|refine_failed|no_bar_pair,no_bar_pair,R(1),2(2),0.5556,0.5571,26.86,0.9941,0.14,
5585,0,teacher,conflict|conflict_cls|refine_skipped|plate_too_small,plate_too_small,B(0),2(2),0.7543,0.7575,20.39,0.9962,0.09,
5597,0,teacher,agree|refine_failed|no_bar_pair,no_bar_pair,R(1),4(4),0.9371,0.9369,60.83,0.9987,0.06,
5600,1,teacher,agree|refine_failed|no_bar_pair,no_bar_pair,R(1),4(4),0.6305,0.6271,37.57,0.996,0.15,
5601,0,teacher,agree|refine_failed|no_bar_pair,no_bar_pair,R(1),4(4),0.948,0.9481,122.13,0.9983,0.05,
5602,0,teacher,agree|refine_failed|no_bar_pair,no_bar_pair,R(1),4(4),0.8386,0.8396,120.13,0.998,0.08,
5602,1,teacher,agree|refine_failed|no_bar_pair,no_bar_pair,R(1),4(4),0.7588,0.7567,53.83,0.9977,0.11,
5608,1,teacher,agree|refine_failed|no_bar_pair,no_bar_pair,B(0),4(4),0.719,0.7199,42.97,0.9978,0.11,
5612,1,teacher,agree|refine_failed|no_bar_pair,no_bar_pair,R(1),2(2),0.9028,0.9022,41.11,0.9976,0.13,
5614,0,teacher,agree|refine_failed|no_bar_pair,no_bar_pair,B(0),4(4),0.5481,0.5452,37.2,0.9956,0.25,
5615,1,teacher,agree|refine_failed|no_bar_pair,no_bar_pair,R(1),4(4),0.4243,0.4261,41.77,0.9973,0.09,
5617,1,teacher,agree|refine_failed|no_bar_pair,no_bar_pair,B(0),4(4),0.8072,0.8078,65.26,0.999,0.03,
5617,2,teacher,agree|refine_failed|no_bar_pair,no_bar_pair,B(0),4(4),0.7159,0.7158,86.5,0.9975,0.06,
5617,3,teacher,agree|refine_failed|no_bar_pair,no_bar_pair,R(1),4(4),0.6123,0.6158,58.96,0.9466,2.22,
5619,1,teacher,agree|refine_failed|no_bar_pair,no_bar_pair,B(0),4(4),0.5781,0.5773,34.94,0.9978,0.11,
5619,2,teacher,agree|refine_failed|no_bar_pair,no_bar_pair,R(1),4(4),0.5366,0.5336,63.44,0.9985,0.07,
5620,1,teacher,agree|refine_failed|no_bar_pair,no_bar_pair,R(1),4(4),0.9205,0.9204,56.47,0.9934,0.31,
5620,2,teacher,agree|refine_failed|no_bar_pair,no_bar_pair,B(0),4(4),0.8554,0.8496,164.11,0.9981,0.06,
5635,0,teacher,agree|refine_failed|no_bar_pair,no_bar_pair,B(0),2(2),0.7898,0.7907,25.42,0.9977,0.07,
5636,2,teacher,agree|refine_failed|no_bar_pair,no_bar_pair,B(0),2(2),0.7099,0.7067,28.29,0.9912,0.22,
5639,4,teacher,agree|refine_failed|no_bar_pair,no_bar_pair,B(0),4(4),0.3279,0.3318,27.17,0.9934,0.31,
5640,1,teacher,agree|refine_failed|no_bar_pair,no_bar_pair,B(0),4(4),0.4532,0.456,39.76,0.997,0.13,
5640,2,teacher,agree|refine_failed|no_bar_pair,no_bar_pair,B(0),O(6),0.2878,0.2931,43.36,0.9951,0.22,
5641,1,teacher,agree|refine_failed|no_bar_pair,no_bar_pair,B(0),O(6),0.3476,0.3575,47.16,0.9963,0.19,
5641,2,teacher,agree|refine_failed|no_bar_pair,no_bar_pair,B(0),4(4),0.2979,0.3002,38.13,0.9952,0.24,
5643,3,teacher,agree|refine_failed|no_bar_pair,no_bar_pair,P(2),3(3),0.9204,0.9203,39.04,0.9965,0.11,
5643,4,teacher,agree|refine_failed|no_bar_pair,no_bar_pair,P(2),3(3),0.7655,0.7615,36.76,0.9958,0.09,
5643,5,teacher,agree|refine_failed|no_bar_pair,no_bar_pair,P(2),4(4),0.6139,0.6113,29.61,0.9928,0.36,
5644,3,teacher,agree|refine_failed|no_bar_pair,no_bar_pair,P(2),3(3),0.5274,0.5278,44.94,0.9957,0.14,
5644,4,teacher,agree|refine_failed|no_bar_pair,no_bar_pair,P(2),4(4),0.3184,0.3164,26.2,0.9909,0.34,
5647,0,teacher,agree|refine_failed|no_bar_pair,no_bar_pair,B(0),3(3),0.6264,0.6261,29.77,0.9947,0.1,
5648,0,teacher,agree|refine_failed|no_bar_pair,no_bar_pair,B(0),3(3),0.8175,0.8161,33.89,0.9932,0.13,
5655,1,teacher,agree|refine_failed|no_bar_pair,no_bar_pair,B(0),4(4),0.5951,0.595,27.41,0.9937,0.25,
5675,2,teacher,agree|refine_failed|no_bar_pair,no_bar_pair,B(0),B(7),0.8405,0.8403,78.19,0.9997,0.01,
5675,3,teacher,agree|refine_failed|no_bar_pair,no_bar_pair,R(1),4(4),0.7274,0.7176,39.51,0.9961,0.17,
5675,5,teacher,agree|refine_failed|no_bar_pair,no_bar_pair,R(1),7(0),0.5306,0.5305,77.35,0.9989,0.03,
5676,2,teacher,agree|refine_failed|no_bar_pair,no_bar_pair,B(0),B(7),0.8607,0.8613,76.35,0.9974,0.05,
5676,4,teacher,agree|refine_failed|no_bar_pair,no_bar_pair,R(1),4(4),0.5557,0.5446,36.39,0.9959,0.15,
5677,3,teacher,agree|refine_failed|no_bar_pair,no_bar_pair,R(1),4(4),0.5947,0.5866,36.59,0.9958,0.19,
5678,2,teacher,agree|refine_failed|no_bar_pair,no_bar_pair,R(1),4(4),0.7315,0.7225,38.02,0.9934,0.25,
5679,2,teacher,agree|refine_failed|no_bar_pair,no_bar_pair,R(1),4(4),0.6764,0.6703,37.53,0.9928,0.35,
5680,2,teacher,agree|refine_failed|no_bar_pair,no_bar_pair,R(1),4(4),0.6564,0.645,38.13,0.9916,0.34,
5681,2,teacher,agree|refine_failed|no_bar_pair,no_bar_pair,R(1),4(4),0.6467,0.6373,37.73,0.9921,0.29,
5682,0,teacher,agree|refine_failed|no_bar_pair,no_bar_pair,R(1),2(2),0.8379,0.8387,34.43,0.996,0.1,
5682,1,teacher,agree|refine_failed|no_bar_pair,no_bar_pair,R(1),2(2),0.7847,0.7846,33.16,0.9963,0.1,
5683,2,teacher,agree|refine_failed|no_bar_pair,no_bar_pair,R(1),2(2),0.7247,0.7248,30.85,0.9992,0.02,
5683,3,teacher,agree|refine_failed|no_bar_pair,no_bar_pair,R(1),3(3),0.677,0.6825,31.38,0.9961,0.15,
5693,0,teacher,agree|refine_failed|no_bar_pair,no_bar_pair,B(0),3(3),0.2909,0.2907,110.24,0.9973,0.07,
5698,1,teacher,agree|refine_failed|no_bar_pair,no_bar_pair,B(0),4(4),0.4897,0.4847,28.69,0.9972,0.13,
5720,1,teacher,agree|refine_failed|no_bar_pair,no_bar_pair,B(0),4(4),0.5407,0.5388,29.79,0.9984,0.1,
5721,1,teacher,agree|refine_failed|no_bar_pair,no_bar_pair,B(0),4(4),0.3581,0.3558,32.88,0.9974,0.23,
5781,1,teacher,agree|refine_failed|no_bar_pair,no_bar_pair,B(0),2(2),0.8527,0.8526,53.21,0.999,0.05,
5836,0,teacher,agree|refine_failed|no_bar_pair,no_bar_pair,B(0),2(2),0.8648,0.8626,44.46,0.9981,0.08,
5860,1,teacher,no_match|primary_only|refine_failed|no_bar_pair,no_bar_pair,B(0),7(0),0.2725,,171.79,,,
5868,0,teacher,no_match|primary_only|refine_failed|no_bar_pair,no_bar_pair,B(0),7(0),0.3569,,190.3,,,
5870,0,teacher,agree|refine_failed|no_bar_pair,no_bar_pair,B(0),2(2),0.8037,0.805,336.52,0.9987,0.03,
5871,1,teacher,agree|refine_failed|no_bar_pair,no_bar_pair,R(1),2(2),0.8198,0.8203,41.52,0.9968,0.1,
5871,2,teacher,agree|refine_failed|no_bar_pair,no_bar_pair,B(0),2(2),0.6444,0.6471,283.29,0.9963,0.08,
5874,1,teacher,agree|refine_failed|no_bar_pair,no_bar_pair,B(0),2(2),0.6036,0.6093,252.58,0.9985,0.03,
5884,1,teacher,agree|refine_failed|no_bar_pair,no_bar_pair,B(0),3(3),0.2712,0.2711,55.34,0.9961,0.16,
5889,1,teacher,agree|refine_failed|no_bar_pair,no_bar_pair,B(0),2(2),0.7186,0.7205,90.49,0.9992,0.04,
5893,2,teacher,agree|refine_failed|no_bar_pair,no_bar_pair,B(0),4(4),0.8082,0.807,31.08,0.9964,0.16,
5914,1,teacher,agree|refine_skipped|plate_too_small|tiny,plate_too_small,B(0),4(4),0.3123,0.3134,11.93,0.9944,0.28,
5921,0,teacher,agree|refine_failed|no_bar_pair,no_bar_pair,R(1),2(2),0.9562,0.9555,41.02,0.9965,0.14,
5921,3,teacher,agree|refine_failed|no_bar_pair,no_bar_pair,B(0),4(4),0.7918,0.7916,25.33,0.9976,0.09,
5930,2,teacher,agree|refine_failed|no_bar_pair,no_bar_pair,B(0),4(4),0.7534,0.7509,25.05,0.9968,0.13,
5931,1,teacher,agree|refine_failed|no_bar_pair,no_bar_pair,R(1),2(2),0.557,0.5588,41.32,0.997,0.13,
5938,3,teacher,agree|refine_failed|no_bar_pair,no_bar_pair,B(0),4(4),0.8395,0.8374,26.16,0.9946,0.23,
5939,1,teacher,agree|refine_failed|no_bar_pair,no_bar_pair,B(0),2(2),0.8207,0.8223,87.09,0.9964,0.12,
5939,2,teacher,agree|refine_failed|no_bar_pair,no_bar_pair,B(0),4(4),0.7092,0.7112,31.01,0.9938,0.23,
5940,1,teacher,agree|refine_failed|no_bar_pair,no_bar_pair,B(0),2(2),0.9224,0.9234,86.18,0.9967,0.09,
5945,2,teacher,agree|refine_failed|no_bar_pair,no_bar_pair,R(1),2(2),0.5995,0.6028,47.6,0.9971,0.09,
5948,1,teacher,agree|refine_failed|no_bar_pair,no_bar_pair,R(1),2(2),0.3012,0.3013,78.46,0.998,0.06,
5949,1,teacher,agree|refine_failed|no_bar_pair,no_bar_pair,R(1),2(2),0.4125,0.4133,54.04,0.9993,0.02,
5953,1,teacher,agree|refine_failed|no_bar_pair,no_bar_pair,B(0),4(4),0.8624,0.8605,67.84,0.9987,0.05,
5953,2,teacher,agree|refine_failed|no_bar_pair,no_bar_pair,B(0),2(2),0.7538,0.7556,35.37,0.9985,0.08,
5970,1,teacher,agree|refine_failed|no_bar_pair,no_bar_pair,R(1),2(2),0.5944,0.5909,35.52,0.9978,0.08,
6,2,teacher,agree|refine_failed|no_bar_pair,no_bar_pair,R(1),4(4),0.8472,0.843,67.97,0.9981,0.1,
6020,0,teacher,agree|refine_failed|no_bar_pair,no_bar_pair,B(0),2(2),0.5676,0.5868,57.89,0.9928,0.3,
6027,0,teacher,agree|refine_failed|no_bar_pair,no_bar_pair,B(0),2(2),0.8616,0.8615,77.12,0.9989,0.04,
6028,0,teacher,agree|refine_failed|no_bar_pair,no_bar_pair,B(0),2(2),0.5786,0.5793,79.27,0.9981,0.1,
6029,1,teacher,agree|refine_failed|no_bar_pair,no_bar_pair,B(0),2(2),0.5629,0.5677,73.26,0.9971,0.16,
6034,1,teacher,agree|refine_failed|no_bar_pair,no_bar_pair,B(0),2(2),0.5607,0.5674,66.63,0.9976,0.14,
604,1,teacher,agree|refine_failed|no_bar_pair,no_bar_pair,B(0),4(4),0.8515,0.8467,49.51,0.997,0.18,
6041,1,teacher,agree|refine_failed|no_bar_pair,no_bar_pair,B(0),2(2),0.3538,0.3576,93.58,0.9966,0.13,
6043,1,teacher,agree|refine_failed|no_bar_pair,no_bar_pair,B(0),2(2),0.2987,0.3036,85.64,0.9937,0.25,
6044,1,teacher,agree|refine_failed|no_bar_pair,no_bar_pair,B(0),2(2),0.47,0.4754,87.43,0.9935,0.21,
6048,1,teacher,agree|refine_failed|no_bar_pair,no_bar_pair,B(0),2(2),0.7391,0.7458,86.07,0.9967,0.14,
6049,1,teacher,agree|refine_failed|no_bar_pair,no_bar_pair,B(0),2(2),0.5935,0.6026,88.22,0.9966,0.11,
6053,1,teacher,agree|refine_failed|no_bar_pair,no_bar_pair,B(0),2(2),0.3198,0.3261,72.48,0.9957,0.17,
606,0,teacher,agree|refine_failed|no_bar_pair,no_bar_pair,B(0),4(4),0.8698,0.8681,149.84,0.9986,0.04,
6076,0,teacher,agree|refine_failed|no_bar_pair,no_bar_pair,B(0),3(3),0.6812,0.6792,324.7,0.9976,0.08,
6078,1,teacher,agree|refine_failed|no_bar_pair,no_bar_pair,B(0),3(3),0.9119,0.9081,342.06,0.9942,0.16,
61,1,teacher,agree|refine_failed|no_bar_pair,no_bar_pair,B(0),3(3),0.8898,0.8899,99.59,0.9994,0.02,
612,0,teacher,agree|refine_failed|no_bar_pair,no_bar_pair,R(1),4(4),0.9177,0.9188,58.36,0.9966,0.08,
6121,0,refine,conflict|conflict_iou|conflict_kpt|conflict_cls|refine_ok,,R(1),4(4),0.4879,0.6511,51.04,0.7275,6.83,2.8
6122,1,refine,conflict|conflict_iou|conflict_kpt|conflict_cls|refine_ok,,R(1),7(0),0.5194,0.3121,54.45,0.7244,6.28,1.99
6125,0,teacher,agree|refine_failed|no_bar_pair,no_bar_pair,R(1),3(3),0.3236,0.2895,33.03,0.914,2.76,
6129,0,teacher,agree|refine_failed|no_bar_pair,no_bar_pair,R(1),O(6),0.5654,0.571,33.94,0.9985,0.07,
6129,1,refine,no_match|primary_only|refine_ok,,R(1),7(0),0.3093,,58.79,,,1.52
6137,0,teacher,agree|refine_failed|no_bar_pair,no_bar_pair,R(1),O(6),0.6475,0.6433,40.41,0.9972,0.11,
6138,0,teacher,agree|refine_failed|no_bar_pair,no_bar_pair,R(1),7(0),0.5936,0.5855,46.58,0.9961,0.11,
6139,0,teacher,agree|refine_failed|no_bar_pair,no_bar_pair,R(1),O(6),0.4407,0.4269,33.65,0.9959,0.13,
6140,0,teacher,agree|refine_failed|no_bar_pair,no_bar_pair,R(1),O(6),0.5614,0.5623,33.94,0.9932,0.2,
6142,0,teacher,agree|refine_failed|no_bar_pair,no_bar_pair,R(1),4(4),0.6885,0.6758,50.67,0.9975,0.06,
6143,0,teacher,agree|refine_failed|no_bar_pair,no_bar_pair,R(1),O(6),0.8396,0.8392,50.17,0.9955,0.13,
6145,0,teacher,agree|refine_failed|no_bar_pair,no_bar_pair,R(1),O(6),0.8886,0.8891,51.7,0.9956,0.13,
6169,0,teacher,agree|refine_failed|no_bar_pair,no_bar_pair,R(1),O(6),0.8355,0.8354,64.61,0.9983,0.07,
6169,1,teacher,agree|refine_failed|no_bar_pair,no_bar_pair,R(1),3(3),0.6427,0.6511,49.06,0.9937,0.14,
6170,1,teacher,agree|refine_failed|no_bar_pair,no_bar_pair,R(1),3(3),0.4941,0.4991,43.37,0.995,0.18,
6173,1,teacher,agree|refine_failed|no_bar_pair,no_bar_pair,R(1),4(4),0.3474,0.3361,30.76,0.9908,0.26,
6174,1,teacher,agree|refine_failed|no_bar_pair,no_bar_pair,R(1),3(3),0.3597,0.3544,24.97,0.9927,0.16,
618,0,teacher,agree|refine_failed|no_bar_pair,no_bar_pair,R(1),2(2),0.8785,0.8785,59.11,0.9975,0.05,
6189,0,teacher,agree|refine_failed|no_bar_pair,no_bar_pair,R(1),2(2),0.4192,0.4132,53.93,0.9949,0.14,
6190,0,teacher,agree|refine_failed|no_bar_pair,no_bar_pair,R(1),O(6),0.9522,0.9525,53.4,0.9972,0.08,
6191,0,teacher,agree|refine_failed|no_bar_pair,no_bar_pair,R(1),O(6),0.9548,0.9543,53.01,0.9951,0.14,
6193,0,teacher,agree|refine_failed|no_bar_pair,no_bar_pair,R(1),O(6),0.8594,0.8577,50.61,0.9975,0.11,
6194,0,teacher,agree|refine_failed|no_bar_pair,no_bar_pair,R(1),7(0),0.8499,0.848,55.54,0.9972,0.09,
6197,0,teacher,agree|refine_failed|no_bar_pair,no_bar_pair,R(1),O(6),0.8733,0.8736,57.96,0.9975,0.09,
6212,0,teacher,agree|refine_failed|no_bar_pair,no_bar_pair,R(1),4(4),0.7445,0.7434,35.75,0.9928,0.18,
6217,0,teacher,agree|refine_failed|no_bar_pair,no_bar_pair,R(1),O(6),0.7697,0.7671,38.62,0.9975,0.08,
6224,0,teacher,agree|refine_failed|no_bar_pair,no_bar_pair,R(1),O(6),0.7889,0.7863,37.18,0.9958,0.14,
6228,0,teacher,agree|refine_failed|no_bar_pair,no_bar_pair,R(1),O(6),0.7609,0.7566,34.39,0.9966,0.12,
6234,0,teacher,agree|refine_failed|no_bar_pair,no_bar_pair,R(1),4(4),0.2905,0.2853,35.59,0.9948,0.11,
624,1,teacher,agree|refine_failed|no_bar_pair,no_bar_pair,B(0),2(2),0.5918,0.5838,25.86,0.9979,0.13,
626,2,teacher,agree|refine_failed|no_bar_pair,no_bar_pair,P(2),3(3),0.4653,0.466,27.97,0.991,0.25,
6284,0,teacher,agree|refine_failed|no_bar_pair,no_bar_pair,R(1),O(6),0.729,0.7204,37.78,0.9965,0.08,
6294,0,teacher,agree|refine_failed|no_bar_pair,no_bar_pair,R(1),O(6),0.899,0.8969,51.76,0.9978,0.11,
6331,0,refine,no_match|primary_only|refine_ok,,B(0),7(0),0.2511,,31.25,,,3.36
6345,0,refine,conflict|conflict_cls|refine_ok,,B(0),4(4),0.4872,0.4651,32.87,0.9958,0.14,1.92
6347,0,teacher,agree|refine_failed|no_bar_pair,no_bar_pair,B(0),O(6),0.6473,0.6443,34.43,0.9936,0.2,
6348,0,teacher,agree|refine_failed|no_bar_pair,no_bar_pair,B(0),7(0),0.7028,0.7018,39.77,0.9961,0.18,
6351,0,teacher,agree|refine_failed|no_bar_pair,no_bar_pair,B(0),3(3),0.3267,0.3268,30.86,0.9873,0.59,
6352,0,teacher,agree|refine_failed|no_bar_pair,no_bar_pair,B(0),4(4),0.6573,0.6569,29.19,0.9966,0.11,
6355,0,teacher,agree|refine_failed|no_bar_pair,no_bar_pair,B(0),O(6),0.5622,0.5576,33.14,0.9961,0.15,
6357,0,teacher,agree|refine_failed|no_bar_pair,no_bar_pair,B(0),2(2),0.6913,0.6833,32.74,0.9955,0.14,
6361,0,teacher,agree|refine_failed|no_bar_pair,no_bar_pair,B(0),2(2),0.7894,0.7871,36.32,0.9971,0.09,
6363,0,teacher,agree|refine_failed|no_bar_pair,no_bar_pair,B(0),3(3),0.3207,0.3193,25.77,0.9949,0.14,
6366,0,teacher,agree|refine_failed|no_bar_pair,no_bar_pair,B(0),2(2),0.7042,0.7016,29.82,0.9943,0.16,
6367,0,teacher,agree|refine_failed|no_bar_pair,no_bar_pair,B(0),O(6),0.7933,0.7938,37.56,0.997,0.15,
637,0,teacher,agree|refine_failed|no_bar_pair,no_bar_pair,B(0),4(4),0.9124,0.9115,320.12,0.9989,0.04,
6370,0,teacher,agree|refine_failed|no_bar_pair,no_bar_pair,B(0),2(2),0.747,0.7549,46.33,0.9968,0.13,
6371,0,teacher,agree|refine_failed|no_bar_pair,no_bar_pair,B(0),O(6),0.9309,0.9305,48.27,0.9992,0.02,
6372,0,teacher,agree|refine_failed|no_bar_pair,no_bar_pair,B(0),O(6),0.8971,0.8969,45.08,0.9942,0.16,
6373,0,teacher,agree|refine_failed|no_bar_pair,no_bar_pair,B(0),O(6),0.8904,0.8896,49.52,0.9967,0.11,
6374,0,teacher,agree|refine_failed|no_bar_pair,no_bar_pair,B(0),O(6),0.846,0.8457,46.04,0.9983,0.07,
638,0,teacher,agree|refine_failed|no_bar_pair,no_bar_pair,R(1),4(4),0.6438,0.6442,115.39,0.9972,0.09,
6382,0,teacher,agree|refine_failed|no_bar_pair,no_bar_pair,B(0),O(6),0.8122,0.8158,49.41,0.9972,0.08,
640,0,teacher,agree|refine_failed|no_bar_pair,no_bar_pair,B(0),4(4),0.9248,0.9227,122.44,0.9989,0.05,
6420,0,teacher,agree|refine_failed|no_bar_pair,no_bar_pair,B(0),O(6),0.9376,0.9369,61.62,0.9981,0.09,
644_16,2,teacher,no_match|primary_only|refine_skipped|plate_too_small|tiny,plate_too_small,B(0),4(4),0.6077,,11.23,,,
6472,0,teacher,agree|refine_failed|no_bar_pair,no_bar_pair,B(0),O(6),0.4013,0.4089,30.67,0.9963,0.15,
648,0,teacher,agree|refine_failed|no_bar_pair,no_bar_pair,B(0),2(2),0.974,0.9753,361.62,0.9939,0.16,
648,2,teacher,agree|refine_failed|no_bar_pair,no_bar_pair,R(1),3(3),0.8154,0.8152,62.43,0.9992,0.04,
6495,0,teacher,agree|refine_failed|no_bar_pair,no_bar_pair,B(0),O(6),0.8768,0.8773,55.38,0.9967,0.13,
650,0,teacher,agree|refine_failed|no_bar_pair,no_bar_pair,R(1),4(4),0.871,0.8679,111.38,0.9962,0.15,
6520,0,teacher,agree|refine_failed|no_bar_pair,no_bar_pair,B(0),2(2),0.8605,0.8596,50.04,0.9965,0.12,
6535,0,teacher,agree|refine_failed|no_bar_pair,no_bar_pair,B(0),7(0),0.6083,0.5869,85.98,0.993,0.2,
6536,1,teacher,agree|refine_failed|no_bar_pair,no_bar_pair,P(2),3(3),0.8203,0.8303,58.49,0.9584,0.93,
6537,1,teacher,agree|refine_failed|no_bar_pair,no_bar_pair,P(2),3(3),0.8609,0.8684,60.0,0.9953,0.17,
6538,1,teacher,agree|refine_failed|no_bar_pair,no_bar_pair,P(2),3(3),0.822,0.8371,59.79,0.994,0.23,
6539,1,teacher,agree|refine_failed|no_bar_pair,no_bar_pair,P(2),3(3),0.8514,0.8567,57.61,0.9968,0.12,
6540,1,teacher,agree|refine_failed|no_bar_pair,no_bar_pair,P(2),3(3),0.8759,0.879,62.77,0.9939,0.23,
6543,1,teacher,agree|refine_failed|no_bar_pair,no_bar_pair,P(2),3(3),0.7922,0.7996,59.16,0.9983,0.07,
6544,1,teacher,agree|refine_failed|no_bar_pair,no_bar_pair,P(2),3(3),0.8413,0.8419,57.72,0.998,0.08,
6545,1,teacher,agree|refine_failed|no_bar_pair,no_bar_pair,P(2),3(3),0.7855,0.7877,61.59,0.9969,0.1,
6546,1,teacher,agree|refine_failed|no_bar_pair,no_bar_pair,P(2),3(3),0.8178,0.8154,58.37,0.9984,0.07,
6552,1,teacher,agree|refine_failed|no_bar_pair,no_bar_pair,P(2),3(3),0.3902,0.4054,54.39,0.992,0.32,
6553,1,teacher,agree|refine_failed|no_bar_pair,no_bar_pair,P(2),3(3),0.8432,0.8439,59.08,0.9972,0.08,
6554,1,teacher,agree|refine_failed|no_bar_pair,no_bar_pair,P(2),3(3),0.8455,0.8461,56.4,0.9989,0.06,
6555,1,teacher,agree|refine_failed|no_bar_pair,no_bar_pair,P(2),3(3),0.8972,0.8998,61.02,0.9979,0.07,
6556,1,teacher,agree|refine_failed|no_bar_pair,no_bar_pair,P(2),3(3),0.7573,0.7671,62.57,0.9966,0.1,
6557,1,teacher,agree|refine_failed|no_bar_pair,no_bar_pair,P(2),3(3),0.7972,0.8017,58.21,0.9966,0.08,
6558,1,teacher,agree|refine_failed|no_bar_pair,no_bar_pair,P(2),3(3),0.8988,0.8997,58.58,0.9988,0.03,
6559,1,teacher,agree|refine_failed|no_bar_pair,no_bar_pair,P(2),3(3),0.8357,0.8388,57.55,0.9972,0.06,
6560,1,teacher,agree|refine_failed|no_bar_pair,no_bar_pair,P(2),3(3),0.8272,0.825,59.33,0.9976,0.05,
6561,1,teacher,agree|refine_failed|no_bar_pair,no_bar_pair,P(2),3(3),0.8065,0.8083,58.05,0.9975,0.07,
6562,1,teacher,agree|refine_failed|no_bar_pair,no_bar_pair,P(2),3(3),0.8292,0.8359,58.58,0.9987,0.06,
6563,1,teacher,agree|refine_failed|no_bar_pair,no_bar_pair,P(2),3(3),0.838,0.8376,57.69,0.997,0.08,
6564,1,teacher,agree|refine_failed|no_bar_pair,no_bar_pair,P(2),3(3),0.8286,0.8338,58.48,0.999,0.04,
6565,1,teacher,agree|refine_failed|no_bar_pair,no_bar_pair,P(2),3(3),0.8383,0.8373,57.63,0.9969,0.07,
6566,1,teacher,agree|refine_failed|no_bar_pair,no_bar_pair,P(2),3(3),0.8474,0.8476,56.93,0.9976,0.06,
6567,1,teacher,agree|refine_failed|no_bar_pair,no_bar_pair,P(2),3(3),0.796,0.7988,57.84,0.9966,0.07,
6568,1,teacher,agree|refine_failed|no_bar_pair,no_bar_pair,P(2),3(3),0.8435,0.8425,58.21,0.9977,0.06,
6569,1,teacher,agree|refine_failed|no_bar_pair,no_bar_pair,P(2),3(3),0.8431,0.842,58.94,0.9971,0.07,
6570,1,teacher,agree|refine_failed|no_bar_pair,no_bar_pair,P(2),3(3),0.8251,0.8272,58.45,0.9979,0.07,
6571,1,teacher,agree|refine_failed|no_bar_pair,no_bar_pair,P(2),3(3),0.8495,0.8483,58.24,0.9982,0.04,
6572,1,teacher,agree|refine_failed|no_bar_pair,no_bar_pair,P(2),3(3),0.8186,0.8189,59.21,0.9972,0.08,
6573,1,teacher,agree|refine_failed|no_bar_pair,no_bar_pair,P(2),3(3),0.777,0.7841,59.46,0.9972,0.06,
6574,1,teacher,agree|refine_failed|no_bar_pair,no_bar_pair,P(2),3(3),0.8249,0.8274,58.61,0.9991,0.03,
6575,1,teacher,agree|refine_failed|no_bar_pair,no_bar_pair,P(2),3(3),0.8394,0.8462,59.13,0.9967,0.14,
6576,1,teacher,agree|refine_failed|no_bar_pair,no_bar_pair,P(2),3(3),0.8844,0.8848,59.6,0.9973,0.09,
6577,1,teacher,agree|refine_failed|no_bar_pair,no_bar_pair,P(2),3(3),0.8614,0.866,58.24,0.9988,0.06,
6578,1,teacher,agree|refine_failed|no_bar_pair,no_bar_pair,P(2),3(3),0.8779,0.8774,56.48,0.9984,0.04,
6579,1,teacher,agree|refine_failed|no_bar_pair,no_bar_pair,P(2),3(3),0.8641,0.8654,58.37,0.9981,0.05,
6580,1,teacher,agree|refine_failed|no_bar_pair,no_bar_pair,P(2),3(3),0.8797,0.8803,57.69,0.9992,0.02,
6581,1,teacher,agree|refine_failed|no_bar_pair,no_bar_pair,P(2),3(3),0.8891,0.8879,57.63,0.9987,0.03,
6582,1,teacher,agree|refine_failed|no_bar_pair,no_bar_pair,P(2),3(3),0.9216,0.9199,57.39,0.9978,0.08,
6583,0,teacher,agree|refine_failed|no_bar_pair,no_bar_pair,P(2),3(3),0.8981,0.8978,55.38,0.9987,0.05,
6584,1,teacher,agree|refine_failed|no_bar_pair,no_bar_pair,P(2),3(3),0.8893,0.8933,60.19,0.9975,0.05,
6585,0,teacher,agree|refine_failed|no_bar_pair,no_bar_pair,P(2),3(3),0.9163,0.9203,57.91,0.9978,0.07,
6586,0,teacher,agree|refine_failed|no_bar_pair,no_bar_pair,P(2),3(3),0.9199,0.9214,59.08,0.9979,0.06,
6587,0,teacher,agree|refine_failed|no_bar_pair,no_bar_pair,P(2),3(3),0.9306,0.9338,59.45,0.9979,0.05,
6588,0,teacher,agree|refine_failed|no_bar_pair,no_bar_pair,P(2),3(3),0.937,0.9392,56.63,0.998,0.04,
6589,0,teacher,agree|refine_failed|no_bar_pair,no_bar_pair,P(2),3(3),0.9222,0.9231,58.17,0.9981,0.05,
6590,0,teacher,agree|refine_failed|no_bar_pair,no_bar_pair,P(2),3(3),0.9339,0.9353,58.64,0.9982,0.04,
6591,1,teacher,agree|refine_failed|no_bar_pair,no_bar_pair,P(2),3(3),0.9226,0.924,57.4,0.9979,0.07,
6592,0,teacher,agree|refine_failed|no_bar_pair,no_bar_pair,P(2),3(3),0.9312,0.9316,58.9,0.9981,0.04,
6593,1,teacher,agree|refine_failed|no_bar_pair,no_bar_pair,P(2),3(3),0.9146,0.9169,60.11,0.9979,0.08,
6594,0,teacher,agree|refine_failed|no_bar_pair,no_bar_pair,P(2),3(3),0.9377,0.9385,59.09,0.998,0.07,
6595,1,teacher,agree|refine_failed|no_bar_pair,no_bar_pair,P(2),3(3),0.9312,0.9344,61.46,0.9967,0.13,
6596,1,teacher,agree|refine_failed|no_bar_pair,no_bar_pair,P(2),3(3),0.8762,0.8788,62.49,0.9981,0.08,
6597,0,teacher,agree|refine_failed|no_bar_pair,no_bar_pair,P(2),3(3),0.9294,0.9296,67.79,0.9978,0.06,
6598,0,teacher,agree|refine_failed|no_bar_pair,no_bar_pair,P(2),3(3),0.9485,0.9475,66.35,0.9978,0.08,
6599,0,teacher,agree|refine_failed|no_bar_pair,no_bar_pair,P(2),3(3),0.9383,0.9366,67.77,0.9968,0.12,
6600,0,teacher,agree|refine_failed|no_bar_pair,no_bar_pair,P(2),3(3),0.9489,0.9485,66.08,0.9976,0.08,
6601,1,teacher,agree|refine_failed|no_bar_pair,no_bar_pair,P(2),3(3),0.9059,0.9022,67.39,0.998,0.05,
6602,1,teacher,agree|refine_failed|no_bar_pair,no_bar_pair,P(2),3(3),0.9045,0.898,66.29,0.9984,0.06,
6603,0,teacher,agree|refine_failed|no_bar_pair,no_bar_pair,P(2),3(3),0.9138,0.9106,66.06,0.9991,0.02,
6604,1,teacher,agree|refine_failed|no_bar_pair,no_bar_pair,P(2),3(3),0.8811,0.871,66.43,0.9977,0.06,
6605,0,teacher,agree|refine_failed|no_bar_pair,no_bar_pair,P(2),3(3),0.9123,0.9084,65.89,0.9979,0.07,
6606,1,teacher,agree|refine_failed|no_bar_pair,no_bar_pair,P(2),3(3),0.9072,0.9027,67.23,0.998,0.05,
6607,0,teacher,agree|refine_failed|no_bar_pair,no_bar_pair,P(2),3(3),0.9111,0.909,67.36,0.9982,0.04,
6608,1,teacher,agree|refine_failed|no_bar_pair,no_bar_pair,P(2),3(3),0.906,0.902,66.37,0.9981,0.05,
6610,1,teacher,agree|refine_failed|no_bar_pair,no_bar_pair,P(2),3(3),0.9017,0.9007,65.55,0.9981,0.07,
6611,1,teacher,agree|refine_failed|no_bar_pair,no_bar_pair,P(2),3(3),0.9257,0.9234,65.05,0.9992,0.03,
6612,0,teacher,agree|refine_failed|no_bar_pair,no_bar_pair,P(2),3(3),0.931,0.9289,64.93,0.9984,0.04,
6613,1,teacher,agree|refine_failed|no_bar_pair,no_bar_pair,P(2),3(3),0.9216,0.919,66.25,0.9979,0.05,
6614,1,teacher,agree|refine_failed|no_bar_pair,no_bar_pair,P(2),3(3),0.9264,0.9246,63.51,0.9987,0.04,
6615,0,teacher,agree|refine_failed|no_bar_pair,no_bar_pair,P(2),3(3),0.9312,0.9301,64.64,0.9981,0.03,
6620,1,teacher,agree|refine_failed|no_bar_pair,no_bar_pair,P(2),3(3),0.937,0.9359,64.88,0.9982,0.04,
6622,1,teacher,agree|refine_failed|no_bar_pair,no_bar_pair,P(2),3(3),0.9396,0.9374,65.26,0.9984,0.05,
6623,1,teacher,agree|refine_failed|no_bar_pair,no_bar_pair,P(2),3(3),0.9324,0.9309,65.3,0.9982,0.06,
6624,1,teacher,agree|refine_failed|no_bar_pair,no_bar_pair,P(2),3(3),0.9176,0.9169,65.8,0.9991,0.02,
6625,1,teacher,agree|refine_failed|no_bar_pair,no_bar_pair,P(2),3(3),0.9177,0.9156,65.87,0.9987,0.04,
6626,1,teacher,agree|refine_failed|no_bar_pair,no_bar_pair,P(2),3(3),0.93,0.9276,66.75,0.9988,0.03,
6627,1,teacher,agree|refine_failed|no_bar_pair,no_bar_pair,P(2),3(3),0.9285,0.9263,66.77,0.9976,0.05,
6628,1,teacher,agree|refine_failed|no_bar_pair,no_bar_pair,P(2),3(3),0.9433,0.9427,65.82,0.9988,0.04,
6629,1,teacher,agree|refine_failed|no_bar_pair,no_bar_pair,P(2),3(3),0.9393,0.9385,66.96,0.9976,0.06,
6630,1,teacher,agree|refine_failed|no_bar_pair,no_bar_pair,P(2),3(3),0.927,0.9266,66.08,0.9984,0.05,
6633,1,teacher,agree|refine_failed|no_bar_pair,no_bar_pair,P(2),3(3),0.9332,0.9337,64.04,0.9984,0.04,
6634,1,teacher,agree|refine_failed|no_bar_pair,no_bar_pair,P(2),3(3),0.8948,0.8926,66.86,0.9989,0.03,
6635,0,teacher,agree|refine_failed|no_bar_pair,no_bar_pair,P(2),3(3),0.9343,0.9361,66.03,0.9969,0.11,
6636,1,teacher,agree|refine_failed|no_bar_pair,no_bar_pair,P(2),3(3),0.9053,0.9019,63.59,0.9975,0.07,
6637,1,teacher,agree|refine_failed|no_bar_pair,no_bar_pair,P(2),3(3),0.8482,0.8402,64.79,0.998,0.06,
6638,1,teacher,agree|refine_failed|no_bar_pair,no_bar_pair,P(2),3(3),0.7197,0.7126,62.84,0.9991,0.02,
6639,1,teacher,agree|refine_failed|no_bar_pair,no_bar_pair,P(2),3(3),0.8003,0.7971,62.72,0.9976,0.05,
664,1,teacher,agree|refine_failed|no_bar_pair,no_bar_pair,R(1),4(4),0.8328,0.8333,44.21,0.9969,0.11,
6640,1,teacher,agree|refine_failed|no_bar_pair,no_bar_pair,P(2),3(3),0.8075,0.8,63.87,0.9973,0.06,
6641,1,teacher,agree|refine_failed|no_bar_pair,no_bar_pair,P(2),3(3),0.8375,0.8323,64.46,0.9984,0.04,
6642,1,teacher,agree|refine_failed|no_bar_pair,no_bar_pair,P(2),3(3),0.8781,0.8765,63.46,0.9986,0.04,
6643,1,teacher,agree|refine_failed|no_bar_pair,no_bar_pair,P(2),3(3),0.8592,0.8556,64.43,0.9976,0.08,
6644,1,teacher,agree|refine_failed|no_bar_pair,no_bar_pair,P(2),3(3),0.7326,0.7267,66.35,0.9981,0.06,
6645,1,teacher,agree|refine_failed|no_bar_pair,no_bar_pair,P(2),3(3),0.5419,0.5208,63.26,0.9972,0.09,
6646,1,teacher,agree|refine_failed|no_bar_pair,no_bar_pair,P(2),3(3),0.765,0.7528,63.52,0.9975,0.07,
6647,1,teacher,agree|refine_failed|no_bar_pair,no_bar_pair,P(2),3(3),0.7936,0.7848,61.8,0.9956,0.14,
6649,0,teacher,agree|refine_failed|no_bar_pair,no_bar_pair,P(2),3(3),0.8283,0.8201,63.81,0.997,0.09,
6651,1,teacher,agree|refine_failed|no_bar_pair,no_bar_pair,P(2),3(3),0.8731,0.8671,62.79,0.9986,0.05,
6652,1,teacher,agree|refine_failed|no_bar_pair,no_bar_pair,P(2),3(3),0.8902,0.8876,63.61,0.998,0.06,
6653,0,teacher,agree|refine_failed|no_bar_pair,no_bar_pair,P(2),3(3),0.924,0.9204,65.19,0.9975,0.07,
6654,0,teacher,agree|refine_failed|no_bar_pair,no_bar_pair,P(2),3(3),0.9304,0.9262,61.18,0.9983,0.06,
6655,0,teacher,agree|refine_failed|no_bar_pair,no_bar_pair,P(2),3(3),0.889,0.8808,64.59,0.9966,0.08,
6656,1,teacher,agree|refine_failed|no_bar_pair,no_bar_pair,P(2),3(3),0.7951,0.7899,60.77,0.9981,0.04,
6658,1,teacher,agree|refine_failed|no_bar_pair,no_bar_pair,P(2),3(3),0.6257,0.6324,32.09,0.9965,0.12,
6659,1,teacher,agree|refine_failed|no_bar_pair,no_bar_pair,P(2),3(3),0.6432,0.6432,35.7,0.9951,0.17,
6680,0,teacher,agree|refine_failed|no_bar_pair,no_bar_pair,R(1),O(6),0.9559,0.9564,77.62,0.998,0.06,
6680,1,teacher,agree|refine_failed|no_bar_pair,no_bar_pair,P(2),3(3),0.872,0.8672,64.74,0.9982,0.04,
6690,1,teacher,agree|refine_failed|no_bar_pair,no_bar_pair,P(2),3(3),0.8991,0.8947,64.52,0.9987,0.04,
6742,1,teacher,agree|refine_skipped|plate_too_small|tiny,plate_too_small,R(1),4(4),0.528,0.5289,11.01,0.9949,0.16,
6743,1,teacher,agree|refine_failed|no_bar_pair,no_bar_pair,B(0),3(3),0.4346,0.4369,40.27,0.9513,1.88,
6748,1,teacher,agree|refine_failed|no_bar_pair,no_bar_pair,B(0),3(3),0.6594,0.6606,37.05,0.9989,0.07,
6750,1,teacher,agree|refine_failed|no_bar_pair,no_bar_pair,B(0),3(3),0.698,0.6954,47.73,0.9983,0.09,
6752,0,teacher,agree|refine_failed|no_bar_pair,no_bar_pair,B(0),3(3),0.9257,0.9255,151.3,0.9991,0.03,
6755,0,teacher,agree|refine_failed|no_bar_pair,no_bar_pair,B(0),3(3),0.3195,0.3186,206.44,0.9979,0.05,
6756,0,teacher,agree|refine_failed|no_bar_pair,no_bar_pair,B(0),3(3),0.8019,0.8031,80.46,0.9987,0.06,
6765,1,teacher,agree|refine_failed|no_bar_pair,no_bar_pair,B(0),3(3),0.8736,0.8733,51.99,0.9989,0.04,
6768,1,teacher,agree|refine_failed|no_bar_pair,no_bar_pair,B(0),3(3),0.6811,0.6814,45.93,0.9995,0.02,
678,0,teacher,agree|refine_failed|no_bar_pair,no_bar_pair,R(1),2(2),0.932,0.9302,109.51,0.9985,0.05,
6886,1,teacher,agree|refine_failed|no_bar_pair,no_bar_pair,B(0),2(2),0.4676,0.463,78.94,0.9942,0.16,
6887,1,teacher,agree|refine_failed|no_bar_pair,no_bar_pair,B(0),2(2),0.9258,0.9253,89.04,0.9967,0.13,
6888,1,teacher,agree|refine_failed|no_bar_pair,no_bar_pair,B(0),2(2),0.9569,0.9573,86.55,0.9976,0.08,
6889,1,teacher,agree|refine_failed|no_bar_pair,no_bar_pair,B(0),2(2),0.9511,0.9513,86.14,0.9986,0.05,
6890,0,teacher,agree|refine_failed|no_bar_pair,no_bar_pair,B(0),2(2),0.9544,0.9547,87.77,0.9987,0.05,
6891,0,teacher,agree|refine_failed|no_bar_pair,no_bar_pair,B(0),2(2),0.9632,0.9632,89.46,0.9988,0.05,
6892,0,teacher,agree|refine_failed|no_bar_pair,no_bar_pair,B(0),2(2),0.9682,0.968,88.24,0.9984,0.07,
6893,0,teacher,agree|refine_failed|no_bar_pair,no_bar_pair,B(0),2(2),0.966,0.9661,85.98,0.9954,0.16,
6894,1,teacher,agree|refine_failed|no_bar_pair,no_bar_pair,B(0),2(2),0.4866,0.4782,72.36,0.9939,0.24,
6900,0,teacher,agree|refine_failed|no_bar_pair,no_bar_pair,B(0),2(2),0.9687,0.9687,106.73,0.9986,0.05,
6901,0,teacher,agree|refine_failed|no_bar_pair,no_bar_pair,B(0),2(2),0.9722,0.9722,115.19,0.9991,0.03,
6902,0,teacher,agree|refine_failed|no_bar_pair,no_bar_pair,B(0),2(2),0.9524,0.9522,118.13,0.9977,0.07,
6903,1,teacher,agree|refine_failed|no_bar_pair,no_bar_pair,B(0),2(2),0.876,0.8736,118.3,0.9921,0.21,
691,2,teacher,agree|refine_failed|no_bar_pair,no_bar_pair,R(1),3(3),0.2823,0.2824,35.14,0.9973,0.09,
6911,1,teacher,agree|refine_failed|no_bar_pair,no_bar_pair,R(1),2(2),0.9196,0.9238,179.45,0.9905,0.23,
6916,0,teacher,agree|refine_failed|no_bar_pair,no_bar_pair,R(1),2(2),0.8207,0.8191,62.89,0.9975,0.09,
6917,0,teacher,agree|refine_failed|no_bar_pair,no_bar_pair,R(1),2(2),0.6139,0.6119,50.52,0.9988,0.05,
6918,0,teacher,agree|refine_failed|no_bar_pair,no_bar_pair,R(1),2(2),0.9405,0.9401,146.35,0.9987,0.03,
692,1,teacher,agree|refine_failed|no_bar_pair,no_bar_pair,R(1),3(3),0.901,0.9003,53.01,0.9978,0.07,
692,2,refine,no_match|primary_only|refine_ok,,R(1),4(4),0.2562,,24.43,,,3.48
6956,1,teacher,agree|refine_failed|no_bar_pair,no_bar_pair,R(1),2(2),0.3086,0.3025,25.14,0.9983,0.07,
6959,2,teacher,agree|refine_failed|no_bar_pair,no_bar_pair,R(1),2(2),0.2642,0.2618,24.54,0.9986,0.07,
6960,2,teacher,agree|refine_failed|no_bar_pair,no_bar_pair,R(1),2(2),0.7947,0.7955,29.32,0.9994,0.03,
6964,2,teacher,agree|refine_failed|no_bar_pair,no_bar_pair,R(1),2(2),0.3989,0.3867,37.84,0.9958,0.16,
6965,1,teacher,agree|refine_failed|no_bar_pair,no_bar_pair,B(0),4(4),0.4517,0.4525,49.91,0.9983,0.05,
6970,1,teacher,agree|refine_skipped|plate_too_small|tiny,plate_too_small,R(1),4(4),0.362,0.3597,10.28,0.9828,0.68,
6971,1,teacher,agree|refine_skipped|plate_too_small|tiny,plate_too_small,R(1),4(4),0.6336,0.6279,11.41,0.9846,0.63,
698,1,teacher,agree|refine_failed|no_bar_pair,no_bar_pair,B(0),4(4),0.869,0.8694,193.73,0.9988,0.04,
70,2,teacher,agree|refine_failed|no_bar_pair,no_bar_pair,R(1),2(2),0.8997,0.8988,167.05,0.9993,0.02,
7024,0,teacher,agree|refine_failed|no_bar_pair,no_bar_pair,R(1),4(4),0.8767,0.8774,27.19,0.9972,0.06,
7031,3,teacher,agree|refine_skipped|plate_too_small|tiny,plate_too_small,B(0),3(3),0.5736,0.5719,7.4,0.9909,0.29,
7045,1,teacher,agree|refine_skipped|plate_too_small|tiny,plate_too_small,B(0),3(3),0.8654,0.8641,11.68,0.9571,1.5,
7049,2,teacher,agree|refine_skipped|plate_too_small|tiny,plate_too_small,B(0),3(3),0.7149,0.7141,8.03,0.9964,0.19,
7050,2,teacher,agree|refine_skipped|plate_too_small|tiny,plate_too_small,B(0),3(3),0.63,0.6321,8.6,0.9942,0.21,
7051,2,teacher,agree|refine_skipped|plate_too_small|tiny,plate_too_small,B(0),3(3),0.5532,0.55,8.36,0.9957,0.21,
7052,3,teacher,agree|refine_skipped|plate_too_small|tiny,plate_too_small,B(0),3(3),0.4826,0.4842,7.8,0.9969,0.18,
7054,2,teacher,agree|refine_failed|no_bar_pair,no_bar_pair,B(0),4(4),0.82,0.8195,24.59,0.9973,0.09,
7055,3,teacher,agree|refine_skipped|plate_too_small|tiny,plate_too_small,B(0),3(3),0.3857,0.3847,7.63,0.9939,0.26,
7058,2,teacher,agree|refine_skipped|plate_too_small|tiny,plate_too_small,B(0),3(3),0.4485,0.4472,7.36,0.9917,0.34,
706,2,teacher,agree|refine_failed|no_bar_pair,no_bar_pair,R(1),3(3),0.8971,0.8972,56.33,0.9991,0.04,
7060,2,teacher,agree|refine_skipped|plate_too_small|tiny,plate_too_small,B(0),3(3),0.4105,0.4074,8.17,0.9945,0.23,
7061,2,teacher,agree|refine_skipped|plate_too_small|tiny,plate_too_small,B(0),3(3),0.4433,0.444,8.64,0.996,0.18,
7062,2,teacher,agree|refine_skipped|plate_too_small|tiny,plate_too_small,B(0),3(3),0.7262,0.7242,11.94,0.9957,0.12,
7063,2,teacher,agree|refine_skipped|plate_too_small|tiny,plate_too_small,B(0),4(4),0.7127,0.7128,9.76,0.9994,0.02,
7064,2,teacher,agree|refine_skipped|plate_too_small|tiny,plate_too_small,B(0),4(4),0.5883,0.5862,10.21,0.9952,0.17,
7065,2,teacher,agree|refine_skipped|plate_too_small|tiny,plate_too_small,B(0),3(3),0.8239,0.8234,8.06,0.9958,0.17,
7065,3,teacher,agree|refine_skipped|plate_too_small|tiny,plate_too_small,B(0),4(4),0.7212,0.7212,10.52,0.9989,0.06,
7066,2,teacher,agree|refine_skipped|plate_too_small|tiny,plate_too_small,B(0),3(3),0.8747,0.8745,11.52,0.9938,0.21,
7067,2,teacher,agree|refine_skipped|plate_too_small|tiny,plate_too_small,B(0),3(3),0.8386,0.8408,9.98,0.9927,0.25,
7071,2,teacher,agree|refine_skipped|plate_too_small|tiny,plate_too_small,B(0),3(3),0.2891,0.2917,6.92,0.9959,0.2,
7072,2,teacher,agree|refine_skipped|plate_too_small|tiny,plate_too_small,B(0),3(3),0.7921,0.7903,10.07,0.9948,0.17,
7073,2,teacher,agree|refine_skipped|plate_too_small|tiny,plate_too_small,B(0),4(4),0.3276,0.3295,11.59,0.9946,0.2,
7074,2,teacher,agree|refine_skipped|plate_too_small|tiny,plate_too_small,B(0),3(3),0.8413,0.8417,9.67,0.9978,0.09,
7078,0,teacher,agree|refine_skipped|plate_too_small|tiny,plate_too_small,B(0),4(4),0.5502,0.5528,11.55,0.997,0.08,
7078,1,teacher,agree|refine_skipped|plate_too_small|tiny,plate_too_small,B(0),3(3),0.4991,0.5024,9.46,0.9988,0.07,
708,0,teacher,agree|refine_failed|no_bar_pair,no_bar_pair,R(1),3(3),0.5137,0.5078,24.24,0.9919,0.26,
7083,0,teacher,agree|refine_skipped|plate_too_small|tiny,plate_too_small,B(0),4(4),0.6664,0.6633,11.43,0.9945,0.15,
7084,1,teacher,agree|refine_skipped|plate_too_small|tiny,plate_too_small,B(0),3(3),0.3331,0.3334,8.8,0.9955,0.19,
7088,0,teacher,agree|refine_skipped|plate_too_small|tiny,plate_too_small,B(0),4(4),0.4955,0.4942,10.4,0.9937,0.23,
7089,0,teacher,agree|refine_skipped|plate_too_small|tiny,plate_too_small,B(0),4(4),0.7966,0.7962,10.03,0.9958,0.12,
7089,1,teacher,agree|refine_skipped|plate_too_small|tiny,plate_too_small,B(0),4(4),0.6078,0.6061,9.4,0.9966,0.13,
709,0,teacher,agree|refine_failed|no_bar_pair,no_bar_pair,R(1),2(2),0.9183,0.9184,61.26,0.9988,0.05,
7090,0,teacher,agree|refine_skipped|plate_too_small|tiny,plate_too_small,B(0),4(4),0.893,0.8921,11.86,0.9967,0.1,
7090,1,teacher,agree|refine_skipped|plate_too_small|tiny,plate_too_small,B(0),4(4),0.5751,0.5741,7.76,0.994,0.23,
7095,1,teacher,agree|refine_skipped|plate_too_small|tiny,plate_too_small,B(0),4(4),0.3806,0.3795,7.04,0.9938,0.26,
7096,1,teacher,agree|refine_skipped|plate_too_small|tiny,plate_too_small,B(0),4(4),0.5182,0.5167,9.77,0.9963,0.19,
71,1,teacher,agree|refine_failed|no_bar_pair,no_bar_pair,R(1),3(3),0.8825,0.8834,67.98,0.9981,0.07,
712,0,teacher,agree|refine_failed|no_bar_pair,no_bar_pair,B(0),4(4),0.8535,0.8546,75.88,0.9983,0.1,
7154,2,teacher,agree|refine_failed|no_bar_pair,no_bar_pair,P(2),4(4),0.3273,0.3236,36.95,0.9954,0.13,
7155,2,teacher,agree|refine_failed|no_bar_pair,no_bar_pair,P(2),4(4),0.8698,0.8707,38.18,0.9986,0.05,
7156,2,teacher,agree|refine_failed|no_bar_pair,no_bar_pair,P(2),4(4),0.7851,0.7831,36.64,0.9935,0.16,
7158,1,teacher,agree|refine_failed|no_bar_pair,no_bar_pair,P(2),4(4),0.9071,0.9077,32.22,0.9941,0.12,
7167,2,teacher,agree|refine_failed|no_bar_pair,no_bar_pair,P(2),4(4),0.5545,0.5587,29.84,0.9963,0.11,
7173,0,teacher,agree|refine_failed|no_bar_pair,no_bar_pair,B(0),2(2),0.9669,0.9666,32.02,0.9974,0.07,
7199,2,teacher,agree|refine_failed|no_bar_pair,no_bar_pair,R(1),4(4),0.8105,0.8048,24.71,0.996,0.14,
7204,2,teacher,agree|refine_skipped|plate_too_small|tiny,plate_too_small,B(0),2(2),0.567,0.5673,10.81,0.994,0.17,
7205,3,teacher,no_match|primary_only|refine_skipped|plate_too_small,plate_too_small,B(0),4(4),0.2507,,12.98,,,
7212,1,teacher,agree|refine_failed|no_bar_pair,no_bar_pair,R(1),4(4),0.9405,0.9393,99.75,0.9988,0.04,
7214,2,teacher,agree|refine_failed|no_bar_pair,no_bar_pair,R(1),4(4),0.3146,0.3116,26.06,0.9986,0.09,
7215,2,teacher,agree|refine_failed|no_bar_pair,no_bar_pair,R(1),4(4),0.4258,0.4276,31.88,0.9984,0.07,
7217,1,teacher,agree|refine_failed|no_bar_pair,no_bar_pair,B(0),2(2),0.4868,0.4836,27.01,0.9979,0.08,
7217,2,teacher,no_match|secondary_only|refine_skipped|plate_too_small,plate_too_small,B(0),O(6),,0.2638,15.6,,,
7225,0,teacher,agree|refine_failed|no_bar_pair,no_bar_pair,R(1),3(3),0.9075,0.9046,233.29,0.9971,0.09,
7242,1,teacher,agree|refine_failed|no_bar_pair,no_bar_pair,R(1),3(3),0.7629,0.7624,89.07,0.9983,0.09,
7243,2,teacher,agree|refine_failed|no_bar_pair,no_bar_pair,R(1),3(3),0.857,0.8559,73.1,0.9981,0.06,
7244,2,teacher,agree|refine_failed|no_bar_pair,no_bar_pair,R(1),3(3),0.8305,0.8288,58.98,0.9983,0.06,
7245,2,teacher,agree|refine_failed|no_bar_pair,no_bar_pair,R(1),3(3),0.8174,0.8155,50.53,0.9986,0.06,
7246,2,teacher,agree|refine_failed|no_bar_pair,no_bar_pair,R(1),3(3),0.7921,0.7917,42.9,0.9992,0.04,
7247,1,teacher,agree|refine_failed|no_bar_pair,no_bar_pair,R(1),3(3),0.617,0.6099,37.25,0.9989,0.05,
7248,1,teacher,agree|refine_failed|no_bar_pair,no_bar_pair,R(1),3(3),0.6577,0.6511,32.45,0.9987,0.06,
7249,1,teacher,agree|refine_failed|no_bar_pair,no_bar_pair,R(1),3(3),0.4902,0.4767,29.8,0.9974,0.09,
725,0,teacher,agree|refine_failed|no_bar_pair,no_bar_pair,R(1),2(2),0.9285,0.9269,137.51,0.9956,0.11,
7250,1,teacher,agree|refine_failed|no_bar_pair,no_bar_pair,R(1),3(3),0.907,0.907,83.21,0.9991,0.03,
7250,2,teacher,agree|refine_failed|no_bar_pair,no_bar_pair,R(1),3(3),0.7141,0.7108,24.63,0.9973,0.11,
7258,1,teacher,agree|refine_failed|no_bar_pair,no_bar_pair,R(1),3(3),0.8827,0.8819,72.48,0.999,0.03,
7259,2,teacher,agree|refine_failed|no_bar_pair,no_bar_pair,R(1),3(3),0.8874,0.8867,68.74,0.9988,0.03,
7260,1,teacher,agree|refine_failed|no_bar_pair,no_bar_pair,R(1),3(3),0.9174,0.9162,64.86,0.9982,0.05,
7260,3,teacher,agree|refine_failed|no_bar_pair,no_bar_pair,R(1),3(3),0.7508,0.7436,29.92,0.9967,0.11,
7261,2,teacher,agree|refine_failed|no_bar_pair,no_bar_pair,R(1),3(3),0.6684,0.6691,53.51,0.9978,0.06,
7268,1,teacher,agree|refine_failed|no_bar_pair,no_bar_pair,R(1),3(3),0.7697,0.7647,46.83,0.9954,0.16,
7272,1,teacher,agree|refine_failed|no_bar_pair,no_bar_pair,R(1),3(3),0.9031,0.9031,115.88,0.9989,0.03,
7274,1,teacher,agree|refine_failed|no_bar_pair,no_bar_pair,R(1),3(3),0.9066,0.9017,45.71,0.9961,0.16,
7279,0,teacher,agree|refine_failed|no_bar_pair,no_bar_pair,B(0),4(4),0.5645,0.5689,37.02,0.9959,0.09,
7280,1,teacher,agree|refine_failed|no_bar_pair,no_bar_pair,R(1),3(3),0.8216,0.8172,38.31,0.9976,0.09,
7281,0,teacher,agree|refine_failed|no_bar_pair,no_bar_pair,B(0),4(4),0.7636,0.7618,31.94,0.9987,0.05,
7291,0,teacher,agree|refine_failed|no_bar_pair,no_bar_pair,B(0),4(4),0.8917,0.8914,31.63,0.9965,0.08,
7292,0,teacher,agree|refine_failed|no_bar_pair,no_bar_pair,B(0),4(4),0.917,0.916,31.02,0.9984,0.06,
7314,1,teacher,agree|refine_failed|no_bar_pair,no_bar_pair,R(1),3(3),0.8304,0.8294,114.43,0.9991,0.03,
7315,1,teacher,agree|refine_failed|no_bar_pair,no_bar_pair,R(1),3(3),0.8532,0.8533,131.84,0.9988,0.04,
7316,0,teacher,agree|refine_failed|no_bar_pair,no_bar_pair,R(1),3(3),0.907,0.9071,135.56,0.9987,0.04,
7317,1,teacher,agree|refine_failed|no_bar_pair,no_bar_pair,R(1),3(3),0.8522,0.8534,138.12,0.9994,0.02,
7318,1,teacher,agree|refine_failed|no_bar_pair,no_bar_pair,R(1),3(3),0.8551,0.8583,134.34,0.9968,0.09,
7318,2,teacher,agree|refine_skipped|plate_too_small|tiny,plate_too_small,B(0),4(4),0.793,0.793,10.63,0.9987,0.05,
7319,1,teacher,agree|refine_failed|no_bar_pair,no_bar_pair,R(1),3(3),0.807,0.8079,118.75,0.9992,0.02,
7319,2,teacher,agree|refine_failed|no_bar_pair,no_bar_pair,R(1),3(3),0.7462,0.7152,37.95,0.9903,0.43,
7322,2,teacher,agree|refine_failed|no_bar_pair,no_bar_pair,R(1),3(3),0.9198,0.9154,46.68,0.9966,0.15,
7323,2,teacher,agree|refine_failed|no_bar_pair,no_bar_pair,R(1),3(3),0.4495,0.4417,27.34,0.9953,0.24,
7327,1,teacher,agree|refine_failed|no_bar_pair,no_bar_pair,R(1),3(3),0.8805,0.8796,106.71,0.9986,0.03,
7329,1,teacher,agree|refine_failed|no_bar_pair,no_bar_pair,R(1),3(3),0.8677,0.8679,63.7,0.9983,0.05,
7335,0,teacher,agree|refine_skipped|plate_too_small|tiny,plate_too_small,B(0),4(4),0.7634,0.7611,11.87,0.9954,0.14,
7343_1,1,teacher,agree|refine_skipped|plate_too_small|tiny,plate_too_small,B(0),3(3),0.3417,0.3413,11.28,0.9961,0.16,
735,1,teacher,agree|refine_failed|no_bar_pair,no_bar_pair,R(1),3(3),0.8713,0.8685,57.32,0.9987,0.05,
735,2,teacher,agree|refine_failed|no_bar_pair,no_bar_pair,R(1),3(3),0.6153,0.612,48.94,0.9985,0.05,
735,3,teacher,agree|refine_failed|no_bar_pair,no_bar_pair,B(0),3(3),0.2541,0.2528,66.7,0.9972,0.07,
7376_1,1,teacher,agree|refine_skipped|plate_too_small|tiny,plate_too_small,B(0),3(3),0.6607,0.6594,11.35,0.994,0.23,
7383_1,1,teacher,agree|refine_skipped|plate_too_small|tiny,plate_too_small,B(0),3(3),0.4464,0.4427,11.39,0.9971,0.1,
7389_1,1,teacher,agree|refine_failed|no_bar_pair,no_bar_pair,B(0),4(4),0.8979,0.9029,30.88,0.9953,0.14,
7418_1,1,teacher,agree|refine_skipped|plate_too_small|tiny,plate_too_small,R(1),3(3),0.6913,0.6894,10.38,0.9943,0.13,
7419_1,1,teacher,agree|refine_skipped|plate_too_small|tiny,plate_too_small,B(0),4(4),0.7966,0.7975,9.98,0.9948,0.17,
742,2,teacher,agree|refine_failed|no_bar_pair,no_bar_pair,R(1),2(2),0.8959,0.8946,50.17,0.9973,0.09,
7421_1,1,teacher,agree|refine_skipped|plate_too_small|tiny,plate_too_small,R(1),3(3),0.5613,0.564,9.28,0.9905,0.24,
7424_1,1,teacher,agree|refine_skipped|plate_too_small|tiny,plate_too_small,B(0),3(3),0.468,0.4676,8.73,0.9936,0.22,
7425_1,1,teacher,agree|refine_skipped|plate_too_small|tiny,plate_too_small,R(1),3(3),0.801,0.8032,11.08,0.9917,0.19,
7425_1,2,teacher,agree|refine_skipped|plate_too_small|tiny,plate_too_small,B(0),4(4),0.4364,0.4404,6.57,0.9912,0.37,
7429_1,0,teacher,agree|refine_failed|no_bar_pair,no_bar_pair,B(0),4(4),0.9242,0.9239,24.69,0.9947,0.12,
7429_1,1,teacher,agree|refine_skipped|plate_too_small|tiny,plate_too_small,R(1),3(3),0.6348,0.6326,10.23,0.9887,0.28,
7429_1,2,teacher,agree|refine_skipped|plate_too_small|tiny,plate_too_small,R(1),3(3),0.6131,0.614,10.56,0.9957,0.12,
7430_1,2,teacher,agree|refine_skipped|plate_too_small|tiny,plate_too_small,R(1),3(3),0.7419,0.7431,11.91,0.9972,0.09,
7432_1,0,teacher,agree|refine_skipped|plate_too_small|tiny,plate_too_small,R(1),3(3),0.7698,0.7688,11.92,0.9963,0.09,
7435_1,1,teacher,agree|refine_skipped|plate_too_small|tiny,plate_too_small,R(1),3(3),0.9105,0.9109,11.51,0.9954,0.13,
7436_1,1,teacher,agree|refine_skipped|plate_too_small|tiny,plate_too_small,R(1),3(3),0.7118,0.7113,10.86,0.9943,0.21,
7437_1,1,teacher,agree|refine_skipped|plate_too_small|tiny,plate_too_small,R(1),3(3),0.5966,0.5983,11.44,0.9959,0.14,
7437_1,2,teacher,agree|refine_skipped|plate_too_small|tiny,plate_too_small,B(0),3(3),0.275,0.2771,8.36,0.9925,0.21,
7438_1,1,teacher,agree|refine_skipped|plate_too_small|tiny,plate_too_small,B(0),4(4),0.9044,0.9064,11.29,0.9941,0.18,
7439_1,1,teacher,agree|refine_skipped|plate_too_small|tiny,plate_too_small,R(1),3(3),0.6362,0.6342,10.4,0.9935,0.23,
7440_1,1,teacher,agree|refine_skipped|plate_too_small|tiny,plate_too_small,R(1),3(3),0.4269,0.429,9.3,0.9897,0.25,
7443_1,1,teacher,agree|refine_skipped|plate_too_small|tiny,plate_too_small,R(1),3(3),0.2964,0.2987,10.7,0.9923,0.17,
7445_1,1,teacher,agree|refine_skipped|plate_too_small|tiny,plate_too_small,R(1),3(3),0.3012,0.3039,8.1,0.9983,0.08,
7448_1,1,teacher,agree|refine_skipped|plate_too_small|tiny,plate_too_small,R(1),3(3),0.6846,0.6869,9.09,0.9951,0.18,
7449_1,1,teacher,agree|refine_skipped|plate_too_small|tiny,plate_too_small,R(1),3(3),0.5788,0.5774,10.13,0.9941,0.12,
745,3,teacher,agree|refine_failed|no_bar_pair,no_bar_pair,R(1),4(4),0.8171,0.8181,40.08,0.9988,0.06,
7452_1,0,teacher,agree|refine_failed|no_bar_pair,no_bar_pair,R(1),3(3),0.9358,0.9357,25.68,0.9969,0.06,
7455_1,1,teacher,agree|refine_skipped|plate_too_small|tiny,plate_too_small,R(1),3(3),0.2675,0.2652,7.67,0.9957,0.18,
7456_1,1,teacher,agree|refine_skipped|plate_too_small|tiny,plate_too_small,R(1),3(3),0.3657,0.3677,9.67,0.9948,0.15,
7458_1,0,teacher,agree|refine_skipped|plate_too_small|tiny,plate_too_small,B(0),4(4),0.8826,0.8838,11.7,0.9966,0.1,
7460_1,1,teacher,agree|refine_skipped|plate_too_small|tiny,plate_too_small,R(1),3(3),0.6878,0.6877,11.83,0.9968,0.14,
7461_1,1,teacher,agree|refine_skipped|plate_too_small|tiny,plate_too_small,R(1),3(3),0.5016,0.5005,11.18,0.9955,0.1,
7466_1,0,teacher,agree|refine_failed|no_bar_pair,no_bar_pair,R(1),3(3),0.9489,0.9483,28.91,0.9972,0.05,
747,1,teacher,agree|refine_failed|no_bar_pair,no_bar_pair,R(1),2(2),0.2761,0.2742,105.19,0.9987,0.07,
7480_1,0,teacher,agree|refine_skipped|plate_too_small|tiny,plate_too_small,R(1),4(4),0.3872,0.3913,11.06,0.9965,0.1,
7482_1,1,teacher,agree|refine_skipped|plate_too_small|tiny,plate_too_small,R(1),3(3),0.5673,0.5694,10.35,0.9974,0.09,
7500_1,1,teacher,agree|refine_skipped|plate_too_small|tiny,plate_too_small,R(1),3(3),0.4603,0.4645,10.05,0.9977,0.08,
7504_1,0,teacher,agree|refine_skipped|plate_too_small|tiny,plate_too_small,R(1),4(4),0.2944,0.3,9.99,0.993,0.15,
7511_1,3,teacher,agree|refine_skipped|plate_too_small|tiny,plate_too_small,B(0),4(4),0.5277,0.5284,6.16,0.9964,0.16,
7518_1,1,teacher,agree|refine_skipped|plate_too_small|tiny,plate_too_small,B(0),3(3),0.7439,0.7502,8.4,0.9953,0.22,
7520_1,0,teacher,agree|refine_skipped|plate_too_small|tiny,plate_too_small,B(0),3(3),0.892,0.891,11.68,0.9944,0.17,
7521_1,1,teacher,agree|refine_skipped|plate_too_small|tiny,plate_too_small,B(0),3(3),0.9374,0.9378,11.53,0.9945,0.21,
7521_1,2,teacher,agree|refine_skipped|plate_too_small|tiny,plate_too_small,B(0),4(4),0.7595,0.7613,10.03,0.9979,0.08,
7522_1,1,teacher,agree|refine_skipped|plate_too_small|tiny,plate_too_small,B(0),3(3),0.9215,0.9201,11.53,0.9951,0.14,
7522_1,2,teacher,agree|refine_skipped|plate_too_small|tiny,plate_too_small,B(0),4(4),0.8133,0.8124,10.61,0.9938,0.15,
7523_1,1,teacher,agree|refine_skipped|plate_too_small|tiny,plate_too_small,B(0),3(3),0.8792,0.8789,10.51,0.9948,0.16,
7523_1,2,teacher,agree|refine_skipped|plate_too_small|tiny,plate_too_small,B(0),4(4),0.6288,0.6257,10.57,0.9965,0.1,
7524_1,1,teacher,agree|refine_skipped|plate_too_small|tiny,plate_too_small,B(0),3(3),0.8901,0.8907,11.21,0.9952,0.16,
7524_1,2,teacher,agree|refine_skipped|plate_too_small|tiny,plate_too_small,B(0),4(4),0.8861,0.8864,10.88,0.9961,0.09,
7525_1,1,teacher,agree|refine_skipped|plate_too_small|tiny,plate_too_small,B(0),3(3),0.8745,0.8749,11.34,0.9937,0.2,
7525_1,2,teacher,agree|refine_skipped|plate_too_small|tiny,plate_too_small,B(0),4(4),0.8676,0.8662,11.32,0.9942,0.19,
7526_1,1,teacher,agree|refine_skipped|plate_too_small|tiny,plate_too_small,B(0),3(3),0.9036,0.9037,11.36,0.9973,0.1,
7526_1,2,teacher,agree|refine_skipped|plate_too_small|tiny,plate_too_small,B(0),4(4),0.8348,0.8346,10.79,0.9966,0.11,
7527_1,0,teacher,agree|refine_skipped|plate_too_small|tiny,plate_too_small,B(0),4(4),0.7713,0.772,11.36,0.996,0.13,
7528_1,1,teacher,agree|refine_skipped|plate_too_small|tiny,plate_too_small,B(0),3(3),0.899,0.8992,10.57,0.9957,0.17,
7529_1,1,teacher,agree|refine_skipped|plate_too_small|tiny,plate_too_small,B(0),3(3),0.8716,0.8709,9.38,0.9952,0.18,
753,0,teacher,agree|refine_failed|no_bar_pair,no_bar_pair,R(1),4(4),0.9206,0.9206,39.42,0.9967,0.1,
7530_1,0,teacher,agree|refine_skipped|plate_too_small|tiny,plate_too_small,B(0),3(3),0.9087,0.9079,11.98,0.9982,0.05,
7530_1,1,teacher,agree|refine_skipped|plate_too_small|tiny,plate_too_small,B(0),3(3),0.6523,0.6508,7.61,0.9943,0.27,
7531_1,0,teacher,agree|refine_skipped|plate_too_small|tiny,plate_too_small,B(0),3(3),0.9421,0.9418,11.93,0.9981,0.07,
7531_1,1,teacher,agree|refine_skipped|plate_too_small|tiny,plate_too_small,B(0),3(3),0.7171,0.7163,7.73,0.9968,0.17,
7532_1,0,teacher,agree|refine_skipped|plate_too_small|tiny,plate_too_small,B(0),3(3),0.8948,0.8948,11.16,0.998,0.05,
754,1,teacher,agree|refine_failed|no_bar_pair,no_bar_pair,R(1),2(2),0.7889,0.7908,287.17,0.9969,0.08,
7542_1,1,teacher,agree|refine_skipped|plate_too_small|tiny,plate_too_small,B(0),4(4),0.7966,0.795,10.8,0.9948,0.19,
7543_1,1,teacher,agree|refine_skipped|plate_too_small|tiny,plate_too_small,B(0),4(4),0.8227,0.8216,10.01,0.9934,0.21,
7543_1,3,teacher,agree|refine_failed|no_bar_pair,no_bar_pair,R(1),B(7),0.3569,0.3417,98.25,0.9708,0.52,
7544_1,1,teacher,agree|refine_skipped|plate_too_small|tiny,plate_too_small,B(0),3(3),0.5427,0.5416,10.63,0.9969,0.06,
7545_1,2,teacher,agree|refine_skipped|plate_too_small|tiny,plate_too_small,B(0),3(3),0.4772,0.4857,10.83,0.9919,0.24,
7548_1,1,teacher,agree|refine_skipped|plate_too_small|tiny,plate_too_small,B(0),3(3),0.921,0.9199,11.15,0.9964,0.11,
7549_1,1,teacher,agree|refine_skipped|plate_too_small|tiny,plate_too_small,B(0),3(3),0.7039,0.7044,9.61,0.9902,0.41,
7550_1,1,teacher,agree|refine_skipped|plate_too_small|tiny,plate_too_small,B(0),3(3),0.5194,0.5246,10.16,0.9931,0.32,
7552_1,1,teacher,agree|refine_skipped|plate_too_small|tiny,plate_too_small,B(0),3(3),0.6147,0.6186,8.92,0.9909,0.38,
7564_1,0,teacher,agree|refine_failed|no_bar_pair,no_bar_pair,B(0),3(3),0.9298,0.9307,30.83,0.998,0.06,
7564_1,2,teacher,agree|refine_skipped|plate_too_small|tiny,plate_too_small,B(0),4(4),0.7847,0.7846,9.57,0.9948,0.17,
7565_1,1,teacher,agree|refine_skipped|plate_too_small|tiny,plate_too_small,B(0),4(4),0.6684,0.6728,9.34,0.9968,0.15,
7566_1,1,teacher,agree|refine_skipped|plate_too_small|tiny,plate_too_small,B(0),4(4),0.8614,0.8618,11.08,0.9977,0.08,
7575_1,1,teacher,agree|refine_skipped|plate_too_small|tiny,plate_too_small,B(0),4(4),0.3297,0.3296,9.18,0.999,0.05,
7576_1,2,teacher,agree|refine_skipped|plate_too_small|tiny,plate_too_small,B(0),4(4),0.7617,0.7592,9.59,0.9969,0.11,
7577_1,2,teacher,agree|refine_skipped|plate_too_small|tiny,plate_too_small,B(0),4(4),0.8473,0.8449,8.28,0.9932,0.21,
7578_1,1,teacher,conflict|conflict_cls|refine_skipped|plate_too_small|tiny,plate_too_small,B(0),4(4),0.867,0.8676,9.55,0.9971,0.11,
7579_1,2,teacher,agree|refine_skipped|plate_too_small|tiny,plate_too_small,B(0),4(4),0.7754,0.7769,9.37,0.9979,0.09,
7580_1,3,teacher,agree|refine_skipped|plate_too_small|tiny,plate_too_small,B(0),4(4),0.7195,0.7201,8.92,0.9952,0.22,
7581_1,2,teacher,agree|refine_skipped|plate_too_small|tiny,plate_too_small,B(0),4(4),0.8158,0.8167,8.93,0.9972,0.1,
7582_1,3,teacher,agree|refine_skipped|plate_too_small|tiny,plate_too_small,B(0),4(4),0.8177,0.8142,8.57,0.9948,0.21,
7589_1,2,teacher,agree|refine_skipped|plate_too_small|tiny,plate_too_small,B(0),4(4),0.4067,0.4115,7.25,0.9951,0.27,
7590_1,2,teacher,agree|refine_skipped|plate_too_small|tiny,plate_too_small,B(0),4(4),0.3199,0.3241,7.88,0.996,0.17,
7591_1,2,teacher,agree|refine_skipped|plate_too_small|tiny,plate_too_small,B(0),4(4),0.5497,0.5573,8.02,0.996,0.14,
7592_1,2,teacher,agree|refine_skipped|plate_too_small|tiny,plate_too_small,B(0),4(4),0.5216,0.5266,8.32,0.9966,0.16,
7593_1,2,teacher,agree|refine_skipped|plate_too_small|tiny,plate_too_small,B(0),4(4),0.8413,0.8411,8.49,0.9952,0.19,
7594_1,2,teacher,agree|refine_failed|no_bar_pair,no_bar_pair,B(0),3(3),0.8229,0.8266,24.16,0.9958,0.08,
7594_1,3,teacher,agree|refine_skipped|plate_too_small|tiny,plate_too_small,B(0),4(4),0.7068,0.7088,8.72,0.9961,0.15,
7595_1,2,teacher,agree|refine_skipped|plate_too_small|tiny,plate_too_small,B(0),4(4),0.7139,0.7161,9.54,0.9966,0.14,
7596_1,2,teacher,agree|refine_skipped|plate_too_small|tiny,plate_too_small,B(0),4(4),0.8291,0.8305,9.22,0.996,0.21,
7597_1,2,teacher,agree|refine_skipped|plate_too_small|tiny,plate_too_small,B(0),4(4),0.7471,0.744,9.5,0.9957,0.18,
7598_1,2,teacher,agree|refine_skipped|plate_too_small|tiny,plate_too_small,B(0),4(4),0.8126,0.8161,9.94,0.997,0.1,
7599_1,1,teacher,agree|refine_skipped|plate_too_small|tiny,plate_too_small,B(0),4(4),0.8509,0.8509,9.9,0.9948,0.21,
7600_1,2,teacher,agree|refine_skipped|plate_too_small|tiny,plate_too_small,B(0),4(4),0.8431,0.8433,10.88,0.9951,0.16,
7603_1,1,teacher,agree|refine_failed|no_bar_pair,no_bar_pair,B(0),4(4),0.8956,0.8979,29.12,0.9964,0.12,
7620_1,1,teacher,agree|refine_failed|no_bar_pair,no_bar_pair,B(0),4(4),0.5644,0.5887,30.98,0.9892,0.33,
7622_1,0,teacher,agree|refine_failed|no_bar_pair,no_bar_pair,B(0),3(3),0.5253,0.5302,37.42,0.9982,0.04,
764,3,teacher,agree|refine_failed|no_bar_pair,no_bar_pair,R(1),4(4),0.2985,0.3016,26.06,0.9943,0.31,
7659_1,1,teacher,agree|refine_skipped|plate_too_small|tiny,plate_too_small,B(0),4(4),0.4865,0.4898,6.99,0.997,0.12,
7660_1,1,teacher,agree|refine_skipped|plate_too_small|tiny,plate_too_small,B(0),4(4),0.4079,0.4096,8.92,0.9967,0.13,
7661_1,1,teacher,agree|refine_skipped|plate_too_small|tiny,plate_too_small,B(0),4(4),0.7352,0.7414,9.69,0.994,0.21,
7662_1,1,teacher,agree|refine_skipped|plate_too_small|tiny,plate_too_small,B(0),4(4),0.5947,0.5957,6.9,0.9893,0.42,
7664_1,1,teacher,agree|refine_skipped|plate_too_small|tiny,plate_too_small,B(0),4(4),0.4212,0.4141,6.35,0.9931,0.33,
7665_1,1,teacher,agree|refine_skipped|plate_too_small|tiny,plate_too_small,B(0),4(4),0.3569,0.3563,6.39,0.9926,0.38,
7677_1,1,teacher,agree|refine_skipped|plate_too_small|tiny,plate_too_small,B(0),3(3),0.5219,0.5238,7.41,0.9972,0.15,
7685_1,2,teacher,agree|refine_skipped|plate_too_small|tiny,plate_too_small,R(1),3(3),0.493,0.4905,8.01,0.9969,0.11,
7686_1,2,teacher,agree|refine_skipped|plate_too_small|tiny,plate_too_small,R(1),3(3),0.3922,0.3958,7.13,0.9952,0.25,
7687_1,2,teacher,agree|refine_failed|no_bar_pair,no_bar_pair,B(0),4(4),0.38,0.3793,31.94,0.9939,0.16,
7688_1,1,teacher,agree|refine_skipped|plate_too_small|tiny,plate_too_small,B(0),4(4),0.5421,0.5412,8.06,0.9958,0.14,
7689_1,1,teacher,agree|refine_skipped|plate_too_small|tiny,plate_too_small,B(0),4(4),0.3217,0.3243,5.41,0.9155,3.81,
7689_1,2,teacher,agree|refine_skipped|plate_too_small|tiny,plate_too_small,R(1),3(3),0.2613,0.2622,10.23,0.9936,0.13,
7691_1,0,teacher,agree|refine_skipped|plate_too_small|tiny,plate_too_small,B(0),4(4),0.7968,0.7977,11.25,0.9938,0.16,
7692_1,0,teacher,agree|refine_skipped|plate_too_small|tiny,plate_too_small,B(0),4(4),0.872,0.8725,11.74,0.9953,0.14,
7692_1,1,teacher,agree|refine_skipped|plate_too_small|tiny,plate_too_small,B(0),4(4),0.5773,0.5812,7.06,0.9946,0.22,
7693_1,0,teacher,agree|refine_skipped|plate_too_small|tiny,plate_too_small,B(0),4(4),0.8603,0.8577,11.19,0.9933,0.17,
7694_1,1,teacher,agree|refine_skipped|plate_too_small|tiny,plate_too_small,B(0),4(4),0.7624,0.7619,9.79,0.9921,0.18,
7696_1,1,teacher,agree|refine_skipped|plate_too_small|tiny,plate_too_small,B(0),4(4),0.8085,0.8093,11.84,0.9976,0.06,
7696_1,2,teacher,agree|refine_skipped|plate_too_small|tiny,plate_too_small,B(0),4(4),0.5671,0.5704,8.67,0.9973,0.12,
7698_1,2,teacher,agree|refine_skipped|plate_too_small|tiny,plate_too_small,B(0),4(4),0.811,0.8113,9.55,0.9976,0.11,
7699_1,2,teacher,agree|refine_skipped|plate_too_small|tiny,plate_too_small,B(0),3(3),0.6772,0.6737,7.88,0.9964,0.13,
7700_1,1,teacher,agree|refine_skipped|plate_too_small|tiny,plate_too_small,B(0),4(4),0.9332,0.933,11.18,0.9984,0.05,
7702_1,1,teacher,agree|refine_skipped|plate_too_small|tiny,plate_too_small,B(0),4(4),0.4369,0.4393,6.89,0.9939,0.26,
7704_1,1,teacher,agree|refine_skipped|plate_too_small|tiny,plate_too_small,B(0),4(4),0.6017,0.6017,7.79,0.9956,0.24,
7706_1,0,teacher,agree|refine_skipped|plate_too_small|tiny,plate_too_small,B(0),4(4),0.8296,0.8289,10.49,0.9989,0.04,
7706_1,1,teacher,agree|refine_skipped|plate_too_small|tiny,plate_too_small,B(0),4(4),0.3405,0.3405,6.59,0.9972,0.16,
7707_1,0,teacher,agree|refine_skipped|plate_too_small|tiny,plate_too_small,B(0),4(4),0.8132,0.8132,11.59,0.9968,0.12,
7708_1,0,teacher,agree|refine_skipped|plate_too_small|tiny,plate_too_small,B(0),4(4),0.8105,0.8108,11.0,0.9938,0.25,
7709_1,0,teacher,agree|refine_skipped|plate_too_small|tiny,plate_too_small,B(0),4(4),0.8641,0.8622,9.45,0.9949,0.16,
7709_1,1,teacher,agree|refine_skipped|plate_too_small|tiny,plate_too_small,B(0),4(4),0.3795,0.3778,5.93,0.9942,0.34,
7710_1,0,teacher,agree|refine_skipped|plate_too_small|tiny,plate_too_small,B(0),4(4),0.872,0.8723,10.53,0.9951,0.14,
7711_1,0,teacher,agree|refine_skipped|plate_too_small|tiny,plate_too_small,B(0),3(3),0.7718,0.7752,11.69,0.9944,0.2,
7712_1,0,teacher,agree|refine_skipped|plate_too_small|tiny,plate_too_small,B(0),4(4),0.4857,0.4852,9.53,0.9964,0.12,
7713_1,0,teacher,agree|refine_skipped|plate_too_small|tiny,plate_too_small,B(0),4(4),0.9026,0.9031,11.11,0.9969,0.11,
7715_1,0,teacher,agree|refine_skipped|plate_too_small|tiny,plate_too_small,B(0),4(4),0.9114,0.9105,11.74,0.9958,0.12,
7744_1,1,teacher,agree|refine_skipped|plate_too_small|tiny,plate_too_small,B(0),3(3),0.345,0.3515,6.26,0.9924,0.32,
7745_1,0,teacher,agree|refine_skipped|plate_too_small|tiny,plate_too_small,B(0),3(3),0.9148,0.9145,9.85,0.9959,0.15,
7745_1,1,teacher,agree|refine_skipped|plate_too_small|tiny,plate_too_small,B(0),3(3),0.8469,0.8452,9.84,0.9963,0.12,
7746_1,0,teacher,agree|refine_skipped|plate_too_small|tiny,plate_too_small,B(0),3(3),0.8305,0.8275,10.31,0.9987,0.05,
7746_1,1,teacher,agree|refine_skipped|plate_too_small|tiny,plate_too_small,B(0),3(3),0.7432,0.7425,8.02,0.9922,0.22,
7747_1,0,teacher,agree|refine_skipped|plate_too_small|tiny,plate_too_small,B(0),3(3),0.8556,0.8561,11.13,0.9977,0.09,
7747_1,1,teacher,agree|refine_skipped|plate_too_small|tiny,plate_too_small,B(0),3(3),0.6538,0.6552,7.08,0.9958,0.18,
7748_1,1,teacher,agree|refine_skipped|plate_too_small|tiny,plate_too_small,B(0),3(3),0.2699,0.27,5.98,0.9937,0.24,
7749_1,0,teacher,agree|refine_skipped|plate_too_small|tiny,plate_too_small,B(0),4(4),0.7757,0.7742,11.47,0.998,0.07,
7749_1,1,teacher,agree|refine_skipped|plate_too_small|tiny,plate_too_small,B(0),4(4),0.254,0.2525,5.91,0.9973,0.11,
7750_1,0,teacher,agree|refine_skipped|plate_too_small|tiny,plate_too_small,B(0),3(3),0.8283,0.8288,11.29,0.9936,0.17,
7751_1,1,teacher,agree|refine_skipped|plate_too_small|tiny,plate_too_small,B(0),4(4),0.4361,0.4423,7.93,0.9933,0.23,
7752_1,1,teacher,agree|refine_skipped|plate_too_small|tiny,plate_too_small,B(0),3(3),0.3336,0.334,7.27,0.9932,0.32,
7753_1,1,teacher,agree|refine_skipped|plate_too_small|tiny,plate_too_small,B(0),4(4),0.3308,0.3294,8.16,0.9927,0.27,
7754_1,0,teacher,no_match|primary_only|refine_skipped|plate_too_small|tiny,plate_too_small,R(1),4(4),0.2648,,11.96,,,
7762_1,0,teacher,agree|refine_failed|no_bar_pair,no_bar_pair,B(0),3(3),0.9224,0.9236,24.89,0.9983,0.05,
7770_1,1,teacher,agree|refine_skipped|plate_too_small|tiny,plate_too_small,R(1),3(3),0.3292,0.3311,6.0,0.9925,0.36,
7771_1,1,teacher,agree|refine_skipped|plate_too_small|tiny,plate_too_small,R(1),3(3),0.3648,0.3668,6.57,0.9967,0.13,
7774_1,1,teacher,agree|refine_skipped|plate_too_small|tiny,plate_too_small,R(1),3(3),0.4669,0.4682,8.11,0.9935,0.19,
7775_1,1,teacher,agree|refine_skipped|plate_too_small|tiny,plate_too_small,R(1),3(3),0.7466,0.7499,10.36,0.9944,0.17,
7776_1,1,teacher,agree|refine_skipped|plate_too_small|tiny,plate_too_small,R(1),3(3),0.8333,0.8327,10.06,0.9925,0.29,
7777_1,0,teacher,agree|refine_skipped|plate_too_small|tiny,plate_too_small,R(1),3(3),0.7726,0.7726,10.91,0.9968,0.09,
7777_1,1,teacher,agree|refine_skipped|plate_too_small|tiny,plate_too_small,R(1),3(3),0.645,0.6434,8.81,0.9957,0.18,
7778_1,0,teacher,agree|refine_skipped|plate_too_small|tiny,plate_too_small,R(1),3(3),0.8049,0.8034,10.98,0.9956,0.14,
7778_1,1,teacher,agree|refine_skipped|plate_too_small|tiny,plate_too_small,R(1),3(3),0.4398,0.4374,8.2,0.9955,0.19,
7779_1,0,teacher,agree|refine_skipped|plate_too_small|tiny,plate_too_small,R(1),3(3),0.3255,0.3243,8.35,0.9969,0.14,
7779_1,1,teacher,agree|refine_skipped|plate_too_small|tiny,plate_too_small,R(1),3(3),0.2576,0.2551,8.69,0.9958,0.12,
7781_1,1,teacher,agree|refine_skipped|plate_too_small|tiny,plate_too_small,B(0),4(4),0.38,0.3895,7.03,0.994,0.27,
7782_1,1,teacher,agree|refine_skipped|plate_too_small|tiny,plate_too_small,B(0),4(4),0.5662,0.5752,7.19,0.9955,0.17,
7783_1,1,teacher,agree|refine_skipped|plate_too_small|tiny,plate_too_small,B(0),4(4),0.5083,0.5156,8.07,0.9984,0.06,
7784_1,1,teacher,agree|refine_skipped|plate_too_small|tiny,plate_too_small,B(0),4(4),0.3326,0.3413,6.77,0.9956,0.21,
78,1,teacher,agree|refine_failed|no_bar_pair,no_bar_pair,B(0),2(2),0.7827,0.7835,41.55,0.9988,0.05,
7800_1,0,teacher,agree|refine_skipped|plate_too_small|tiny,plate_too_small,B(0),3(3),0.8592,0.8603,11.46,0.9943,0.21,
7800_1,1,teacher,agree|refine_skipped|plate_too_small|tiny,plate_too_small,B(0),3(3),0.6308,0.6316,8.8,0.9965,0.16,
7801_1,0,teacher,agree|refine_skipped|plate_too_small|tiny,plate_too_small,B(0),3(3),0.7867,0.7899,9.2,0.9933,0.28,
7801_1,1,teacher,agree|refine_skipped|plate_too_small|tiny,plate_too_small,B(0),3(3),0.647,0.6447,8.19,0.9943,0.15,
7802_1,0,teacher,agree|refine_skipped|plate_too_small|tiny,plate_too_small,B(0),3(3),0.8089,0.8079,10.23,0.9954,0.17,
7802_1,1,teacher,agree|refine_skipped|plate_too_small|tiny,plate_too_small,B(0),3(3),0.6937,0.6908,9.43,0.9893,0.41,
7803_1,0,teacher,agree|refine_skipped|plate_too_small|tiny,plate_too_small,B(0),3(3),0.8998,0.8999,10.69,0.9966,0.08,
7803_1,1,teacher,agree|refine_skipped|plate_too_small|tiny,plate_too_small,B(0),3(3),0.8363,0.8359,10.61,0.9943,0.19,
7804_1,0,teacher,agree|refine_skipped|plate_too_small|tiny,plate_too_small,B(0),3(3),0.8124,0.8129,8.99,0.9973,0.07,
7804_1,1,teacher,agree|refine_skipped|plate_too_small|tiny,plate_too_small,B(0),3(3),0.7647,0.7655,8.14,0.9865,0.42,
7805_1,0,teacher,conflict|conflict_kpt|refine_skipped|plate_too_small|tiny,plate_too_small,B(0),3(3),0.8175,0.8179,10.28,0.8654,5.06,
7805_1,1,teacher,agree|refine_skipped|plate_too_small|tiny,plate_too_small,B(0),3(3),0.7129,0.7143,8.46,0.9954,0.17,
7806_1,0,teacher,agree|refine_skipped|plate_too_small|tiny,plate_too_small,B(0),4(4),0.6657,0.6647,10.36,0.9955,0.15,
7806_1,1,teacher,conflict|conflict_cls|refine_skipped|plate_too_small|tiny,plate_too_small,B(0),3(3),0.3451,0.3422,6.84,0.9953,0.21,
7810_1,1,teacher,agree|refine_skipped|plate_too_small|tiny,plate_too_small,B(0),3(3),0.3186,0.3178,7.62,0.9979,0.07,
7811_1,1,teacher,agree|refine_skipped|plate_too_small|tiny,plate_too_small,B(0),3(3),0.8246,0.8269,8.7,0.9948,0.15,
7811_1,2,teacher,agree|refine_skipped|plate_too_small|tiny,plate_too_small,B(0),3(3),0.5918,0.5933,7.19,0.9958,0.15,
7812_1,2,teacher,agree|refine_skipped|plate_too_small|tiny,plate_too_small,B(0),3(3),0.5798,0.5792,7.25,0.9944,0.2,
7812_1,3,teacher,agree|refine_skipped|plate_too_small|tiny,plate_too_small,B(0),4(4),0.2823,0.2792,6.35,0.9955,0.29,
7813_1,1,teacher,agree|refine_skipped|plate_too_small|tiny,plate_too_small,B(0),3(3),0.7184,0.7181,8.75,0.9924,0.2,
7813_1,2,teacher,agree|refine_skipped|plate_too_small|tiny,plate_too_small,B(0),3(3),0.5158,0.5134,7.16,0.994,0.17,
7813_1,3,teacher,agree|refine_skipped|plate_too_small|tiny,plate_too_small,R(1),4(4),0.4114,0.41,7.77,0.9959,0.2,
7814_1,0,teacher,agree|refine_skipped|plate_too_small|tiny,plate_too_small,B(0),3(3),0.6776,0.6763,8.84,0.9947,0.2,
7815_1,1,teacher,agree|refine_skipped|plate_too_small|tiny,plate_too_small,R(1),3(3),0.4853,0.4881,8.46,0.9932,0.23,
7817_1,1,teacher,agree|refine_skipped|plate_too_small|tiny,plate_too_small,R(1),3(3),0.3576,0.3664,6.89,0.9924,0.26,
7817_1,2,teacher,agree|refine_skipped|plate_too_small|tiny,plate_too_small,R(1),4(4),0.2695,0.2737,8.8,0.992,0.42,
782,0,teacher,agree|refine_failed|no_bar_pair,no_bar_pair,B(0),4(4),0.4127,0.4161,32.78,0.9906,0.36,
7820_1,2,teacher,agree|refine_skipped|plate_too_small|tiny,plate_too_small,R(1),4(4),0.4509,0.4573,10.83,0.9934,0.27,
7820_1,3,teacher,agree|refine_skipped|plate_too_small|tiny,plate_too_small,R(1),3(3),0.3587,0.3598,8.83,0.9946,0.18,
7821_1,1,teacher,agree|refine_skipped|plate_too_small|tiny,plate_too_small,R(1),3(3),0.5016,0.5058,10.85,0.9981,0.06,
7822_1,1,teacher,agree|refine_skipped|plate_too_small|tiny,plate_too_small,R(1),3(3),0.4279,0.4277,8.62,0.9972,0.08,
7823_1,0,teacher,agree|refine_skipped|plate_too_small|tiny,plate_too_small,B(0),3(3),0.8658,0.8667,11.89,0.9973,0.07,
7823_1,1,teacher,agree|refine_skipped|plate_too_small|tiny,plate_too_small,R(1),3(3),0.3028,0.3034,6.55,0.9933,0.19,
7828_1,0,teacher,agree|refine_skipped|plate_too_small|tiny,plate_too_small,R(1),4(4),0.5936,0.5979,11.81,0.9935,0.14,
7838_1,1,teacher,agree|refine_skipped|plate_too_small|tiny,plate_too_small,R(1),4(4),0.35,0.359,7.94,0.9967,0.14,
7842_1,2,teacher,agree|refine_skipped|plate_too_small|tiny,plate_too_small,R(1),3(3),0.2865,0.2843,8.53,0.9914,0.21,
7844_1,0,teacher,agree|refine_skipped|plate_too_small|tiny,plate_too_small,R(1),4(4),0.3902,0.389,11.38,0.994,0.14,
785,0,teacher,agree|refine_failed|no_bar_pair,no_bar_pair,R(1),3(3),0.7532,0.7515,37.61,0.9925,0.19,
7850_1,0,teacher,agree|refine_skipped|plate_too_small|tiny,plate_too_small,R(1),4(4),0.2563,0.2549,10.0,0.995,0.16,
7851_1,0,teacher,agree|refine_skipped|plate_too_small|tiny,plate_too_small,R(1),4(4),0.4692,0.472,11.89,0.9938,0.13,
7853_1,0,teacher,agree|refine_skipped|plate_too_small|tiny,plate_too_small,R(1),4(4),0.4785,0.4808,10.69,0.9901,0.26,
7856_1,1,teacher,agree|refine_skipped|plate_too_small|tiny,plate_too_small,R(1),4(4),0.7195,0.7211,10.95,0.9966,0.12,
7858_1,1,teacher,agree|refine_skipped|plate_too_small|tiny,plate_too_small,R(1),3(3),0.294,0.2907,10.39,0.9927,0.15,
7859_1,1,teacher,agree|refine_skipped|plate_too_small|tiny,plate_too_small,R(1),3(3),0.2931,0.296,10.14,0.992,0.17,
7863_1,1,teacher,agree|refine_skipped|plate_too_small|tiny,plate_too_small,R(1),3(3),0.279,0.2792,7.92,0.996,0.11,
787,0,teacher,agree|refine_failed|no_bar_pair,no_bar_pair,R(1),2(2),0.9775,0.9773,377.33,0.9989,0.04,
7879_1,0,teacher,agree|refine_failed|no_bar_pair,no_bar_pair,B(0),3(3),0.9571,0.9577,28.99,0.997,0.08,
789,1,teacher,agree|refine_failed|no_bar_pair,no_bar_pair,B(0),2(2),0.9158,0.915,54.51,0.9982,0.06,
7891_1,2,teacher,agree|refine_failed|no_bar_pair,no_bar_pair,B(0),3(3),0.9411,0.9411,44.42,0.997,0.07,
7907_1,2,teacher,agree|refine_failed|no_bar_pair,no_bar_pair,B(0),3(3),0.7121,0.7155,28.09,0.9921,0.17,
791,0,teacher,agree|refine_failed|no_bar_pair,no_bar_pair,R(1),4(4),0.8697,0.8695,31.16,0.9958,0.12,
7922_1,1,teacher,agree|refine_skipped|plate_too_small|tiny,plate_too_small,B(0),4(4),0.6896,0.69,10.49,0.9924,0.38,
7923_1,2,teacher,agree|refine_skipped|plate_too_small|tiny,plate_too_small,B(0),4(4),0.4608,0.4663,11.33,0.8941,3.29,
80,0,teacher,agree|refine_failed|no_bar_pair,no_bar_pair,P(2),4(4),0.4578,0.4538,40.81,0.9978,0.08,
801,0,teacher,agree|refine_failed|no_bar_pair,no_bar_pair,R(1),3(3),0.8007,0.7995,51.67,0.9973,0.1,
802,5,teacher,agree|refine_failed|no_bar_pair,no_bar_pair,B(0),4(4),0.5174,0.5166,30.94,0.9946,0.16,
81,1,refine,no_match|secondary_only|refine_ok,,B(0),O(6),,0.2507,25.2,,,1.8
810,0,teacher,agree|refine_failed|no_bar_pair,no_bar_pair,R(1),4(4),0.3492,0.3439,26.06,0.9943,0.16,
812,0,teacher,agree|refine_failed|no_bar_pair,no_bar_pair,R(1),3(3),0.7516,0.7472,24.95,0.9938,0.25,
815,1,teacher,agree|refine_failed|no_bar_pair,no_bar_pair,R(1),4(4),0.5029,0.509,58.31,0.9985,0.08,
816,1,teacher,agree|refine_failed|no_bar_pair,no_bar_pair,B(0),4(4),0.9403,0.9377,75.64,0.996,0.11,
819,1,teacher,agree|refine_failed|no_bar_pair,no_bar_pair,R(1),2(2),0.8178,0.8114,50.53,0.999,0.04,
823,1,teacher,agree|refine_failed|no_bar_pair,no_bar_pair,B(0),4(4),0.2937,0.2794,28.11,0.9894,0.44,
827,1,teacher,agree|refine_failed|no_bar_pair,no_bar_pair,R(1),3(3),0.5048,0.504,24.61,0.9968,0.1,
8386,2,teacher,agree|refine_failed|no_bar_pair,no_bar_pair,B(0),3(3),0.6312,0.6374,28.72,0.9959,0.09,
8388,2,teacher,agree|refine_skipped|plate_too_small|tiny,plate_too_small,R(1),3(3),0.5231,0.5236,10.88,0.998,0.09,
839,1,teacher,agree|refine_failed|no_bar_pair,no_bar_pair,B(0),3(3),0.8755,0.8743,117.14,0.9971,0.11,
8390,2,teacher,agree|refine_skipped|plate_too_small|tiny,plate_too_small,R(1),3(3),0.6408,0.6421,11.89,0.996,0.16,
8393,1,teacher,agree|refine_failed|no_bar_pair,no_bar_pair,B(0),3(3),0.8285,0.8295,35.67,0.9986,0.04,
8398,0,teacher,agree|refine_failed|no_bar_pair,no_bar_pair,B(0),3(3),0.9293,0.9289,24.21,0.9982,0.06,
8408,1,teacher,agree|refine_failed|no_bar_pair,no_bar_pair,B(0),3(3),0.6473,0.6459,26.2,0.9963,0.08,
8409,1,teacher,agree|refine_failed|no_bar_pair,no_bar_pair,B(0),3(3),0.4331,0.4298,24.16,0.9987,0.04,
8433,0,teacher,agree|refine_failed|no_bar_pair,no_bar_pair,B(0),2(2),0.8722,0.8729,93.2,0.9992,0.02,
8434,0,teacher,agree|refine_failed|no_bar_pair,no_bar_pair,B(0),2(2),0.8643,0.8647,100.46,0.9995,0.02,
8436,1,teacher,agree|refine_failed|no_bar_pair,no_bar_pair,R(1),2(2),0.7482,0.7457,48.56,0.9976,0.09,
8441,1,teacher,agree|refine_failed|no_bar_pair,no_bar_pair,R(1),2(2),0.7194,0.7199,52.26,0.9975,0.09,
8445,1,teacher,agree|refine_failed|no_bar_pair,no_bar_pair,R(1),2(2),0.2837,0.2769,61.2,0.9954,0.14,
8446,3,teacher,agree|refine_failed|no_bar_pair,no_bar_pair,R(1),2(2),0.325,0.3172,61.36,0.9944,0.17,
8450,0,teacher,agree|refine_failed|no_bar_pair,no_bar_pair,R(1),2(2),0.9264,0.926,44.58,0.9978,0.06,
8469,1,teacher,agree|refine_failed|no_bar_pair,no_bar_pair,R(1),O(6),0.4941,0.4873,26.46,0.9962,0.11,
8521,0,teacher,agree|refine_failed|no_bar_pair,no_bar_pair,B(0),O(6),0.3396,0.3307,38.59,0.9981,0.07,
8522,0,teacher,agree|refine_failed|no_bar_pair,no_bar_pair,B(0),O(6),0.7399,0.7362,40.04,0.9981,0.06,
8542,0,teacher,agree|refine_failed|no_bar_pair,no_bar_pair,B(0),O(6),0.8538,0.8595,51.39,0.9974,0.09,
8548,0,teacher,agree|refine_failed|no_bar_pair,no_bar_pair,B(0),2(2),0.7241,0.715,49.94,0.9963,0.1,
8551,1,teacher,agree|refine_failed|no_bar_pair,no_bar_pair,B(0),2(2),0.4305,0.4315,51.23,0.9962,0.12,
8555,1,teacher,agree|refine_failed|no_bar_pair,no_bar_pair,B(0),2(2),0.7582,0.7611,50.89,0.9966,0.09,
8558,1,teacher,agree|refine_failed|no_bar_pair,no_bar_pair,B(0),2(2),0.6794,0.6803,48.73,0.9962,0.08,
8559,0,teacher,agree|refine_failed|no_bar_pair,no_bar_pair,B(0),2(2),0.5761,0.5756,45.47,0.9957,0.11,
8560,1,teacher,agree|refine_failed|no_bar_pair,no_bar_pair,R(1),4(4),0.7131,0.7249,208.93,0.9974,0.09,
8560,2,teacher,agree|refine_failed|no_bar_pair,no_bar_pair,R(1),4(4),0.6096,0.6111,109.01,0.9973,0.1,
8561,0,teacher,agree|refine_failed|no_bar_pair,no_bar_pair,R(1),4(4),0.9267,0.9269,98.44,0.9988,0.05,
8579,0,teacher,agree|refine_failed|no_bar_pair,no_bar_pair,B(0),2(2),0.9319,0.9317,76.25,0.9969,0.08,
8588,0,teacher,agree|refine_failed|no_bar_pair,no_bar_pair,B(0),2(2),0.9468,0.9464,98.45,0.997,0.07,
8591,1,teacher,agree|refine_failed|no_bar_pair,no_bar_pair,B(0),2(2),0.8358,0.8392,44.26,0.9965,0.12,
8597,1,teacher,agree|refine_failed|no_bar_pair,no_bar_pair,R(1),4(4),0.2636,0.2581,35.93,0.9975,0.14,
8599,0,teacher,agree|refine_failed|no_bar_pair,no_bar_pair,B(0),2(2),0.5523,0.5465,59.13,0.9979,0.07,
86,2,teacher,agree|refine_failed|no_bar_pair,no_bar_pair,R(1),3(3),0.4658,0.4624,30.21,0.9974,0.11,
8646,1,teacher,agree|refine_failed|no_bar_pair,no_bar_pair,R(1),4(4),0.656,0.6513,29.12,0.9976,0.09,
8648,0,teacher,agree|refine_failed|no_bar_pair,no_bar_pair,R(1),4(4),0.842,0.8437,34.69,0.9971,0.09,
8649,0,teacher,agree|refine_failed|no_bar_pair,no_bar_pair,R(1),4(4),0.5262,0.5235,28.74,0.9975,0.07,
8649,1,teacher,agree|refine_failed|no_bar_pair,no_bar_pair,R(1),2(2),0.2831,0.2849,27.59,0.9938,0.21,
8651,1,teacher,agree|refine_failed|no_bar_pair,no_bar_pair,R(1),2(2),0.3488,0.3415,27.93,0.9964,0.13,
8678,1,teacher,agree|refine_failed|no_bar_pair,no_bar_pair,R(1),4(4),0.5398,0.5475,34.16,0.9968,0.16,
87,0,teacher,agree|refine_failed|no_bar_pair,no_bar_pair,B(0),3(3),0.8908,0.8898,56.16,0.9982,0.06,
8717,0,teacher,agree|refine_failed|no_bar_pair,no_bar_pair,R(1),4(4),0.8185,0.8189,34.23,0.9977,0.08,
8723,0,teacher,agree|refine_failed|no_bar_pair,no_bar_pair,R(1),4(4),0.8729,0.8731,33.47,0.9974,0.08,
873,0,teacher,agree|refine_failed|no_bar_pair,no_bar_pair,R(1),2(2),0.8467,0.8435,79.29,0.9983,0.08,
874,0,teacher,agree|refine_failed|no_bar_pair,no_bar_pair,R(1),4(4),0.9216,0.9215,77.46,0.999,0.02,
88,0,teacher,agree|refine_failed|no_bar_pair,no_bar_pair,P(2),2(2),0.4904,0.4937,143.6,0.9967,0.08,
8840,1,teacher,agree|refine_failed|no_bar_pair,no_bar_pair,R(1),2(2),0.9024,0.8987,67.29,0.9958,0.15,
8843,3,teacher,agree|refine_failed|no_bar_pair,no_bar_pair,R(1),3(3),0.5908,0.5866,44.65,0.9975,0.08,
8844,2,teacher,agree|refine_failed|no_bar_pair,no_bar_pair,B(0),3(3),0.7215,0.7229,51.46,0.9968,0.12,
8845,2,teacher,agree|refine_failed|no_bar_pair,no_bar_pair,B(0),3(3),0.6794,0.6624,47.52,0.9956,0.17,
8846,1,teacher,agree|refine_failed|no_bar_pair,no_bar_pair,R(1),3(3),0.867,0.867,41.4,0.9976,0.09,
885,1,teacher,agree|refine_failed|no_bar_pair,no_bar_pair,R(1),2(2),0.4502,0.4482,29.89,0.9983,0.07,
886,0,teacher,agree|refine_failed|no_bar_pair,no_bar_pair,B(0),2(2),0.9577,0.9574,210.55,0.9965,0.1,
8893,2,teacher,agree|refine_failed|no_bar_pair,no_bar_pair,R(1),4(4),0.7638,0.7605,40.43,0.9983,0.08,
8901,1,teacher,agree|refine_failed|no_bar_pair,no_bar_pair,R(1),4(4),0.7108,0.7086,28.49,0.9964,0.14,
8902,3,teacher,agree|refine_failed|no_bar_pair,no_bar_pair,R(1),4(4),0.4503,0.445,28.85,0.9987,0.06,
8903,2,teacher,agree|refine_failed|no_bar_pair,no_bar_pair,R(1),4(4),0.5324,0.5351,26.13,0.9981,0.08,
8904,2,teacher,agree|refine_failed|no_bar_pair,no_bar_pair,R(1),4(4),0.6366,0.638,27.98,0.9966,0.14,
8905,2,teacher,agree|refine_failed|no_bar_pair,no_bar_pair,R(1),4(4),0.5644,0.5625,30.4,0.999,0.07,
8906,2,teacher,agree|refine_failed|no_bar_pair,no_bar_pair,R(1),O(6),0.8199,0.8167,57.36,0.9957,0.14,
8912,2,teacher,agree|refine_failed|no_bar_pair,no_bar_pair,B(0),3(3),0.7209,0.7206,34.28,0.9979,0.07,
8915,5,teacher,agree|refine_failed|no_bar_pair,no_bar_pair,R(1),3(3),0.6238,0.6133,36.44,0.9974,0.11,
892,0,teacher,agree|refine_failed|no_bar_pair,no_bar_pair,B(0),2(2),0.9316,0.9317,183.15,0.9993,0.03,
8944,4,teacher,agree|refine_failed|no_bar_pair,no_bar_pair,R(1),2(2),0.7224,0.7178,25.94,0.9968,0.11,
8950,3,teacher,agree|refine_failed|no_bar_pair,no_bar_pair,R(1),2(2),0.8927,0.8929,27.92,0.9988,0.05,
8951,3,teacher,agree|refine_failed|no_bar_pair,no_bar_pair,R(1),2(2),0.8808,0.8818,27.15,0.9974,0.1,
8972,1,teacher,agree|refine_failed|no_bar_pair,no_bar_pair,R(1),2(2),0.763,0.7586,96.69,0.9975,0.09,
8973,1,teacher,agree|refine_failed|no_bar_pair,no_bar_pair,R(1),2(2),0.5918,0.5911,95.3,0.998,0.09,
8994,1,teacher,agree|refine_failed|no_bar_pair,no_bar_pair,R(1),2(2),0.7699,0.7691,36.27,0.9986,0.06,
9018,2,teacher,agree|refine_failed|no_bar_pair,no_bar_pair,R(1),2(2),0.3706,0.3674,29.79,0.9955,0.18,
9032,0,teacher,agree|refine_failed|no_bar_pair,no_bar_pair,R(1),4(4),0.9513,0.9512,54.92,0.9966,0.07,
9043,1,teacher,agree|refine_failed|no_bar_pair,no_bar_pair,B(0),3(3),0.9156,0.9137,42.92,0.9979,0.1,
9068,1,teacher,agree|refine_failed|no_bar_pair,no_bar_pair,R(1),4(4),0.4059,0.4144,24.31,0.994,0.19,
9089,2,teacher,agree|refine_failed|no_bar_pair,no_bar_pair,R(1),2(2),0.3198,0.3186,36.82,0.9968,0.11,
909,0,teacher,agree|refine_failed|no_bar_pair,no_bar_pair,B(0),4(4),0.919,0.9199,160.4,0.9976,0.09,
909,1,teacher,agree|refine_failed|no_bar_pair,no_bar_pair,B(0),4(4),0.3736,0.3548,45.99,0.9964,0.14,
9102,1,teacher,agree|refine_failed|no_bar_pair,no_bar_pair,R(1),4(4),0.8444,0.8483,77.45,0.9951,0.21,
9106,0,teacher,agree|refine_failed|no_bar_pair,no_bar_pair,R(1),2(2),0.9276,0.9276,366.63,0.9997,0.01,
9109,0,teacher,agree|refine_failed|no_bar_pair,no_bar_pair,R(1),3(3),0.8823,0.8813,449.82,0.9991,0.02,
9110,0,teacher,agree|refine_failed|no_bar_pair,no_bar_pair,R(1),3(3),0.8647,0.8635,448.66,0.9992,0.02,
9111,0,teacher,agree|refine_failed|no_bar_pair,no_bar_pair,R(1),3(3),0.9134,0.9137,478.94,0.9996,0.01,
9113,0,teacher,agree|refine_failed|no_bar_pair,no_bar_pair,R(1),2(2),0.9295,0.9297,348.42,0.9991,0.03,
9114,0,teacher,agree|refine_failed|no_bar_pair,no_bar_pair,R(1),2(2),0.931,0.9313,331.51,0.9992,0.02,
9115,0,teacher,agree|refine_failed|no_bar_pair,no_bar_pair,R(1),2(2),0.9149,0.9155,310.03,0.9975,0.08,
9116,0,teacher,agree|refine_failed|no_bar_pair,no_bar_pair,R(1),2(2),0.9154,0.918,274.87,0.9982,0.07,
9117,0,teacher,agree|refine_failed|no_bar_pair,no_bar_pair,R(1),2(2),0.939,0.9399,267.19,0.9984,0.05,
9118,0,teacher,agree|refine_failed|no_bar_pair,no_bar_pair,R(1),2(2),0.927,0.9265,261.14,0.995,0.11,
9121,2,teacher,agree|refine_failed|no_bar_pair,no_bar_pair,R(1),2(2),0.9125,0.9121,71.87,0.9993,0.03,
9133,0,teacher,agree|refine_failed|no_bar_pair,no_bar_pair,R(1),2(2),0.9626,0.9612,72.08,0.9984,0.06,
9145,0,teacher,agree|refine_failed|no_bar_pair,no_bar_pair,R(1),2(2),0.9617,0.9605,71.76,0.9969,0.12,
9153,0,refine,conflict|conflict_cls|refine_ok,,R(1),2(2),0.6261,0.6318,40.16,0.9934,0.14,2.1
9157,0,teacher,agree|refine_failed|no_bar_pair,no_bar_pair,R(1),2(2),0.9629,0.9619,71.88,0.9966,0.12,
9158,0,teacher,agree|refine_failed|no_bar_pair,no_bar_pair,R(1),7(0),0.3673,0.3749,42.35,0.9956,0.12,
9169,0,teacher,agree|refine_failed|no_bar_pair,no_bar_pair,R(1),2(2),0.9609,0.96,71.64,0.9984,0.07,
9182,0,teacher,agree|refine_failed|no_bar_pair,no_bar_pair,R(1),2(2),0.9446,0.9424,74.62,0.9974,0.1,
9194,0,teacher,agree|refine_failed|no_bar_pair,no_bar_pair,R(1),2(2),0.938,0.9358,76.03,0.9983,0.08,
9194,1,teacher,conflict|conflict_cls|refine_skipped|plate_too_small,plate_too_small,B(0),2(2),0.3083,0.3064,21.29,0.9951,0.12,
9206,0,teacher,agree|refine_failed|no_bar_pair,no_bar_pair,R(1),2(2),0.9364,0.9354,75.58,0.9986,0.06,
9215,0,teacher,agree|refine_failed|no_bar_pair,no_bar_pair,R(1),2(2),0.8833,0.8829,49.48,0.998,0.06,
9217,0,teacher,agree|refine_failed|no_bar_pair,no_bar_pair,R(1),2(2),0.8936,0.8927,46.74,0.9995,0.01,
9218,0,teacher,agree|refine_failed|no_bar_pair,no_bar_pair,R(1),2(2),0.9271,0.9247,75.74,0.9988,0.05,
9228,0,teacher,agree|refine_failed|no_bar_pair,no_bar_pair,R(1),3(3),0.5554,0.5516,26.69,0.9965,0.12,
9231,0,teacher,agree|refine_failed|no_bar_pair,no_bar_pair,R(1),2(2),0.9388,0.9383,75.82,0.9977,0.07,
9232,0,teacher,agree|refine_failed|no_bar_pair,no_bar_pair,R(1),2(2),0.9373,0.9369,88.67,0.9986,0.06,
9244,0,teacher,agree|refine_failed|no_bar_pair,no_bar_pair,R(1),2(2),0.9419,0.9413,88.43,0.9985,0.06,
9247,2,teacher,agree|refine_failed|no_bar_pair,no_bar_pair,B(0),3(3),0.4075,0.4064,26.27,0.9952,0.2,
9258,1,teacher,agree|refine_failed|no_bar_pair,no_bar_pair,B(0),3(3),0.287,0.2849,31.38,0.9981,0.07,
926,1,teacher,agree|refine_failed|no_bar_pair,no_bar_pair,B(0),4(4),0.6884,0.6827,40.67,0.9972,0.13,
9262,1,teacher,agree|refine_failed|no_bar_pair,no_bar_pair,B(0),3(3),0.9149,0.9129,36.33,0.9983,0.09,
9267,1,teacher,agree|refine_failed|no_bar_pair,no_bar_pair,B(0),3(3),0.8085,0.8085,31.76,0.9986,0.1,
9271,1,teacher,agree|refine_failed|no_bar_pair,no_bar_pair,B(0),3(3),0.917,0.9169,45.55,0.9991,0.04,
9275,1,teacher,agree|refine_failed|no_bar_pair,no_bar_pair,P(2),O(6),0.8782,0.881,64.28,0.9973,0.07,
9276,1,teacher,agree|refine_failed|no_bar_pair,no_bar_pair,B(0),3(3),0.8352,0.8331,33.86,0.9985,0.06,
9277,2,teacher,agree|refine_failed|no_bar_pair,no_bar_pair,P(2),O(6),0.474,0.4953,63.65,0.9973,0.07,
9278,2,teacher,agree|refine_failed|no_bar_pair,no_bar_pair,P(2),O(6),0.474,0.4953,63.65,0.9973,0.07,
928,0,teacher,agree|refine_failed|no_bar_pair,no_bar_pair,B(0),2(2),0.9567,0.9569,218.73,0.9994,0.02,
9281,1,teacher,agree|refine_failed|no_bar_pair,no_bar_pair,P(2),O(6),0.5794,0.5829,64.39,0.9982,0.03,
93,0,teacher,agree|refine_failed|no_bar_pair,no_bar_pair,R(1),4(4),0.8881,0.8883,115.18,0.9985,0.04,
93,1,teacher,agree|refine_failed|no_bar_pair,no_bar_pair,R(1),4(4),0.3377,0.3296,39.47,0.9978,0.13,
9300,1,teacher,agree|refine_failed|no_bar_pair,no_bar_pair,B(0),3(3),0.9212,0.9215,52.03,0.9986,0.05,
9311,0,teacher,agree|refine_failed|no_bar_pair,no_bar_pair,R(1),4(4),0.3863,0.3939,31.06,0.9946,0.26,
9314,1,teacher,agree|refine_failed|no_bar_pair,no_bar_pair,B(0),3(3),0.7995,0.7981,24.04,0.9966,0.2,
9327,0,teacher,agree|refine_failed|no_bar_pair,no_bar_pair,P(2),4(4),0.9269,0.9273,119.24,0.9986,0.04,
9332,1,teacher,agree|refine_failed|no_bar_pair,no_bar_pair,B(0),4(4),0.9111,0.911,84.79,0.9992,0.04,
9334,0,teacher,agree|refine_failed|no_bar_pair,no_bar_pair,B(0),4(4),0.9506,0.9492,244.95,0.9991,0.03,
9335,0,teacher,agree|refine_failed|no_bar_pair,no_bar_pair,B(0),4(4),0.7135,0.7155,110.86,0.999,0.05,
9343,0,teacher,agree|refine_failed|no_bar_pair,no_bar_pair,B(0),4(4),0.9489,0.9479,159.34,0.9986,0.05,
935,1,teacher,agree|refine_failed|no_bar_pair,no_bar_pair,R(1),4(4),0.8108,0.8042,28.06,0.9985,0.05,
9354,1,teacher,agree|refine_failed|no_bar_pair,no_bar_pair,R(1),2(2),0.8289,0.827,75.37,0.9987,0.04,
9359,1,teacher,agree|refine_failed|no_bar_pair,no_bar_pair,B(0),4(4),0.7292,0.7266,83.2,0.9972,0.09,
944,1,teacher,agree|refine_failed|no_bar_pair,no_bar_pair,B(0),2(2),0.7002,0.7018,142.31,0.9953,0.18,
9448,1,teacher,agree|refine_failed|no_bar_pair,no_bar_pair,B(0),2(2),0.7719,0.7708,28.35,0.9977,0.09,
9449,1,teacher,agree|refine_failed|no_bar_pair,no_bar_pair,B(0),2(2),0.8876,0.8857,28.26,0.9991,0.04,
9451,1,teacher,agree|refine_failed|no_bar_pair,no_bar_pair,B(0),3(3),0.9403,0.9404,39.27,0.9983,0.07,
9468,2,teacher,agree|refine_failed|no_bar_pair,no_bar_pair,B(0),4(4),0.6751,0.6764,26.12,0.9947,0.13,
9477,1,teacher,agree|refine_failed|no_bar_pair,no_bar_pair,R(1),2(2),0.859,0.8597,74.93,0.9981,0.06,
9491,0,teacher,agree|refine_failed|no_bar_pair,no_bar_pair,R(1),2(2),0.95,0.95,169.15,0.9994,0.02,
9492,1,teacher,agree|refine_failed|no_bar_pair,no_bar_pair,R(1),2(2),0.8523,0.8466,93.94,0.9966,0.11,
9493,1,teacher,agree|refine_failed|no_bar_pair,no_bar_pair,R(1),2(2),0.9105,0.912,112.28,0.9978,0.08,
9494,0,teacher,agree|refine_failed|no_bar_pair,no_bar_pair,R(1),2(2),0.935,0.9346,130.09,0.9982,0.06,
9494,1,teacher,agree|refine_failed|no_bar_pair,no_bar_pair,R(1),2(2),0.9141,0.9149,144.34,0.9982,0.06,
9504,0,teacher,agree|refine_failed|no_bar_pair,no_bar_pair,R(1),2(2),0.9354,0.9353,239.36,0.9937,0.22,
9519,0,teacher,agree|refine_failed|no_bar_pair,no_bar_pair,B(0),2(2),0.9758,0.9757,500.29,0.9978,0.07,
9528,2,teacher,agree|refine_failed|no_bar_pair,no_bar_pair,B(0),3(3),0.5056,0.5044,103.94,0.9989,0.04,
9532,2,teacher,agree|refine_failed|no_bar_pair,no_bar_pair,B(0),4(4),0.7941,0.7921,36.42,0.9982,0.13,
9536,0,teacher,agree|refine_failed|no_bar_pair,no_bar_pair,B(0),3(3),0.9482,0.9469,85.54,0.9981,0.06,
9536,2,teacher,agree|refine_failed|no_bar_pair,no_bar_pair,B(0),3(3),0.3471,0.3467,28.65,0.9975,0.12,
9537,3,teacher,agree|refine_failed|no_bar_pair,no_bar_pair,B(0),3(3),0.6532,0.6488,28.96,0.9981,0.08,
954,1,teacher,agree|refine_failed|no_bar_pair,no_bar_pair,R(1),4(4),0.8377,0.8352,33.99,0.9973,0.1,
9552,0,teacher,agree|refine_failed|no_bar_pair,no_bar_pair,B(0),2(2),0.9813,0.9814,379.4,0.9996,0.01,
9559,1,teacher,agree|refine_failed|no_bar_pair,no_bar_pair,R(1),2(2),0.7358,0.7307,40.56,0.9986,0.07,
9560,1,teacher,agree|refine_failed|no_bar_pair,no_bar_pair,R(1),3(3),0.9155,0.9129,80.09,0.9965,0.12,
9563,1,teacher,agree|refine_failed|no_bar_pair,no_bar_pair,B(0),4(4),0.45,0.4331,73.57,0.9931,0.28,
9571,1,teacher,agree|refine_failed|no_bar_pair,no_bar_pair,P(2),3(3),0.7004,0.7037,29.18,0.9933,0.27,
9572,1,teacher,agree|refine_failed|no_bar_pair,no_bar_pair,P(2),3(3),0.6026,0.6017,30.77,0.9931,0.25,
9584,1,refine,no_match|secondary_only|refine_ok,,B(0),4(4),,0.2518,28.97,,,2.59
9600,1,teacher,agree|refine_failed|no_bar_pair,no_bar_pair,R(1),2(2),0.9159,0.9156,69.72,0.9991,0.05,
9619,0,teacher,agree|refine_failed|no_bar_pair,no_bar_pair,B(0),4(4),0.9381,0.9376,160.62,0.9987,0.05,
9640,1,teacher,agree|refine_failed|no_bar_pair,no_bar_pair,B(0),2(2),0.7145,0.715,97.99,0.997,0.1,
9647,0,refine,no_match|primary_only|refine_ok,,B(0),2(2),0.2509,,51.81,,,1.87
975,1,teacher,agree|refine_failed|no_bar_pair,no_bar_pair,R(1),2(2),0.8834,0.8837,53.66,0.996,0.12,
98,0,teacher,agree|refine_failed|no_bar_pair,no_bar_pair,R(1),3(3),0.8994,0.8987,198.78,0.9985,0.05,
98,1,teacher,agree|refine_failed|no_bar_pair,no_bar_pair,B(0),3(3),0.369,0.3658,183.39,0.9992,0.04,
981,1,teacher,agree|refine_failed|no_bar_pair,no_bar_pair,B(0),4(4),0.8182,0.8119,81.09,0.9942,0.26,
9812,1,teacher,agree|refine_failed|no_bar_pair,no_bar_pair,B(0),4(4),0.4232,0.4212,40.35,0.9982,0.12,
9847,0,teacher,agree|refine_failed|no_bar_pair,no_bar_pair,R(1),2(2),0.8184,0.8094,80.19,0.9878,0.32,
9847,1,teacher,agree|refine_failed|no_bar_pair,no_bar_pair,R(1),2(2),0.5185,0.5177,104.99,0.9948,0.11,
9849,1,teacher,agree|refine_failed|no_bar_pair,no_bar_pair,B(0),2(2),0.9367,0.938,65.02,0.997,0.13,
9864,2,teacher,agree|refine_failed|no_bar_pair,no_bar_pair,R(1),4(4),0.8075,0.8092,45.3,0.9982,0.06,
9871,3,teacher,agree|refine_failed|no_bar_pair,no_bar_pair,R(1),4(4),0.444,0.4459,24.62,0.9962,0.2,
9875,1,teacher,agree|refine_failed|no_bar_pair,no_bar_pair,R(1),4(4),0.9301,0.9303,45.86,0.994,0.14,
9876,2,teacher,agree|refine_failed|no_bar_pair,no_bar_pair,R(1),3(3),0.731,0.7297,25.58,0.9986,0.06,
9876,3,teacher,agree|refine_failed|no_bar_pair,no_bar_pair,R(1),4(4),0.6086,0.6042,24.0,0.9965,0.16,
9878,3,teacher,agree|refine_failed|no_bar_pair,no_bar_pair,R(1),4(4),0.8779,0.8774,28.75,0.9983,0.08,
9879,3,teacher,agree|refine_failed|no_bar_pair,no_bar_pair,R(1),4(4),0.6355,0.6285,24.31,0.9946,0.22,
9880,3,teacher,agree|refine_failed|no_bar_pair,no_bar_pair,R(1),3(3),0.3475,0.3471,24.09,0.9966,0.13,
9882,3,teacher,agree|refine_failed|no_bar_pair,no_bar_pair,R(1),3(3),0.6328,0.6341,24.89,0.9981,0.09,
9893,1,teacher,agree|refine_failed|no_bar_pair,no_bar_pair,R(1),2(2),0.6598,0.6611,26.44,0.9971,0.11,
9908,1,teacher,agree|refine_failed|no_bar_pair,no_bar_pair,R(1),2(2),0.7352,0.7323,42.61,0.9977,0.09,
9910,1,teacher,agree|refine_failed|no_bar_pair,no_bar_pair,R(1),2(2),0.786,0.7827,47.35,0.9989,0.04,
9911,1,teacher,agree|refine_failed|no_bar_pair,no_bar_pair,R(1),2(2),0.8284,0.8287,46.65,0.9988,0.05,
9913,1,teacher,agree|refine_failed|no_bar_pair,no_bar_pair,P(2),O(6),0.905,0.9043,46.33,0.9957,0.11,
994,1,teacher,agree|refine_failed|no_bar_pair,no_bar_pair,R(1),2(2),0.7129,0.7128,82.68,0.9988,0.05,
9955,0,teacher,agree|refine_failed|no_bar_pair,no_bar_pair,B(0),4(4),0.8917,0.8904,78.0,0.9993,0.04,
9964,0,teacher,agree|refine_failed|no_bar_pair,no_bar_pair,R(1),2(2),0.9474,0.9477,443.37,0.9989,0.02,
9964,1,teacher,no_match|primary_only|refine_failed|no_bar_pair,no_bar_pair,B(0),4(4),0.2512,,25.76,,,
9978,1,teacher,agree|refine_failed|no_bar_pair,no_bar_pair,R(1),2(2),0.7254,0.7328,50.76,0.9986,0.06,
9978,2,teacher,agree|refine_failed|no_bar_pair,no_bar_pair,P(2),O(6),0.3052,0.3314,49.0,0.9913,0.25,
9981,1,teacher,agree|refine_failed|no_bar_pair,no_bar_pair,P(2),O(6),0.8466,0.8505,77.81,0.9966,0.1,
IMG_0407base1,1,teacher,agree|refine_failed|no_bar_pair,no_bar_pair,R(1),7(0),0.6974,0.6912,30.93,0.9969,0.11,
IMG_0407base10,1,teacher,agree|refine_failed|no_bar_pair,no_bar_pair,R(1),7(0),0.4218,0.4064,24.04,0.9939,0.24,
IMG_0407base2,1,teacher,agree|refine_failed|no_bar_pair,no_bar_pair,R(1),7(0),0.6184,0.6139,24.85,0.9952,0.22,
IMG_0407base3,1,teacher,agree|refine_failed|no_bar_pair,no_bar_pair,R(1),7(0),0.3948,0.377,26.56,0.9941,0.27,
IMG_0407base32,1,teacher,agree|refine_failed|no_bar_pair,no_bar_pair,B(0),7(0),0.555,0.5599,26.82,0.997,0.15,
IMG_0407base33,1,teacher,agree|refine_failed|no_bar_pair,no_bar_pair,B(0),B(7),0.7603,0.755,31.72,0.997,0.15,
IMG_0407base35,1,teacher,agree|refine_failed|no_bar_pair,no_bar_pair,B(0),7(0),0.6167,0.6188,26.53,0.9938,0.24,
IMG_0407base37,1,teacher,agree|refine_failed|no_bar_pair,no_bar_pair,B(0),4(4),0.8385,0.8436,27.67,0.9954,0.2,
IMG_0407base38,1,teacher,agree|refine_failed|no_bar_pair,no_bar_pair,B(0),B(7),0.6319,0.6279,25.07,0.9934,0.29,
IMG_0407base4,1,teacher,agree|refine_failed|no_bar_pair,no_bar_pair,R(1),7(0),0.5323,0.5275,26.38,0.9966,0.15,
IMG_0407base5,1,teacher,agree|refine_failed|no_bar_pair,no_bar_pair,R(1),7(0),0.598,0.5884,28.74,0.9924,0.3,
IMG_0407base6,1,teacher,agree|refine_failed|no_bar_pair,no_bar_pair,R(1),4(4),0.7101,0.7047,32.32,0.9978,0.1,
IMG_0407base9,0,teacher,conflict|conflict_cls|refine_skipped|plate_too_small,plate_too_small,R(1),7(0),0.2953,0.2824,17.89,0.9911,0.37,
IMG_20240317_014236,1,teacher,agree|refine_failed|no_bar_pair,no_bar_pair,R(1),7(0),0.5747,0.5707,333.03,0.9973,0.12,
IMG_20240317_014458,0,teacher,agree|refine_failed|no_bar_pair,no_bar_pair,B(0),7(0),0.9541,0.9543,865.92,0.9992,0.02,
IMG_20240317_014518,0,teacher,agree|refine_failed|no_bar_pair,no_bar_pair,B(0),7(0),0.9361,0.9348,814.03,0.9973,0.08,
IMG_20240317_014518,1,teacher,no_match|primary_only|refine_failed|no_bar_pair,no_bar_pair,R(1),4(4),0.2628,,61.36,,,
IMG_20240317_014537,0,teacher,agree|refine_failed|no_bar_pair,no_bar_pair,B(0),7(0),0.9557,0.9548,1177.65,0.9989,0.04,
IMG_20240317_014845,0,teacher,agree|refine_failed|no_bar_pair,no_bar_pair,R(1),7(0),0.7281,0.7256,612.82,0.9942,0.17,
IMG_20240317_015012,0,teacher,agree|refine_failed|no_bar_pair,no_bar_pair,R(1),7(0),0.8977,0.8971,582.67,0.9987,0.06,
IMG_20240317_015023,0,teacher,agree|refine_failed|no_bar_pair,no_bar_pair,R(1),2(2),0.7299,0.7226,743.36,0.9976,0.07,
IMG_20240317_015102,0,teacher,agree|refine_failed|no_bar_pair,no_bar_pair,R(1),7(0),0.5852,0.5926,966.03,0.999,0.05,
IMG_20240317_015134,0,teacher,agree|refine_failed|no_bar_pair,no_bar_pair,B(0),4(4),0.561,0.5634,850.16,0.9987,0.04,
IMG_20240317_015135,0,teacher,agree|refine_failed|no_bar_pair,no_bar_pair,B(0),4(4),0.3215,0.3207,751.2,0.9992,0.03,
IMG_20240317_015230,0,teacher,agree|refine_failed|no_bar_pair,no_bar_pair,B(0),4(4),0.275,0.2746,47.88,0.9803,0.58,
IMG_20240317_015232,1,teacher,no_match|primary_only|refine_failed|no_bar_pair,no_bar_pair,B(0),4(4),0.2527,,47.67,,,
IMG_20240317_015234,0,teacher,agree|refine_failed|no_bar_pair,no_bar_pair,B(0),7(0),0.4295,0.423,845.44,0.9752,0.78,
IMG_20240317_015244,0,teacher,agree|refine_failed|no_bar_pair,no_bar_pair,B(0),4(4),0.5818,0.5846,919.36,0.9993,0.03,
IMG_20240329_221114,0,teacher,agree|refine_failed|no_bar_pair,no_bar_pair,B(0),3(3),0.7711,0.7642,51.22,0.984,0.68,
IMG_20240329_221118,0,teacher,agree|refine_failed|no_bar_pair,no_bar_pair,B(0),3(3),0.3528,0.3223,54.42,0.9854,0.34,
IMG_8262,2,teacher,agree|refine_failed|no_bar_pair,no_bar_pair,P(2),7(0),0.3868,0.3953,179.37,0.9966,0.11,
IMG_8266,0,teacher,agree|refine_failed|no_bar_pair,no_bar_pair,B(0),3(3),0.6978,0.6927,133.49,0.999,0.04,
IMG_8266,1,teacher,agree|refine_failed|no_bar_pair,no_bar_pair,B(0),O(6),0.6371,0.6335,152.92,0.9976,0.07,
IMG_8267,0,teacher,agree|refine_failed|no_bar_pair,no_bar_pair,B(0),B(7),0.8033,0.8029,226.69,0.9962,0.07,
IMG_8271,0,teacher,agree|refine_failed|no_bar_pair,no_bar_pair,B(0),O(6),0.5876,0.5874,107.17,0.9977,0.07,
IMG_8273,0,teacher,agree|refine_failed|no_bar_pair,no_bar_pair,B(0),7(0),0.4843,0.4845,127.1,0.9989,0.04,
IMG_8273,1,teacher,agree|refine_failed|no_bar_pair,no_bar_pair,B(0),2(2),0.268,0.2605,117.33,0.9843,0.57,
IMG_8279,0,teacher,agree|refine_failed|no_bar_pair,no_bar_pair,P(2),3(3),0.7185,0.717,130.42,0.9962,0.12,
IMG_8279,1,teacher,agree|refine_failed|no_bar_pair,no_bar_pair,P(2),3(3),0.2707,0.2701,105.05,0.9954,0.18,
IMG_8283,1,teacher,agree|refine_failed|no_bar_pair,no_bar_pair,B(0),3(3),0.7467,0.742,127.7,0.9975,0.07,
IMG_8301,0,teacher,agree|refine_failed|no_bar_pair,no_bar_pair,B(0),3(3),0.8853,0.8874,213.41,0.9953,0.14,
IMG_8302,0,teacher,agree|refine_failed|no_bar_pair,no_bar_pair,P(2),4(4),0.3779,0.4044,153.32,0.9842,0.72,
IMG_8332,0,teacher,agree|refine_failed|no_bar_pair,no_bar_pair,B(0),7(0),0.812,0.8124,218.0,0.9976,0.07,
IMG_8335,0,teacher,agree|refine_failed|no_bar_pair,no_bar_pair,B(0),7(0),0.8366,0.8333,183.76,0.9964,0.11,
IMG_8336,0,teacher,agree|refine_failed|no_bar_pair,no_bar_pair,B(0),7(0),0.7195,0.7159,193.8,0.9923,0.24,
IMG_8420,0,teacher,agree|refine_failed|no_bar_pair,no_bar_pair,R(1),O(6),0.7785,0.7793,554.48,0.9976,0.08,
IMG_8427,0,teacher,agree|refine_failed|no_bar_pair,no_bar_pair,R(1),B(7),0.7228,0.7242,792.8,0.9982,0.04,
IMG_8479,0,teacher,agree|refine_failed|no_bar_pair,no_bar_pair,R(1),O(6),0.8646,0.8677,271.79,0.994,0.13,
IMG_8529,0,teacher,agree|refine_failed|no_bar_pair,no_bar_pair,R(1),B(7),0.9393,0.9406,466.42,0.9977,0.04,
IMG_8532,0,teacher,agree|refine_failed|no_bar_pair,no_bar_pair,P(2),B(7),0.8168,0.8245,411.51,0.996,0.11,
IMG_8551,0,teacher,agree|refine_failed|no_bar_pair,no_bar_pair,R(1),B(7),0.8104,0.8346,416.98,0.9916,0.22,
IMG_8558,0,teacher,agree|refine_failed|no_bar_pair,no_bar_pair,R(1),B(7),0.6116,0.6184,339.3,0.9895,0.35,
IMG_8559,0,teacher,agree|refine_failed|no_bar_pair,no_bar_pair,R(1),B(7),0.9295,0.9331,345.61,0.9951,0.17,
IMG_8575,0,teacher,agree|refine_failed|no_bar_pair,no_bar_pair,B(0),3(3),0.5971,0.5897,69.15,0.9902,0.2,
IMG_8609,0,teacher,agree|refine_failed|no_bar_pair,no_bar_pair,R(1),B(7),0.8736,0.8721,353.61,0.998,0.05,
IMG_8617,1,teacher,agree|refine_failed|no_bar_pair,no_bar_pair,P(2),3(3),0.5332,0.5247,120.69,0.9956,0.13,
IMG_8622,1,teacher,agree|refine_failed|no_bar_pair,no_bar_pair,R(1),B(7),0.3025,0.2807,158.15,0.9931,0.17,
IMG_8627,1,teacher,agree|refine_failed|no_bar_pair,no_bar_pair,P(2),3(3),0.8319,0.8278,189.11,0.9845,0.42,
IMG_8634,1,teacher,agree|refine_failed|no_bar_pair,no_bar_pair,P(2),3(3),0.8607,0.8581,187.31,0.9953,0.16,
IMG_8635,0,teacher,agree|refine_failed|no_bar_pair,no_bar_pair,P(2),3(3),0.733,0.7342,119.38,0.9984,0.07,
IMG_8636,0,teacher,agree|refine_failed|no_bar_pair,no_bar_pair,P(2),3(3),0.7494,0.7385,117.31,0.9943,0.22,
IMG_8636,1,teacher,agree|refine_failed|no_bar_pair,no_bar_pair,P(2),3(3),0.7302,0.7112,112.42,0.9942,0.13,
IMG_8638,0,teacher,agree|refine_failed|no_bar_pair,no_bar_pair,P(2),3(3),0.2878,0.2776,110.4,0.9923,0.22,
IMG_8639,0,teacher,agree|refine_failed|no_bar_pair,no_bar_pair,P(2),3(3),0.8275,0.8244,156.43,0.9929,0.27,
IMG_8659,1,teacher,agree|refine_failed|no_bar_pair,no_bar_pair,R(1),7(0),0.5127,0.5054,98.39,0.9937,0.21,
IMG_8660,1,teacher,agree|refine_failed|no_bar_pair,no_bar_pair,P(2),4(4),0.9085,0.9099,122.94,0.9979,0.08,
IMG_8661,1,teacher,agree|refine_failed|no_bar_pair,no_bar_pair,P(2),3(3),0.7622,0.7539,129.99,0.992,0.24,
IMG_8662,1,teacher,agree|refine_failed|no_bar_pair,no_bar_pair,P(2),3(3),0.6607,0.6773,131.74,0.9897,0.33,
IMG_8663,0,teacher,agree|refine_failed|no_bar_pair,no_bar_pair,P(2),2(2),0.8456,0.8465,126.82,0.9977,0.1,
IMG_8664,1,teacher,agree|refine_failed|no_bar_pair,no_bar_pair,P(2),3(3),0.8964,0.8939,148.21,0.996,0.11,
IMG_8665,1,teacher,agree|refine_failed|no_bar_pair,no_bar_pair,P(2),3(3),0.9462,0.9413,215.83,0.99,0.27,
IMG_8665,2,teacher,agree|refine_failed|no_bar_pair,no_bar_pair,P(2),3(3),0.6897,0.6893,207.8,0.9981,0.05,
IMG_8667,0,teacher,agree|refine_failed|no_bar_pair,no_bar_pair,P(2),3(3),0.9303,0.9286,380.72,0.9686,0.73,
IMG_8673,1,teacher,agree|refine_failed|no_bar_pair,no_bar_pair,P(2),3(3),0.8394,0.8442,85.5,0.9931,0.28,
IMG_8673,2,teacher,agree|refine_failed|no_bar_pair,no_bar_pair,P(2),3(3),0.4069,0.4087,98.3,0.9968,0.11,
IMG_8674,0,teacher,agree|refine_failed|no_bar_pair,no_bar_pair,P(2),3(3),0.9237,0.9253,162.54,0.995,0.12,
IMG_8674,2,teacher,agree|refine_failed|no_bar_pair,no_bar_pair,P(2),4(4),0.2892,0.2998,79.62,0.9925,0.31,
IMG_8674,3,teacher,agree|refine_failed|no_bar_pair,no_bar_pair,P(2),3(3),0.2711,0.2659,112.07,0.9939,0.16,
IMG_8675,1,teacher,agree|refine_failed|no_bar_pair,no_bar_pair,P(2),4(4),0.773,0.7774,78.4,0.9942,0.15,
IMG_8676,1,teacher,agree|refine_failed|no_bar_pair,no_bar_pair,P(2),2(2),0.6456,0.6535,112.7,0.9821,0.49,
IMG_8676,3,teacher,agree|refine_failed|no_bar_pair,no_bar_pair,P(2),3(3),0.2543,0.2531,150.55,0.9947,0.14,
IMG_8677,0,teacher,agree|refine_failed|no_bar_pair,no_bar_pair,P(2),3(3),0.7189,0.7135,179.99,0.9919,0.18,
IMG_8677,1,teacher,agree|refine_failed|no_bar_pair,no_bar_pair,P(2),3(3),0.7088,0.7137,124.33,0.9876,0.34,
IMG_8677,2,teacher,agree|refine_failed|no_bar_pair,no_bar_pair,P(2),3(3),0.6889,0.6829,173.68,0.991,0.24,
IMG_8678,1,teacher,agree|refine_failed|no_bar_pair,no_bar_pair,P(2),3(3),0.8776,0.8776,159.49,0.9976,0.08,
IMG_8678,3,teacher,agree|refine_failed|no_bar_pair,no_bar_pair,P(2),3(3),0.6025,0.6012,153.23,0.9958,0.12,
IMG_8680,0,teacher,agree|refine_failed|no_bar_pair,no_bar_pair,P(2),3(3),0.9445,0.9438,180.17,0.9923,0.22,
IMG_8680,2,teacher,agree|refine_failed|no_bar_pair,no_bar_pair,P(2),3(3),0.498,0.5189,106.3,0.9887,0.44,
IMG_8681,1,teacher,agree|refine_failed|no_bar_pair,no_bar_pair,P(2),3(3),0.7577,0.7555,99.95,0.9925,0.22,
IMG_8681,3,teacher,agree|refine_failed|no_bar_pair,no_bar_pair,R(1),7(0),0.5642,0.5089,121.32,0.9389,1.43,
IMG_8692,0,teacher,agree|refine_failed|no_bar_pair,no_bar_pair,R(1),B(7),0.7767,0.7797,411.12,0.9982,0.07,
IMG_8707,0,teacher,agree|refine_failed|no_bar_pair,no_bar_pair,P(2),3(3),0.9308,0.9275,350.1,0.9967,0.1,
IMG_8718,1,teacher,agree|refine_failed|no_bar_pair,no_bar_pair,P(2),3(3),0.4157,0.4284,89.99,0.9854,0.53,
IMG_8718,2,teacher,agree|refine_failed|no_bar_pair,no_bar_pair,P(2),3(3),0.2804,0.2819,156.96,0.9984,0.05,
IMG_8727,0,teacher,agree|refine_failed|no_bar_pair,no_bar_pair,P(2),3(3),0.9145,0.9158,178.32,0.9906,0.28,
IMG_8727,1,teacher,agree|refine_failed|no_bar_pair,no_bar_pair,P(2),3(3),0.8274,0.826,167.31,0.9807,0.55,
IMG_8728,0,teacher,agree|refine_failed|no_bar_pair,no_bar_pair,P(2),3(3),0.8974,0.8866,195.57,0.9862,0.27,
IMG_8732,1,teacher,agree|refine_failed|no_bar_pair,no_bar_pair,P(2),3(3),0.5251,0.5138,256.43,0.9742,0.75,
IMG_8740,1,teacher,agree|refine_failed|no_bar_pair,no_bar_pair,P(2),3(3),0.5864,0.6381,193.09,0.9687,1.07,
IMG_8741,0,teacher,agree|refine_failed|no_bar_pair,no_bar_pair,P(2),3(3),0.954,0.9515,207.21,0.9924,0.19,
IMG_8741,3,teacher,agree|refine_failed|no_bar_pair,no_bar_pair,P(2),3(3),0.6888,0.6266,178.13,0.9774,0.98,
IMG_8742,0,teacher,agree|refine_failed|no_bar_pair,no_bar_pair,P(2),3(3),0.9279,0.9275,171.55,0.995,0.13,
IMG_8742,1,teacher,agree|refine_failed|no_bar_pair,no_bar_pair,P(2),3(3),0.8676,0.8652,131.94,0.9934,0.24,
IMG_8742,3,teacher,agree|refine_failed|no_bar_pair,no_bar_pair,P(2),3(3),0.5833,0.5842,157.65,0.998,0.06,
IMG_8743,2,teacher,agree|refine_failed|no_bar_pair,no_bar_pair,P(2),2(2),0.4533,0.4497,108.32,0.993,0.15,
IMG_8745,0,teacher,agree|refine_failed|no_bar_pair,no_bar_pair,P(2),3(3),0.7356,0.7376,129.71,0.9965,0.08,
IMG_8745,1,teacher,agree|refine_failed|no_bar_pair,no_bar_pair,P(2),3(3),0.6014,0.5922,71.22,0.9914,0.35,
IMG_8746,0,teacher,agree|refine_failed|no_bar_pair,no_bar_pair,P(2),3(3),0.9087,0.9105,142.19,0.9963,0.15,
IMG_8746,1,teacher,agree|refine_failed|no_bar_pair,no_bar_pair,P(2),3(3),0.8186,0.8208,156.18,0.9959,0.11,
IMG_8746,2,teacher,agree|refine_failed|no_bar_pair,no_bar_pair,P(2),3(3),0.307,0.3061,151.42,0.9966,0.08,
IMG_8746,3,teacher,agree|refine_failed|no_bar_pair,no_bar_pair,B(0),4(4),0.2752,0.275,52.51,0.9923,0.32,
IMG_8747,1,teacher,agree|refine_failed|no_bar_pair,no_bar_pair,P(2),4(4),0.8246,0.8216,106.23,0.9917,0.42,
IMG_8766,1,teacher,agree|refine_failed|no_bar_pair,no_bar_pair,P(2),3(3),0.4581,0.3855,214.63,0.9656,1.0,
IMG_8767,0,teacher,agree|refine_failed|no_bar_pair,no_bar_pair,P(2),3(3),0.8744,0.8808,185.05,0.9733,0.76,
IMG_8787,0,teacher,agree|refine_failed|no_bar_pair,no_bar_pair,R(1),O(6),0.685,0.6868,701.03,0.9981,0.04,
IMG_8795,0,teacher,agree|refine_failed|no_bar_pair,no_bar_pair,P(2),3(3),0.3355,0.3358,150.63,0.9938,0.15,
IMG_8795,1,teacher,agree|refine_failed|no_bar_pair,no_bar_pair,P(2),3(3),0.3055,0.315,69.11,0.9887,0.43,
IMG_8798,0,teacher,agree|refine_failed|no_bar_pair,no_bar_pair,P(2),3(3),0.8131,0.8172,258.51,0.9969,0.08,
IMG_8817,0,teacher,agree|refine_failed|no_bar_pair,no_bar_pair,R(1),O(6),0.6703,0.6703,436.8,0.999,0.04,
IMG_8821,0,teacher,agree|refine_failed|no_bar_pair,no_bar_pair,P(2),3(3),0.9481,0.947,323.97,0.9944,0.15,
balance345_1005,0,teacher,agree|refine_failed|no_bar_pair,no_bar_pair,R(1),3(3),0.8214,0.8231,45.48,0.998,0.09,
balance345_1007,0,teacher,agree|refine_failed|no_bar_pair,no_bar_pair,R(1),3(3),0.9534,0.9528,92.96,0.9978,0.07,
balance345_1014,0,teacher,agree|refine_failed|no_bar_pair,no_bar_pair,R(1),3(3),0.6205,0.607,32.14,0.9943,0.38,
balance345_1014,1,teacher,agree|refine_failed|no_bar_pair,no_bar_pair,P(2),4(4),0.5627,0.6071,26.19,0.9831,0.7,
balance345_1017,0,teacher,agree|refine_failed|no_bar_pair,no_bar_pair,P(2),4(4),0.4076,0.4098,30.32,0.9961,0.11,
balance345_1017,1,teacher,agree|refine_failed|no_bar_pair,no_bar_pair,R(1),2(2),0.2541,0.2536,53.24,0.9972,0.11,
balance345_1018,0,teacher,agree|refine_failed|no_bar_pair,no_bar_pair,R(1),3(3),0.6076,0.606,55.09,0.999,0.04,
balance345_1019,0,teacher,agree|refine_failed|no_bar_pair,no_bar_pair,R(1),3(3),0.8427,0.8434,72.1,0.9985,0.05,
balance345_1021,0,teacher,agree|refine_failed|no_bar_pair,no_bar_pair,R(1),3(3),0.6073,0.6066,51.34,0.9991,0.03,
balance345_1022,0,teacher,agree|refine_failed|no_bar_pair,no_bar_pair,R(1),3(3),0.6282,0.6227,61.66,0.9975,0.1,
balance345_1036,0,teacher,agree|refine_failed|no_bar_pair,no_bar_pair,R(1),3(3),0.7031,0.6932,38.44,0.9967,0.12,
balance345_1040,0,teacher,agree|refine_failed|no_bar_pair,no_bar_pair,R(1),3(3),0.8621,0.8616,55.41,0.9987,0.05,
balance345_1041,0,teacher,agree|refine_failed|no_bar_pair,no_bar_pair,R(1),3(3),0.6098,0.6111,42.48,0.9988,0.05,
balance345_1058,0,teacher,agree|refine_failed|no_bar_pair,no_bar_pair,R(1),4(4),0.7446,0.7434,37.95,0.9991,0.04,
balance345_1059,0,teacher,agree|refine_failed|no_bar_pair,no_bar_pair,R(1),4(4),0.2729,0.2756,47.57,0.9968,0.15,
balance345_1061,0,teacher,agree|refine_failed|no_bar_pair,no_bar_pair,R(1),4(4),0.3452,0.3442,31.13,0.9975,0.1,
balance345_1062,0,teacher,agree|refine_failed|no_bar_pair,no_bar_pair,R(1),4(4),0.6087,0.6102,27.4,0.9966,0.13,
balance345_1081,0,teacher,agree|refine_failed|no_bar_pair,no_bar_pair,R(1),4(4),0.9519,0.9522,67.75,0.9977,0.07,
balance345_1084,0,teacher,agree|refine_failed|no_bar_pair,no_bar_pair,R(1),4(4),0.2562,0.2558,27.58,0.9917,0.46,
balance345_1086,0,teacher,agree|refine_failed|no_bar_pair,no_bar_pair,R(1),4(4),0.9145,0.914,55.39,0.9972,0.13,
balance345_1108,0,teacher,agree|refine_failed|no_bar_pair,no_bar_pair,R(1),4(4),0.5588,0.5367,30.51,0.986,0.75,
balance345_1109,0,teacher,agree|refine_failed|no_bar_pair,no_bar_pair,R(1),4(4),0.8602,0.8539,47.21,0.991,0.34,
balance345_111,0,teacher,agree|refine_failed|no_bar_pair,no_bar_pair,B(0),3(3),0.9104,0.9101,42.98,0.9976,0.09,
balance345_1110,0,teacher,agree|refine_failed|no_bar_pair,no_bar_pair,R(1),4(4),0.9576,0.9578,83.75,0.9961,0.12,
balance345_1111,0,teacher,agree|refine_failed|no_bar_pair,no_bar_pair,R(1),4(4),0.9022,0.8993,70.38,0.9965,0.1,
balance345_1112,0,teacher,agree|refine_failed|no_bar_pair,no_bar_pair,R(1),4(4),0.9257,0.9256,72.2,0.9972,0.11,
balance345_1113,0,teacher,agree|refine_failed|no_bar_pair,no_bar_pair,R(1),4(4),0.9381,0.9385,67.83,0.9986,0.05,
balance345_1114,0,teacher,agree|refine_failed|no_bar_pair,no_bar_pair,R(1),4(4),0.9105,0.9122,64.51,0.9987,0.04,
balance345_1115,0,teacher,agree|refine_failed|no_bar_pair,no_bar_pair,R(1),4(4),0.7449,0.7435,56.15,0.995,0.13,
balance345_1116,0,teacher,agree|refine_failed|no_bar_pair,no_bar_pair,R(1),4(4),0.7233,0.7297,52.39,0.9826,0.65,
balance345_112,0,teacher,agree|refine_failed|no_bar_pair,no_bar_pair,B(0),3(3),0.8472,0.8455,37.92,0.9966,0.11,
balance345_1125,0,teacher,agree|refine_failed|no_bar_pair,no_bar_pair,R(1),4(4),0.9135,0.9131,81.5,0.992,0.16,
balance345_1126,0,teacher,agree|refine_failed|no_bar_pair,no_bar_pair,R(1),4(4),0.8437,0.8457,47.28,0.9892,0.34,
balance345_1128,0,teacher,agree|refine_failed|no_bar_pair,no_bar_pair,R(1),4(4),0.9579,0.9573,65.15,0.9971,0.07,
balance345_1129,0,teacher,agree|refine_failed|no_bar_pair,no_bar_pair,R(1),4(4),0.9706,0.9704,63.7,0.9974,0.08,
balance345_113,0,teacher,agree|refine_failed|no_bar_pair,no_bar_pair,B(0),3(3),0.8306,0.8309,36.36,0.9972,0.1,
balance345_1130,0,teacher,agree|refine_failed|no_bar_pair,no_bar_pair,R(1),4(4),0.926,0.9241,73.45,0.9975,0.06,
balance345_1151,0,teacher,agree|refine_failed|no_bar_pair,no_bar_pair,R(1),4(4),0.8443,0.8468,65.99,0.998,0.08,
balance345_1179,0,teacher,agree|refine_failed|no_bar_pair,no_bar_pair,R(1),4(4),0.768,0.7637,68.81,0.9956,0.1,
balance345_1180,0,teacher,agree|refine_failed|no_bar_pair,no_bar_pair,R(1),4(4),0.6548,0.6495,43.18,0.9983,0.1,
balance345_1181,0,teacher,agree|refine_failed|no_bar_pair,no_bar_pair,R(1),4(4),0.7869,0.7838,34.13,0.9929,0.31,
balance345_1182,0,teacher,agree|refine_failed|no_bar_pair,no_bar_pair,R(1),4(4),0.9349,0.9354,49.51,0.9958,0.19,
balance345_1183,0,teacher,agree|refine_failed|no_bar_pair,no_bar_pair,R(1),4(4),0.601,0.6055,26.61,0.9919,0.66,
balance345_1184,0,teacher,agree|refine_failed|no_bar_pair,no_bar_pair,R(1),4(4),0.6718,0.6911,33.8,0.9952,0.19,
balance345_1194,0,teacher,agree|refine_failed|no_bar_pair,no_bar_pair,R(1),4(4),0.8262,0.8276,62.76,0.9976,0.07,
balance345_1204,0,teacher,agree|refine_failed|no_bar_pair,no_bar_pair,R(1),4(4),0.8838,0.8846,70.99,0.9986,0.04,
balance345_1206,0,teacher,agree|refine_failed|no_bar_pair,no_bar_pair,R(1),4(4),0.8832,0.8813,96.33,0.9963,0.08,
balance345_1222,0,teacher,agree|refine_failed|no_bar_pair,no_bar_pair,R(1),4(4),0.7974,0.7971,51.47,0.9962,0.15,
balance345_1223,0,teacher,agree|refine_failed|no_bar_pair,no_bar_pair,R(1),4(4),0.9274,0.925,62.18,0.9965,0.14,
balance345_1231,1,teacher,agree|refine_failed|no_bar_pair,no_bar_pair,R(1),4(4),0.3094,0.2905,59.24,0.962,0.84,
balance345_1233,1,teacher,agree|refine_failed|no_bar_pair,no_bar_pair,P(2),4(4),0.8465,0.8446,30.15,0.9955,0.18,
balance345_1236,0,teacher,agree|refine_failed|no_bar_pair,no_bar_pair,R(1),4(4),0.7908,0.7911,38.79,0.9985,0.07,
balance345_1241,0,teacher,agree|refine_failed|no_bar_pair,no_bar_pair,R(1),4(4),0.904,0.9069,99.0,0.9948,0.11,
balance345_1241,1,teacher,agree|refine_failed|no_bar_pair,no_bar_pair,P(2),4(4),0.3261,0.3234,24.46,0.9985,0.07,
balance345_1250,1,teacher,agree|refine_failed|no_bar_pair,no_bar_pair,P(2),4(4),0.7209,0.7384,25.88,0.9819,0.82,
balance345_1251,0,teacher,agree|refine_failed|no_bar_pair,no_bar_pair,P(2),4(4),0.6697,0.6796,30.54,0.9825,0.57,
balance345_1251,1,teacher,agree|refine_failed|no_bar_pair,no_bar_pair,P(2),4(4),0.6022,0.5949,30.96,0.9811,0.77,
balance345_1256,0,teacher,conflict|conflict_iou|conflict_kpt|refine_failed|no_bar_pair,no_bar_pair,P(2),4(4),0.3212,0.2711,28.25,0.7243,14.01,
balance345_1268,1,teacher,agree|refine_failed|no_bar_pair,no_bar_pair,P(2),4(4),0.2933,0.2872,28.3,0.9959,0.14,
balance345_1276,0,teacher,agree|refine_failed|no_bar_pair,no_bar_pair,R(1),4(4),0.4409,0.4412,38.99,0.9982,0.09,
balance345_1277,0,teacher,agree|refine_failed|no_bar_pair,no_bar_pair,R(1),4(4),0.7983,0.7966,51.13,0.9986,0.06,
balance345_128,0,teacher,agree|refine_failed|no_bar_pair,no_bar_pair,B(0),3(3),0.5593,0.5565,46.96,0.9981,0.08,
balance345_132,0,teacher,agree|refine_failed|no_bar_pair,no_bar_pair,B(0),3(3),0.7945,0.7926,48.35,0.997,0.11,
balance345_1333,0,teacher,agree|refine_failed|no_bar_pair,no_bar_pair,R(1),4(4),0.7764,0.778,69.57,0.999,0.04,
balance345_1334,0,teacher,agree|refine_failed|no_bar_pair,no_bar_pair,R(1),O(6),0.6048,0.609,39.32,0.9973,0.12,
balance345_1339,0,teacher,agree|refine_failed|no_bar_pair,no_bar_pair,R(1),4(4),0.8756,0.8753,93.45,0.9981,0.07,
balance345_1340,0,teacher,agree|refine_failed|no_bar_pair,no_bar_pair,R(1),4(4),0.6682,0.6663,65.44,0.9968,0.11,
balance345_1357,0,teacher,agree|refine_failed|no_bar_pair,no_bar_pair,R(1),4(4),0.8883,0.889,103.38,0.9985,0.05,
balance345_1362,0,teacher,agree|refine_failed|no_bar_pair,no_bar_pair,R(1),4(4),0.8872,0.8869,84.4,0.9991,0.04,
balance345_1402,0,teacher,agree|refine_failed|no_bar_pair,no_bar_pair,R(1),4(4),0.9407,0.9397,56.63,0.9973,0.13,
balance345_1408,0,teacher,agree|refine_failed|no_bar_pair,no_bar_pair,R(1),4(4),0.8971,0.8994,61.67,0.997,0.14,
balance345_1412,0,teacher,agree|refine_failed|no_bar_pair,no_bar_pair,R(1),4(4),0.72,0.7187,66.02,0.9964,0.16,
balance345_1414,0,teacher,agree|refine_failed|no_bar_pair,no_bar_pair,R(1),4(4),0.9139,0.9156,60.17,0.993,0.28,
balance345_1421,0,teacher,agree|refine_failed|no_bar_pair,no_bar_pair,R(1),4(4),0.9472,0.9468,90.91,0.9988,0.05,
balance345_1422,0,teacher,agree|refine_failed|no_bar_pair,no_bar_pair,R(1),4(4),0.8661,0.8644,64.6,0.9992,0.03,
balance345_1423,0,teacher,agree|refine_failed|no_bar_pair,no_bar_pair,R(1),4(4),0.461,0.4659,62.8,0.9975,0.08,
balance345_1434,0,teacher,agree|refine_failed|no_bar_pair,no_bar_pair,R(1),4(4),0.2749,0.2775,39.85,0.9957,0.14,
balance345_1435,0,teacher,agree|refine_failed|no_bar_pair,no_bar_pair,R(1),4(4),0.7417,0.7425,44.86,0.9986,0.06,
balance345_1436,0,teacher,agree|refine_failed|no_bar_pair,no_bar_pair,R(1),4(4),0.913,0.913,72.48,0.9985,0.05,
balance345_1437,0,teacher,agree|refine_failed|no_bar_pair,no_bar_pair,R(1),4(4),0.9375,0.9381,89.66,0.9958,0.12,
balance345_1443,0,teacher,agree|refine_failed|no_bar_pair,no_bar_pair,R(1),4(4),0.9451,0.9463,58.61,0.9982,0.08,
balance345_1445,0,teacher,agree|refine_failed|no_bar_pair,no_bar_pair,R(1),4(4),0.8693,0.8696,59.16,0.9971,0.09,
balance345_1450,0,teacher,agree|refine_failed|no_bar_pair,no_bar_pair,R(1),4(4),0.8393,0.8373,42.63,0.9955,0.14,
balance345_1454,0,teacher,agree|refine_failed|no_bar_pair,no_bar_pair,R(1),4(4),0.9091,0.9105,54.82,0.9986,0.04,
balance345_1456,0,teacher,agree|refine_failed|no_bar_pair,no_bar_pair,R(1),4(4),0.8032,0.8007,48.53,0.9971,0.13,
balance345_1457,0,teacher,agree|refine_failed|no_bar_pair,no_bar_pair,R(1),4(4),0.944,0.9432,77.09,0.9955,0.14,
balance345_1474,0,teacher,agree|refine_failed|no_bar_pair,no_bar_pair,R(1),4(4),0.917,0.9169,73.13,0.9978,0.07,
balance345_1475,0,teacher,agree|refine_failed|no_bar_pair,no_bar_pair,R(1),4(4),0.3634,0.3669,39.67,0.99,0.44,
balance345_1483,0,teacher,agree|refine_failed|no_bar_pair,no_bar_pair,R(1),4(4),0.9144,0.9129,54.04,0.9966,0.13,
balance345_1488,0,teacher,agree|refine_failed|no_bar_pair,no_bar_pair,R(1),4(4),0.7699,0.7634,44.37,0.999,0.04,
balance345_1490,0,teacher,agree|refine_failed|no_bar_pair,no_bar_pair,R(1),4(4),0.9118,0.9129,48.12,0.9983,0.06,
balance345_1495,0,teacher,agree|refine_failed|no_bar_pair,no_bar_pair,R(1),4(4),0.8821,0.8798,56.3,0.9971,0.11,
balance345_1496,0,teacher,agree|refine_failed|no_bar_pair,no_bar_pair,R(1),4(4),0.2975,0.2866,38.07,0.9941,0.25,
balance345_1501,0,teacher,agree|refine_failed|no_bar_pair,no_bar_pair,R(1),4(4),0.3255,0.2943,40.44,0.995,0.2,
balance345_1503,0,teacher,agree|refine_failed|no_bar_pair,no_bar_pair,R(1),4(4),0.928,0.9273,53.16,0.9966,0.1,
balance345_1508,0,teacher,agree|refine_failed|no_bar_pair,no_bar_pair,R(1),4(4),0.9362,0.9356,64.18,0.9975,0.08,
balance345_1509,0,teacher,agree|refine_failed|no_bar_pair,no_bar_pair,R(1),4(4),0.9298,0.9305,63.13,0.9978,0.09,
balance345_1510,0,teacher,agree|refine_failed|no_bar_pair,no_bar_pair,R(1),4(4),0.9273,0.9245,61.44,0.998,0.07,
balance345_1511,0,teacher,agree|refine_failed|no_bar_pair,no_bar_pair,R(1),4(4),0.95,0.9489,63.61,0.9962,0.13,
balance345_1512,0,teacher,agree|refine_failed|no_bar_pair,no_bar_pair,R(1),4(4),0.9484,0.9474,66.59,0.997,0.09,
balance345_1513,0,teacher,agree|refine_failed|no_bar_pair,no_bar_pair,R(1),4(4),0.9765,0.9768,68.36,0.9978,0.07,
balance345_1514,0,teacher,agree|refine_failed|no_bar_pair,no_bar_pair,R(1),4(4),0.9474,0.9474,70.17,0.9982,0.07,
balance345_1515,0,teacher,agree|refine_failed|no_bar_pair,no_bar_pair,R(1),4(4),0.9489,0.9484,70.13,0.9988,0.04,
balance345_1534,0,teacher,agree|refine_failed|no_bar_pair,no_bar_pair,R(1),4(4),0.9178,0.9181,102.79,0.9965,0.1,
balance345_1540,0,teacher,agree|refine_failed|no_bar_pair,no_bar_pair,R(1),4(4),0.7865,0.7861,70.9,0.9968,0.14,
balance345_1545,0,teacher,agree|refine_failed|no_bar_pair,no_bar_pair,R(1),4(4),0.6834,0.6842,80.14,0.9971,0.13,
balance345_162,1,teacher,agree|refine_failed|no_bar_pair,no_bar_pair,P(2),4(4),0.3144,0.3092,27.11,0.9879,0.51,
balance345_1654,0,teacher,agree|refine_failed|no_bar_pair,no_bar_pair,R(1),7(0),0.4746,0.4795,66.68,0.997,0.1,
balance345_1655,0,teacher,conflict|conflict_iou|conflict_kpt|refine_failed|no_bar_pair,no_bar_pair,R(1),3(3),0.3275,0.3521,74.47,0.8043,8.51,
balance345_1673,0,teacher,agree|refine_failed|no_bar_pair,no_bar_pair,R(1),2(2),0.5018,0.5026,42.97,0.9971,0.13,
balance345_1675,0,teacher,agree|refine_failed|no_bar_pair,no_bar_pair,P(2),4(4),0.2929,0.2921,29.71,0.9883,0.59,
balance345_17,0,teacher,agree|refine_failed|no_bar_pair,no_bar_pair,B(0),3(3),0.6089,0.6119,54.84,0.9932,0.24,
balance345_1726,0,teacher,agree|refine_failed|no_bar_pair,no_bar_pair,R(1),3(3),0.3125,0.3511,33.5,0.982,0.83,
balance345_1742,0,teacher,agree|refine_failed|no_bar_pair,no_bar_pair,R(1),7(0),0.2601,0.2557,26.77,0.9796,0.47,
balance345_182,0,teacher,agree|refine_failed|no_bar_pair,no_bar_pair,B(0),3(3),0.7771,0.7811,39.53,0.999,0.04,
balance345_1824,0,teacher,agree|refine_failed|no_bar_pair,no_bar_pair,R(1),7(0),0.2574,0.2548,27.2,0.9946,0.21,
balance345_183,0,teacher,agree|refine_failed|no_bar_pair,no_bar_pair,B(0),3(3),0.7761,0.774,50.86,0.9979,0.08,
balance345_1839,0,teacher,agree|refine_failed|no_bar_pair,no_bar_pair,R(1),7(0),0.383,0.3828,35.19,0.9975,0.1,
balance345_187,0,teacher,agree|refine_failed|no_bar_pair,no_bar_pair,B(0),3(3),0.9167,0.9153,56.68,0.9971,0.1,
balance345_188,0,teacher,agree|refine_failed|no_bar_pair,no_bar_pair,B(0),3(3),0.8778,0.876,41.12,0.9982,0.08,
balance345_189,0,teacher,agree|refine_failed|no_bar_pair,no_bar_pair,B(0),3(3),0.7509,0.7492,36.8,0.9983,0.06,
balance345_190,0,teacher,agree|refine_failed|no_bar_pair,no_bar_pair,B(0),3(3),0.9301,0.9287,42.47,0.9979,0.08,
balance345_191,0,teacher,agree|refine_failed|no_bar_pair,no_bar_pair,B(0),3(3),0.9705,0.9706,71.92,0.9997,0.01,
balance345_22,0,teacher,agree|refine_failed|no_bar_pair,no_bar_pair,B(0),3(3),0.946,0.9459,76.57,0.9994,0.02,
balance345_247,0,teacher,agree|refine_failed|no_bar_pair,no_bar_pair,B(0),3(3),0.4973,0.4914,73.52,0.998,0.04,
balance345_257,0,teacher,agree|refine_failed|no_bar_pair,no_bar_pair,B(0),3(3),0.8834,0.8863,68.14,0.9977,0.09,
balance345_258,0,teacher,agree|refine_failed|no_bar_pair,no_bar_pair,B(0),3(3),0.9231,0.9239,59.94,0.9983,0.08,
balance345_260,0,teacher,agree|refine_failed|no_bar_pair,no_bar_pair,B(0),3(3),0.8044,0.8055,60.04,0.9992,0.04,
balance345_27,0,teacher,agree|refine_failed|no_bar_pair,no_bar_pair,B(0),3(3),0.5723,0.5847,32.6,0.9934,0.3,
balance345_275,0,teacher,agree|refine_failed|no_bar_pair,no_bar_pair,B(0),3(3),0.8803,0.8777,38.2,0.9956,0.16,
balance345_280,0,teacher,agree|refine_failed|no_bar_pair,no_bar_pair,B(0),3(3),0.9349,0.9333,39.44,0.9982,0.09,
balance345_285,0,teacher,agree|refine_failed|no_bar_pair,no_bar_pair,B(0),3(3),0.815,0.8148,50.49,0.9985,0.06,
balance345_296,1,teacher,agree|refine_failed|no_bar_pair,no_bar_pair,B(0),3(3),0.5573,0.5643,63.57,0.9956,0.1,
balance345_3,0,teacher,agree|refine_failed|no_bar_pair,no_bar_pair,B(0),3(3),0.9116,0.9151,166.18,0.9946,0.28,
balance345_301,0,teacher,agree|refine_failed|no_bar_pair,no_bar_pair,B(0),4(4),0.9187,0.9106,69.41,0.9824,0.42,
balance345_305,0,teacher,agree|refine_failed|no_bar_pair,no_bar_pair,B(0),4(4),0.7941,0.7914,40.88,0.9965,0.14,
balance345_307,0,teacher,agree|refine_failed|no_bar_pair,no_bar_pair,B(0),4(4),0.8617,0.8613,54.94,0.9974,0.1,
balance345_313,0,teacher,agree|refine_failed|no_bar_pair,no_bar_pair,B(0),4(4),0.9603,0.9598,75.62,0.998,0.05,
balance345_319,0,teacher,agree|refine_failed|no_bar_pair,no_bar_pair,B(0),4(4),0.8102,0.8109,57.53,0.9947,0.2,
balance345_320,0,teacher,agree|refine_failed|no_bar_pair,no_bar_pair,B(0),4(4),0.8282,0.8333,38.33,0.9951,0.28,
balance345_325,0,teacher,agree|refine_failed|no_bar_pair,no_bar_pair,B(0),4(4),0.6035,0.6,52.4,0.9616,1.32,
balance345_328,0,teacher,agree|refine_failed|no_bar_pair,no_bar_pair,B(0),4(4),0.8554,0.856,76.57,0.9957,0.15,
balance345_33,0,teacher,agree|refine_failed|no_bar_pair,no_bar_pair,B(0),3(3),0.9588,0.959,60.42,0.9987,0.06,
balance345_331,0,teacher,agree|refine_failed|no_bar_pair,no_bar_pair,B(0),7(0),0.3968,0.4004,27.98,0.9982,0.11,
balance345_336,0,teacher,agree|refine_failed|no_bar_pair,no_bar_pair,B(0),4(4),0.832,0.8319,46.58,0.9981,0.08,
balance345_347,0,teacher,agree|refine_failed|no_bar_pair,no_bar_pair,B(0),4(4),0.9513,0.9516,103.61,0.9981,0.08,
balance345_348,0,teacher,agree|refine_failed|no_bar_pair,no_bar_pair,B(0),4(4),0.9298,0.9302,105.09,0.9993,0.02,
balance345_351,0,teacher,agree|refine_failed|no_bar_pair,no_bar_pair,B(0),4(4),0.9209,0.9206,107.63,0.9986,0.06,
balance345_358,0,teacher,agree|refine_failed|no_bar_pair,no_bar_pair,B(0),4(4),0.8902,0.8879,151.53,0.999,0.03,
balance345_359,0,teacher,agree|refine_failed|no_bar_pair,no_bar_pair,B(0),4(4),0.6634,0.6585,56.6,0.9976,0.19,
balance345_360,0,teacher,agree|refine_failed|no_bar_pair,no_bar_pair,B(0),4(4),0.4307,0.4265,72.93,0.9983,0.08,
balance345_362,0,teacher,agree|refine_failed|no_bar_pair,no_bar_pair,B(0),4(4),0.9506,0.9507,268.73,0.9986,0.04,
balance345_374,0,teacher,agree|refine_failed|no_bar_pair,no_bar_pair,B(0),4(4),0.7181,0.7154,109.65,0.999,0.04,
balance345_382,0,teacher,no_match|secondary_only|refine_failed|no_bar_pair,no_bar_pair,B(0),O(6),,0.2502,26.67,,,
balance345_384,0,teacher,agree|refine_failed|no_bar_pair,no_bar_pair,B(0),4(4),0.464,0.4686,29.46,0.994,0.26,
balance345_4,0,teacher,agree|refine_failed|no_bar_pair,no_bar_pair,P(2),4(4),0.3499,0.4244,70.65,0.9176,2.71,
balance345_400,0,teacher,agree|refine_failed|no_bar_pair,no_bar_pair,B(0),4(4),0.8954,0.8969,41.33,0.9918,0.28,
balance345_401,0,teacher,agree|refine_failed|no_bar_pair,no_bar_pair,B(0),4(4),0.8069,0.807,41.64,0.997,0.13,
balance345_402,0,teacher,agree|refine_failed|no_bar_pair,no_bar_pair,B(0),4(4),0.9645,0.965,56.5,0.9968,0.13,
balance345_404,0,teacher,agree|refine_failed|no_bar_pair,no_bar_pair,B(0),4(4),0.9562,0.9564,54.93,0.997,0.11,
balance345_411,0,teacher,agree|refine_failed|no_bar_pair,no_bar_pair,B(0),4(4),0.3961,0.3876,34.69,0.9768,0.63,
balance345_415,0,teacher,agree|refine_failed|no_bar_pair,no_bar_pair,B(0),4(4),0.9393,0.9397,59.22,0.9977,0.07,
balance345_421,0,teacher,agree|refine_failed|no_bar_pair,no_bar_pair,B(0),4(4),0.7053,0.7094,39.07,0.9973,0.11,
balance345_429,0,teacher,agree|refine_failed|no_bar_pair,no_bar_pair,B(0),4(4),0.7809,0.7828,36.61,0.997,0.14,
balance345_446,0,teacher,agree|refine_failed|no_bar_pair,no_bar_pair,B(0),4(4),0.813,0.8112,82.17,0.999,0.04,
balance345_505,0,teacher,agree|refine_failed|no_bar_pair,no_bar_pair,B(0),3(3),0.8677,0.8694,35.34,0.9959,0.18,
balance345_53,0,teacher,agree|refine_failed|no_bar_pair,no_bar_pair,B(0),3(3),0.8629,0.8637,99.4,0.9986,0.05,
balance345_582,0,teacher,agree|refine_failed|no_bar_pair,no_bar_pair,B(0),4(4),0.529,0.5316,45.19,0.9955,0.18,
balance345_583,0,teacher,agree|refine_failed|no_bar_pair,no_bar_pair,B(0),4(4),0.2895,0.2883,46.91,0.9962,0.17,
balance345_592,0,teacher,no_match|primary_only|refine_failed|no_bar_pair,no_bar_pair,B(0),3(3),0.2507,,28.58,,,
balance345_608,0,teacher,agree|refine_failed|no_bar_pair,no_bar_pair,B(0),4(4),0.8203,0.8186,57.93,0.9979,0.07,
balance345_654,0,teacher,agree|refine_failed|no_bar_pair,no_bar_pair,B(0),7(0),0.26,0.2545,45.02,0.9959,0.19,
balance345_66,0,teacher,agree|refine_failed|no_bar_pair,no_bar_pair,B(0),3(3),0.8553,0.8566,77.99,0.9968,0.12,
balance345_690,0,teacher,agree|refine_failed|no_bar_pair,no_bar_pair,B(0),3(3),0.4751,0.481,43.88,0.9991,0.05,
balance345_708,0,teacher,agree|refine_failed|no_bar_pair,no_bar_pair,B(0),3(3),0.2922,0.2893,67.75,0.9971,0.16,
balance345_712,0,teacher,agree|refine_failed|no_bar_pair,no_bar_pair,B(0),3(3),0.3057,0.2949,108.72,0.9983,0.08,
balance345_725,0,teacher,agree|refine_failed|no_bar_pair,no_bar_pair,P(2),O(6),0.3243,0.3268,64.87,0.9955,0.09,
balance345_726,0,teacher,agree|refine_failed|no_bar_pair,no_bar_pair,P(2),O(6),0.5835,0.5682,68.48,0.9942,0.2,
balance345_757,0,teacher,agree|refine_failed|no_bar_pair,no_bar_pair,R(1),3(3),0.8219,0.8204,50.59,0.9976,0.09,
balance345_760,0,teacher,agree|refine_failed|no_bar_pair,no_bar_pair,R(1),3(3),0.8597,0.8578,51.23,0.9987,0.05,
balance345_761,0,teacher,agree|refine_failed|no_bar_pair,no_bar_pair,R(1),3(3),0.8765,0.8749,54.17,0.9972,0.1,
balance345_777,0,teacher,agree|refine_failed|no_bar_pair,no_bar_pair,R(1),3(3),0.8469,0.8457,52.05,0.9974,0.1,
balance345_778,0,teacher,agree|refine_failed|no_bar_pair,no_bar_pair,R(1),3(3),0.2726,0.2696,43.33,0.9983,0.07,
balance345_80,0,teacher,agree|refine_failed|no_bar_pair,no_bar_pair,B(0),3(3),0.7598,0.7596,41.03,0.9968,0.11,
balance345_81,0,teacher,agree|refine_failed|no_bar_pair,no_bar_pair,B(0),3(3),0.6725,0.6855,34.49,0.9953,0.21,
balance345_812,0,teacher,agree|refine_failed|no_bar_pair,no_bar_pair,R(1),3(3),0.9352,0.9349,68.12,0.9987,0.05,
balance345_814,0,teacher,agree|refine_failed|no_bar_pair,no_bar_pair,R(1),3(3),0.8475,0.8467,52.88,0.9986,0.05,
balance345_82,0,teacher,agree|refine_failed|no_bar_pair,no_bar_pair,B(0),3(3),0.6683,0.6703,36.86,0.9952,0.19,
balance345_820,0,teacher,agree|refine_failed|no_bar_pair,no_bar_pair,R(1),3(3),0.9572,0.9573,50.31,0.9989,0.05,
balance345_821,0,teacher,agree|refine_failed|no_bar_pair,no_bar_pair,R(1),3(3),0.9201,0.9207,51.22,0.9988,0.05,
balance345_822,0,teacher,agree|refine_failed|no_bar_pair,no_bar_pair,R(1),3(3),0.9044,0.9043,56.27,0.9984,0.05,
balance345_823,0,teacher,agree|refine_failed|no_bar_pair,no_bar_pair,R(1),3(3),0.9559,0.9563,44.84,0.999,0.04,
balance345_824,0,teacher,agree|refine_failed|no_bar_pair,no_bar_pair,R(1),3(3),0.8844,0.8839,81.76,0.9984,0.05,
balance345_831,0,teacher,agree|refine_failed|no_bar_pair,no_bar_pair,R(1),3(3),0.6164,0.6079,46.64,0.996,0.16,
balance345_832,0,teacher,agree|refine_failed|no_bar_pair,no_bar_pair,R(1),3(3),0.3196,0.3486,51.17,0.9879,0.4,
balance345_833,0,teacher,agree|refine_failed|no_bar_pair,no_bar_pair,R(1),3(3),0.67,0.6949,61.7,0.9901,0.29,
balance345_834,0,teacher,agree|refine_failed|no_bar_pair,no_bar_pair,R(1),3(3),0.7194,0.7217,53.09,0.9965,0.15,
balance345_85,0,teacher,agree|refine_failed|no_bar_pair,no_bar_pair,B(0),3(3),0.9146,0.9135,55.64,0.997,0.1,
balance345_851,0,teacher,agree|refine_failed|no_bar_pair,no_bar_pair,R(1),3(3),0.7389,0.7418,87.33,0.9957,0.15,
balance345_852,0,teacher,agree|refine_failed|no_bar_pair,no_bar_pair,R(1),3(3),0.9526,0.9525,60.7,0.9965,0.15,
balance345_859,0,teacher,agree|refine_failed|no_bar_pair,no_bar_pair,R(1),3(3),0.8074,0.8095,84.76,0.9946,0.17,
balance345_860,0,teacher,agree|refine_failed|no_bar_pair,no_bar_pair,R(1),3(3),0.8463,0.844,78.7,0.998,0.07,
balance345_861,0,teacher,agree|refine_failed|no_bar_pair,no_bar_pair,R(1),3(3),0.8374,0.8387,81.14,0.9985,0.05,
balance345_861,1,teacher,agree|refine_failed|no_bar_pair,no_bar_pair,P(2),4(4),0.3953,0.4006,26.09,0.9938,0.3,
balance345_862,0,teacher,agree|refine_failed|no_bar_pair,no_bar_pair,R(1),3(3),0.8357,0.8375,89.63,0.9975,0.09,
balance345_863,0,teacher,agree|refine_failed|no_bar_pair,no_bar_pair,R(1),3(3),0.8206,0.8212,94.33,0.998,0.09,
balance345_863,1,teacher,agree|refine_failed|no_bar_pair,no_bar_pair,P(2),4(4),0.5474,0.5387,25.68,0.9966,0.12,
balance345_865,1,teacher,agree|refine_failed|no_bar_pair,no_bar_pair,P(2),4(4),0.2943,0.2998,25.36,0.9985,0.08,
balance345_871,0,teacher,agree|refine_failed|no_bar_pair,no_bar_pair,R(1),3(3),0.7614,0.7608,67.26,0.9991,0.03,
balance345_876,0,teacher,agree|refine_failed|no_bar_pair,no_bar_pair,R(1),7(0),0.3399,0.333,32.52,0.9959,0.19,
balance345_878,0,teacher,agree|refine_failed|no_bar_pair,no_bar_pair,R(1),3(3),0.6375,0.6297,55.64,0.9963,0.13,
balance345_892,0,teacher,agree|refine_failed|no_bar_pair,no_bar_pair,R(1),3(3),0.9365,0.9353,61.93,0.9985,0.06,
balance345_901,0,teacher,agree|refine_failed|no_bar_pair,no_bar_pair,P(2),4(4),0.7651,0.7743,53.72,0.9872,0.46,
balance345_903,0,teacher,agree|refine_failed|no_bar_pair,no_bar_pair,R(1),3(3),0.8608,0.8619,210.78,0.9984,0.05,
balance345_903,1,teacher,agree|refine_failed|no_bar_pair,no_bar_pair,P(2),4(4),0.6203,0.6476,53.16,0.9804,0.68,
balance345_904,1,teacher,agree|refine_failed|no_bar_pair,no_bar_pair,P(2),4(4),0.3,0.2836,53.05,0.9857,0.76,
balance345_906,1,teacher,agree|refine_failed|no_bar_pair,no_bar_pair,P(2),4(4),0.3992,0.3917,47.73,0.9916,0.3,
balance345_907,1,teacher,agree|refine_failed|no_bar_pair,no_bar_pair,P(2),4(4),0.4795,0.4522,51.65,0.9864,0.58,
balance345_909,1,teacher,agree|refine_failed|no_bar_pair,no_bar_pair,P(2),4(4),0.5642,0.56,55.51,0.992,0.28,
balance345_909,2,teacher,agree|refine_failed|no_bar_pair,no_bar_pair,P(2),4(4),0.4266,0.4575,71.19,0.9906,0.32,
balance345_913,1,teacher,agree|refine_failed|no_bar_pair,no_bar_pair,P(2),4(4),0.5066,0.4934,55.66,0.9913,0.26,
balance345_913,2,teacher,agree|refine_failed|no_bar_pair,no_bar_pair,P(2),4(4),0.2646,0.2906,52.24,0.9837,0.64,
balance345_915,0,teacher,agree|refine_failed|no_bar_pair,no_bar_pair,R(1),3(3),0.8842,0.8851,142.62,0.998,0.06,
balance345_915,1,teacher,agree|refine_failed|no_bar_pair,no_bar_pair,P(2),4(4),0.5853,0.5997,44.04,0.9918,0.38,
balance345_916,0,teacher,agree|refine_failed|no_bar_pair,no_bar_pair,R(1),3(3),0.898,0.8993,163.58,0.9982,0.05,
balance345_916,1,teacher,agree|refine_failed|no_bar_pair,no_bar_pair,P(2),4(4),0.6253,0.6267,44.53,0.9977,0.09,
balance345_918,0,teacher,agree|refine_failed|no_bar_pair,no_bar_pair,R(1),3(3),0.7244,0.7288,132.34,0.9983,0.06,
balance345_926,0,teacher,agree|refine_failed|no_bar_pair,no_bar_pair,R(1),3(3),0.9245,0.9241,135.55,0.9984,0.06,
balance345_932,0,teacher,agree|refine_failed|no_bar_pair,no_bar_pair,R(1),3(3),0.9164,0.9159,63.78,0.9957,0.17,
balance345_934,0,teacher,agree|refine_failed|no_bar_pair,no_bar_pair,R(1),3(3),0.9366,0.9368,90.54,0.9986,0.05,
balance345_938,0,teacher,agree|refine_failed|no_bar_pair,no_bar_pair,R(1),3(3),0.9629,0.9623,97.71,0.995,0.15,
balance345_939,0,teacher,agree|refine_failed|no_bar_pair,no_bar_pair,R(1),3(3),0.8618,0.864,97.91,0.995,0.15,
balance345_968,0,teacher,agree|refine_failed|no_bar_pair,no_bar_pair,R(1),3(3),0.8033,0.8045,39.95,0.9972,0.09,
balance345_969,0,teacher,agree|refine_failed|no_bar_pair,no_bar_pair,R(1),3(3),0.7649,0.7543,36.22,0.9936,0.24,
balance345_979,0,teacher,agree|refine_failed|no_bar_pair,no_bar_pair,R(1),3(3),0.9684,0.9685,83.14,0.998,0.04,
balance345_981,0,teacher,agree|refine_failed|no_bar_pair,no_bar_pair,R(1),3(3),0.8868,0.8853,59.12,0.9975,0.08,
balance345_997,0,teacher,agree|refine_failed|no_bar_pair,no_bar_pair,R(1),3(3),0.9416,0.942,69.23,0.9981,0.06,
images_1,1,teacher,agree|refine_failed|no_bar_pair,no_bar_pair,B(0),7(0),0.6197,0.6243,34.67,0.9975,0.09,
images_130,1,teacher,agree|refine_failed|no_bar_pair,no_bar_pair,R(1),7(0),0.7178,0.716,24.02,0.9965,0.12,
images_150,1,teacher,agree|refine_failed|no_bar_pair,no_bar_pair,R(1),7(0),0.926,0.9252,47.82,0.9976,0.08,
images_159,1,teacher,agree|refine_failed|no_bar_pair,no_bar_pair,R(1),7(0),0.8782,0.8784,41.83,0.9975,0.11,
images_160,1,teacher,agree|refine_failed|no_bar_pair,no_bar_pair,R(1),7(0),0.8476,0.8456,24.78,0.9958,0.23,
images_171,1,teacher,agree|refine_failed|no_bar_pair,no_bar_pair,R(1),7(0),0.8195,0.8225,25.69,0.9963,0.17,
images_172,1,teacher,agree|refine_failed|no_bar_pair,no_bar_pair,R(1),7(0),0.7563,0.7586,30.03,0.9977,0.08,
images_173,1,teacher,agree|refine_failed|no_bar_pair,no_bar_pair,R(1),7(0),0.9203,0.9193,30.34,0.9971,0.12,
images_186,1,teacher,agree|refine_failed|no_bar_pair,no_bar_pair,R(1),7(0),0.6607,0.6648,26.61,0.9962,0.17,
images_187,1,teacher,agree|refine_failed|no_bar_pair,no_bar_pair,R(1),7(0),0.3875,0.3895,33.85,0.9965,0.15,
images_188,1,teacher,agree|refine_failed|no_bar_pair,no_bar_pair,R(1),7(0),0.3991,0.4036,30.64,0.9958,0.14,
images_189,1,teacher,agree|refine_failed|no_bar_pair,no_bar_pair,R(1),7(0),0.74,0.7396,39.54,0.9976,0.07,
images_19,1,teacher,agree|refine_failed|no_bar_pair,no_bar_pair,B(0),7(0),0.7191,0.7319,27.19,0.9087,3.78,
images_204,1,teacher,agree|refine_failed|no_bar_pair,no_bar_pair,R(1),7(0),0.5358,0.5645,31.71,0.988,0.66,
images_242,1,teacher,agree|refine_failed|no_bar_pair,no_bar_pair,R(1),7(0),0.4691,0.4703,32.9,0.9964,0.16,
images_243,1,teacher,agree|refine_failed|no_bar_pair,no_bar_pair,R(1),7(0),0.8338,0.8189,42.45,0.9849,0.51,
images_244,1,teacher,agree|refine_failed|no_bar_pair,no_bar_pair,R(1),7(0),0.7082,0.6974,45.45,0.985,0.55,
images_245,1,teacher,agree|refine_failed|no_bar_pair,no_bar_pair,R(1),7(0),0.6671,0.6485,38.74,0.9911,0.3,
images_271,1,teacher,agree|refine_failed|no_bar_pair,no_bar_pair,R(1),7(0),0.8536,0.8514,25.28,0.9949,0.24,
images_277,1,teacher,agree|refine_failed|no_bar_pair,no_bar_pair,R(1),7(0),0.6948,0.6925,35.41,0.997,0.12,
images_279,0,teacher,agree|refine_failed|no_bar_pair,no_bar_pair,R(1),7(0),0.4759,0.4733,40.87,0.9907,0.26,
images_282,1,teacher,agree|refine_failed|no_bar_pair,no_bar_pair,R(1),7(0),0.9031,0.8957,56.61,0.99,0.32,
images_284,1,teacher,agree|refine_failed|no_bar_pair,no_bar_pair,R(1),7(0),0.7046,0.7178,33.25,0.995,0.18,
images_285,1,teacher,agree|refine_failed|no_bar_pair,no_bar_pair,R(1),7(0),0.8927,0.8921,51.94,0.9977,0.08,
images_298,1,teacher,agree|refine_failed|no_bar_pair,no_bar_pair,B(0),7(0),0.8844,0.8833,28.7,0.9956,0.17,
images_310,1,teacher,agree|refine_failed|no_bar_pair,no_bar_pair,B(0),7(0),0.8373,0.8391,26.06,0.9964,0.22,
images_313,1,teacher,agree|refine_failed|no_bar_pair,no_bar_pair,B(0),7(0),0.4191,0.4214,24.12,0.9975,0.12,
images_34,1,teacher,agree|refine_failed|no_bar_pair,no_bar_pair,B(0),7(0),0.9086,0.9122,25.88,0.998,0.12,
images_367,0,teacher,agree|refine_failed|no_bar_pair,no_bar_pair,B(0),7(0),0.9736,0.973,40.51,0.9661,1.59,
images_37,1,teacher,agree|refine_failed|no_bar_pair,no_bar_pair,B(0),7(0),0.8599,0.8606,25.23,0.9975,0.15,
images_374,1,teacher,agree|refine_failed|no_bar_pair,no_bar_pair,B(0),7(0),0.8839,0.8832,41.96,0.9969,0.12,
images_376,0,teacher,agree|refine_failed|no_bar_pair,no_bar_pair,B(0),7(0),0.9624,0.9628,58.68,0.9985,0.06,
images_377,1,teacher,agree|refine_failed|no_bar_pair,no_bar_pair,B(0),7(0),0.9488,0.948,50.73,0.9968,0.1,
images_40,1,teacher,agree|refine_failed|no_bar_pair,no_bar_pair,B(0),3(3),0.4126,0.3877,32.55,0.9853,0.64,
images_41,1,teacher,agree|refine_failed|no_bar_pair,no_bar_pair,B(0),7(0),0.8211,0.8195,31.49,0.9966,0.14,
images_44,1,teacher,agree|refine_failed|no_bar_pair,no_bar_pair,B(0),7(0),0.9127,0.9107,41.88,0.9977,0.08,
images_47,0,teacher,agree|refine_failed|no_bar_pair,no_bar_pair,B(0),7(0),0.9778,0.9778,40.59,0.9964,0.15,
images_48,1,teacher,agree|refine_failed|no_bar_pair,no_bar_pair,B(0),7(0),0.4451,0.4587,39.25,0.9947,0.18,
images_51,0,teacher,agree|refine_failed|no_bar_pair,no_bar_pair,B(0),7(0),0.8331,0.8335,68.02,0.9985,0.04,
images_71,1,teacher,agree|refine_failed|no_bar_pair,no_bar_pair,B(0),3(3),0.2744,0.2802,24.32,0.998,0.06,
images_86,1,teacher,agree|refine_failed|no_bar_pair,no_bar_pair,B(0),7(0),0.9331,0.9358,44.67,0.9967,0.12,
images_92,1,teacher,agree|refine_failed|no_bar_pair,no_bar_pair,B(0),7(0),0.7659,0.7854,33.36,0.9935,0.26,
images_93,1,teacher,agree|refine_failed|no_bar_pair,no_bar_pair,B(0),7(0),0.9132,0.9154,47.61,0.9976,0.11,
images_95,1,teacher,agree|refine_failed|no_bar_pair,no_bar_pair,B(0),7(0),0.952,0.9541,55.79,0.997,0.12,
outpost147,0,teacher,agree|refine_failed|no_bar_pair,no_bar_pair,R(1),O(6),0.9446,0.9449,69.08,0.9964,0.11,
outpost148,0,teacher,agree|refine_failed|no_bar_pair,no_bar_pair,R(1),O(6),0.9504,0.9513,50.68,0.9975,0.1,
outpost152,0,teacher,agree|refine_failed|no_bar_pair,no_bar_pair,R(1),O(6),0.8126,0.8154,60.15,0.9977,0.07,
outpost155,0,teacher,agree|refine_failed|no_bar_pair,no_bar_pair,R(1),O(6),0.8963,0.8973,53.14,0.9964,0.12,
outpost156,1,teacher,agree|refine_failed|no_bar_pair,no_bar_pair,R(1),O(6),0.4843,0.4834,54.15,0.9948,0.16,
outpost20,0,teacher,agree|refine_failed|no_bar_pair,no_bar_pair,B(0),7(0),0.5164,0.4774,694.9,0.9935,0.16,
outpost217,0,teacher,agree|refine_failed|no_bar_pair,no_bar_pair,B(0),O(6),0.8597,0.8589,57.7,0.9981,0.06,
outpost225,0,teacher,agree|refine_failed|no_bar_pair,no_bar_pair,R(1),B(7),0.7456,0.7596,59.62,0.9929,0.17,
outpost252,0,teacher,agree|refine_failed|no_bar_pair,no_bar_pair,R(1),B(7),0.6975,0.682,606.79,0.9971,0.08,
outpost264,0,teacher,agree|refine_failed|no_bar_pair,no_bar_pair,R(1),B(7),0.2645,0.2644,758.45,0.9964,0.07,
outpost266,0,teacher,agree|refine_failed|no_bar_pair,no_bar_pair,R(1),B(7),0.3625,0.3572,786.34,0.9968,0.08,
outpost296,0,refine,conflict|conflict_cls|refine_ok,,B(0),B(7),0.9084,0.9079,229.79,0.9983,0.04,6.3
outpost337,0,teacher,agree|refine_failed|no_bar_pair,no_bar_pair,B(0),O(6),0.8873,0.8706,58.17,0.9872,0.42,
outpost340,0,teacher,agree|refine_failed|no_bar_pair,no_bar_pair,B(0),O(6),0.7106,0.701,58.51,0.9978,0.06,
outpost409,0,teacher,agree|refine_failed|no_bar_pair,no_bar_pair,R(1),7(0),0.4338,0.4318,657.12,0.9933,0.16,
outpost451,0,teacher,agree|refine_failed|no_bar_pair,no_bar_pair,B(0),O(6),0.4384,0.4338,335.56,0.9959,0.14,
outpost463,0,teacher,agree|refine_failed|no_bar_pair,no_bar_pair,B(0),O(6),0.4437,0.4288,167.56,0.9912,0.27,
outpost467,0,teacher,agree|refine_failed|no_bar_pair,no_bar_pair,B(0),7(0),0.803,0.8046,96.5,0.9926,0.18,
outpost468,0,teacher,agree|refine_failed|no_bar_pair,no_bar_pair,B(0),O(6),0.7134,0.7097,97.58,0.9943,0.15,
outpost470,0,teacher,agree|refine_failed|no_bar_pair,no_bar_pair,B(0),O(6),0.6362,0.6245,81.92,0.994,0.23,
outpost476,0,teacher,agree|refine_failed|no_bar_pair,no_bar_pair,B(0),B(7),0.3655,0.3587,556.09,0.998,0.06,
outpost477,0,teacher,agree|refine_failed|no_bar_pair,no_bar_pair,B(0),O(6),0.3925,0.4078,356.07,0.9932,0.18,
outpost493,0,teacher,agree|refine_failed|no_bar_pair,no_bar_pair,R(1),O(6),0.5015,0.487,188.09,0.9964,0.15,
outpost503,0,teacher,agree|refine_failed|no_bar_pair,no_bar_pair,R(1),2(2),0.6482,0.6421,96.12,0.9967,0.12,
outpost506,0,teacher,agree|refine_failed|no_bar_pair,no_bar_pair,R(1),2(2),0.5859,0.5882,82.16,0.992,0.32,
outpost510,0,teacher,agree|refine_failed|no_bar_pair,no_bar_pair,R(1),7(0),0.286,0.2889,98.49,0.9876,0.32,
outpost511,0,teacher,agree|refine_failed|no_bar_pair,no_bar_pair,R(1),7(0),0.5629,0.56,98.95,0.9969,0.11,
outpost514,0,teacher,agree|refine_failed|no_bar_pair,no_bar_pair,R(1),B(7),0.6786,0.6946,692.43,0.996,0.12,
outpost516,0,teacher,agree|refine_failed|no_bar_pair,no_bar_pair,R(1),O(6),0.7722,0.7671,733.05,0.9978,0.05,
outpost518,0,teacher,agree|refine_failed|no_bar_pair,no_bar_pair,R(1),B(7),0.7237,0.7458,352.41,0.9958,0.11,
outpost519,0,teacher,agree|refine_failed|no_bar_pair,no_bar_pair,R(1),O(6),0.5469,0.5892,282.99,0.992,0.29,
outpost521,0,teacher,agree|refine_failed|no_bar_pair,no_bar_pair,R(1),B(7),0.8151,0.8124,291.25,0.9983,0.05,
outpost522,0,teacher,agree|refine_failed|no_bar_pair,no_bar_pair,R(1),B(7),0.7948,0.7957,266.51,0.9979,0.06,
outpost523,0,refine,no_match|primary_only|refine_ok,,R(1),4(4),0.2621,,145.5,,,7.09
outpost526,0,teacher,agree|refine_failed|no_bar_pair,no_bar_pair,R(1),O(6),0.2603,0.2584,129.27,0.9957,0.12,
outpost545,0,teacher,agree|refine_failed|no_bar_pair,no_bar_pair,B(0),4(4),0.656,0.6506,184.02,0.9985,0.06,
outpost551,0,teacher,agree|refine_failed|no_bar_pair,no_bar_pair,B(0),7(0),0.7117,0.7213,137.6,0.9969,0.13,
outpost569,0,teacher,agree|refine_failed|no_bar_pair,no_bar_pair,B(0),B(7),0.8153,0.8161,382.56,0.997,0.08,
outpost57,1,teacher,agree|refine_failed|no_bar_pair,no_bar_pair,P(2),3(3),0.9356,0.9352,84.97,0.9974,0.07,
outpost570,0,teacher,agree|refine_failed|no_bar_pair,no_bar_pair,B(0),B(7),0.8438,0.8422,320.53,0.9972,0.07,
outpost580,0,teacher,agree|refine_failed|no_bar_pair,no_bar_pair,B(0),B(7),0.8652,0.8668,191.2,0.9986,0.05,
outpost586,0,teacher,agree|refine_failed|no_bar_pair,no_bar_pair,B(0),O(6),0.5881,0.5831,220.32,0.9966,0.1,
outpost587,0,teacher,agree|refine_failed|no_bar_pair,no_bar_pair,B(0),B(7),0.892,0.8924,214.5,0.9974,0.07,
outpost591,0,teacher,agree|refine_failed|no_bar_pair,no_bar_pair,B(0),O(6),0.7655,0.7613,189.17,0.9955,0.14,
outpost615,0,teacher,agree|refine_failed|no_bar_pair,no_bar_pair,B(0),B(7),0.9014,0.9009,335.37,0.9986,0.05,
outpost623,0,teacher,agree|refine_failed|no_bar_pair,no_bar_pair,R(1),B(7),0.6064,0.6092,237.35,0.9965,0.13,
outpost626,0,teacher,agree|refine_failed|no_bar_pair,no_bar_pair,R(1),7(0),0.3403,0.3419,184.01,0.9971,0.11,
outpost629,0,teacher,agree|refine_failed|no_bar_pair,no_bar_pair,R(1),B(7),0.764,0.7805,224.66,0.9971,0.09,
outpost631,0,teacher,agree|refine_failed|no_bar_pair,no_bar_pair,R(1),B(7),0.8861,0.8961,243.33,0.9965,0.13,
outpost633,0,teacher,agree|refine_failed|no_bar_pair,no_bar_pair,R(1),B(7),0.9359,0.9376,230.57,0.9964,0.12,
outpost635,0,teacher,agree|refine_failed|no_bar_pair,no_bar_pair,R(1),O(6),0.7079,0.7206,161.01,0.9978,0.09,
outpost637,0,teacher,agree|refine_failed|no_bar_pair,no_bar_pair,R(1),O(6),0.6882,0.7091,179.55,0.9959,0.17,
outpost647,0,teacher,agree|refine_failed|no_bar_pair,no_bar_pair,R(1),O(6),0.7446,0.7465,163.43,0.9936,0.14,
outpost655,0,teacher,agree|refine_failed|no_bar_pair,no_bar_pair,R(1),O(6),0.811,0.8207,267.26,0.9953,0.14,
outpost657,0,teacher,agree|refine_failed|no_bar_pair,no_bar_pair,R(1),4(4),0.6766,0.6616,246.36,0.9979,0.08,
outpost659,0,teacher,agree|refine_failed|no_bar_pair,no_bar_pair,R(1),B(7),0.6557,0.6673,356.91,0.9954,0.15,
outpost662,0,teacher,agree|refine_failed|no_bar_pair,no_bar_pair,R(1),B(7),0.8516,0.855,480.52,0.989,0.2,
outpost671,0,teacher,agree|refine_failed|no_bar_pair,no_bar_pair,R(1),B(7),0.8307,0.8317,446.28,0.9994,0.02,
outpost687,0,teacher,agree|refine_failed|no_bar_pair,no_bar_pair,R(1),O(6),0.8892,0.8887,112.5,0.9974,0.11,
outpost692,0,teacher,agree|refine_failed|no_bar_pair,no_bar_pair,R(1),O(6),0.904,0.9031,263.06,0.9968,0.13,
outpost699,0,teacher,agree|refine_failed|no_bar_pair,no_bar_pair,R(1),O(6),0.9441,0.9438,569.9,0.9982,0.04,
outpost705,0,teacher,agree|refine_failed|no_bar_pair,no_bar_pair,R(1),O(6),0.9178,0.919,234.64,0.9976,0.07,
outpost709,0,teacher,agree|refine_failed|no_bar_pair,no_bar_pair,R(1),O(6),0.8994,0.8994,210.02,0.9969,0.08,
outpost722,0,teacher,agree|refine_failed|no_bar_pair,no_bar_pair,B(0),O(6),0.9507,0.9507,514.39,0.9957,0.15,
outpost725,0,teacher,agree|refine_failed|no_bar_pair,no_bar_pair,B(0),O(6),0.9478,0.9484,543.6,0.9959,0.13,
outpost739,0,teacher,agree|refine_failed|no_bar_pair,no_bar_pair,B(0),O(6),0.8171,0.8154,138.46,0.9965,0.15,
outpost74,0,teacher,agree|refine_failed|no_bar_pair,no_bar_pair,R(1),3(3),0.5522,0.5607,61.84,0.9942,0.17,
outpost762,0,teacher,agree|refine_failed|no_bar_pair,no_bar_pair,B(0),O(6),0.8225,0.819,282.86,0.9973,0.09,
val/1000_jpg,1,teacher,agree|refine_failed|no_bar_pair,no_bar_pair,R(1),4(4),0.8091,0.8099,29.27,0.9953,0.23,
val/10039,3,teacher,agree|refine_failed|no_bar_pair,no_bar_pair,R(1),2(2),0.3159,0.3107,26.28,0.9979,0.09,
val/10041,2,teacher,agree|refine_failed|no_bar_pair,no_bar_pair,B(0),3(3),0.722,0.7205,41.95,0.9973,0.12,
val/10043,3,teacher,agree|refine_failed|no_bar_pair,no_bar_pair,R(1),2(2),0.4863,0.4828,37.3,0.9968,0.13,
val/10044,3,teacher,agree|refine_failed|no_bar_pair,no_bar_pair,R(1),2(2),0.2663,0.264,30.27,0.9973,0.11,
val/1028,1,teacher,agree|refine_failed|no_bar_pair,no_bar_pair,B(0),4(4),0.89,0.8891,75.4,0.9969,0.09,
val/1028,2,teacher,agree|refine_failed|no_bar_pair,no_bar_pair,P(2),3(3),0.3654,0.3596,59.91,0.9927,0.16,
val/1029_jpg,2,teacher,agree|refine_failed|no_bar_pair,no_bar_pair,R(1),3(3),0.9458,0.9459,63.43,0.9974,0.09,
val/1034_jpg,0,teacher,agree|refine_failed|no_bar_pair,no_bar_pair,R(1),4(4),0.6264,0.6261,39.15,0.9975,0.07,
val/1040_jpg,0,teacher,agree|refine_failed|no_bar_pair,no_bar_pair,B(0),2(2),0.8666,0.8667,144.83,0.9994,0.03,
val/1042_jpg,1,teacher,agree|refine_failed|no_bar_pair,no_bar_pair,R(1),2(2),0.9269,0.9256,70.96,0.999,0.04,
val/1050_jpg,2,teacher,agree|refine_failed|no_bar_pair,no_bar_pair,B(0),4(4),0.6938,0.6963,79.08,0.9985,0.06,
val/106_jpg,0,teacher,agree|refine_failed|no_bar_pair,no_bar_pair,B(0),3(3),0.9789,0.9789,332.86,0.9994,0.03,
val/1072_jpg,2,teacher,agree|refine_failed|no_bar_pair,no_bar_pair,R(1),2(2),0.708,0.7194,29.85,0.9881,0.38,
val/1073,1,teacher,agree|refine_failed|no_bar_pair,no_bar_pair,B(0),2(2),0.803,0.8013,135.99,0.999,0.04,
val/1078_jpg,1,teacher,agree|refine_failed|no_bar_pair,no_bar_pair,R(1),4(4),0.877,0.8767,29.4,0.997,0.13,
val/1078_jpg,2,teacher,agree|refine_failed|no_bar_pair,no_bar_pair,P(2),3(3),0.6038,0.6023,65.73,0.998,0.06,
val/1080,4,teacher,agree|refine_failed|no_bar_pair,no_bar_pair,R(1),3(3),0.898,0.8972,210.31,0.9987,0.03,
val/1081,0,teacher,agree|refine_failed|no_bar_pair,no_bar_pair,R(1),2(2),0.9258,0.9259,154.16,0.9993,0.03,
val/1085,1,teacher,agree|refine_failed|no_bar_pair,no_bar_pair,R(1),4(4),0.2979,0.2983,27.97,0.9936,0.3,
val/1094_jpg,1,teacher,agree|refine_failed|no_bar_pair,no_bar_pair,R(1),4(4),0.8652,0.8631,121.6,0.9961,0.14,
val/1095_jpg,0,teacher,agree|refine_failed|no_bar_pair,no_bar_pair,R(1),4(4),0.4909,0.4898,25.06,0.9923,0.18,
val/1099,0,teacher,agree|refine_failed|no_bar_pair,no_bar_pair,B(0),3(3),0.4105,0.4126,106.07,0.9981,0.08,
val/11,1,teacher,agree|refine_failed|no_bar_pair,no_bar_pair,P(2),4(4),0.5533,0.5531,31.11,0.999,0.03,
val/1106,0,teacher,agree|refine_failed|no_bar_pair,no_bar_pair,R(1),3(3),0.8601,0.8604,117.92,0.9987,0.04,
val/1106,1,teacher,agree|refine_failed|no_bar_pair,no_bar_pair,B(0),4(4),0.5612,0.5586,70.82,0.9985,0.04,
val/1116,0,teacher,agree|refine_failed|no_bar_pair,no_bar_pair,B(0),2(2),0.58,0.5794,234.4,0.9991,0.03,
val/1125_jpg,1,teacher,agree|refine_failed|no_bar_pair,no_bar_pair,B(0),2(2),0.723,0.7202,169.32,0.998,0.07,
val/112_jpg,0,teacher,agree|refine_failed|no_bar_pair,no_bar_pair,B(0),2(2),0.843,0.8432,117.3,0.9987,0.03,
val/1130_jpg,1,teacher,agree|refine_failed|no_bar_pair,no_bar_pair,R(1),3(3),0.8967,0.8978,204.42,0.9989,0.04,
val/1130_jpg,2,teacher,agree|refine_failed|no_bar_pair,no_bar_pair,B(0),4(4),0.8791,0.877,73.31,0.9984,0.05,
val/1139_jpg,1,teacher,agree|refine_failed|no_bar_pair,no_bar_pair,R(1),4(4),0.8639,0.864,64.09,0.9991,0.04,
val/1142_jpg,1,teacher,agree|refine_failed|no_bar_pair,no_bar_pair,B(0),3(3),0.6633,0.6617,64.72,0.9988,0.07,
val/1149,0,teacher,agree|refine_failed|no_bar_pair,no_bar_pair,B(0),3(3),0.9761,0.9759,272.74,0.9986,0.06,
val/1156,1,teacher,agree|refine_failed|no_bar_pair,no_bar_pair,R(1),2(2),0.744,0.7393,58.99,0.9982,0.07,
val/1162_jpg,2,teacher,agree|refine_failed|no_bar_pair,no_bar_pair,R(1),4(4),0.2676,0.269,30.69,0.9974,0.1,
val/1163_jpg,0,teacher,agree|refine_failed|no_bar_pair,no_bar_pair,R(1),4(4),0.9155,0.9131,170.53,0.9971,0.06,
val/1166_jpg,1,teacher,agree|refine_failed|no_bar_pair,no_bar_pair,P(2),4(4),0.7251,0.7259,32.73,0.9979,0.07,
val/1192_jpg,1,teacher,agree|refine_failed|no_bar_pair,no_bar_pair,R(1),2(2),0.904,0.9027,60.49,0.9982,0.07,
val/1355,0,teacher,no_match|secondary_only|refine_skipped|plate_too_small|tiny,plate_too_small,B(0),4(4),,0.2623,9.66,,,
val/1356,0,teacher,no_match|primary_only|refine_skipped|plate_too_small,plate_too_small,B(0),7(0),0.4304,,14.92,,,
val/1359,0,teacher,no_match|secondary_only|refine_skipped|plate_too_small|tiny,plate_too_small,B(0),4(4),,0.3409,11.49,,,
val/1386,0,teacher,conflict|conflict_iou|conflict_kpt|conflict_cls|refine_skipped|plate_too_small|tiny,plate_too_small,R(1),4(4),0.297,0.2927,8.76,0.6289,18.09,
val/1392,0,teacher,no_match|primary_only|refine_skipped|plate_too_small|tiny,plate_too_small,B(0),2(2),0.3625,,7.82,,,
val/1594,0,teacher,no_match|secondary_only|refine_skipped|plate_too_small|tiny,plate_too_small,B(0),2(2),,0.2952,10.23,,,
val/1669,0,teacher,no_match|secondary_only|refine_skipped|plate_too_small,plate_too_small,B(0),7(0),,0.3191,18.19,,,
val/1672,0,teacher,no_match|primary_only|refine_skipped|plate_too_small|tiny,plate_too_small,B(0),4(4),0.3531,,11.1,,,
val/1712,0,teacher,no_match|secondary_only|refine_skipped|plate_too_small|tiny,plate_too_small,B(0),2(2),,0.3758,11.17,,,
val/1748,0,teacher,no_match|secondary_only|refine_skipped|plate_too_small|tiny,plate_too_small,B(0),4(4),,0.2981,10.16,,,
val/1763,0,teacher,no_match|secondary_only|refine_skipped|plate_too_small,plate_too_small,B(0),7(0),,0.2618,12.63,,,
val/1770,0,teacher,no_match|primary_only|refine_skipped|plate_too_small|tiny,plate_too_small,B(0),2(2),0.2785,,7.88,,,
val/327,0,teacher,no_match|secondary_only|refine_skipped|plate_too_small|tiny,plate_too_small,B(0),4(4),,0.3141,11.92,,,
val/527,0,teacher,no_match|secondary_only|refine_skipped|plate_too_small|tiny,plate_too_small,B(0),4(4),,0.3122,10.3,,,
val/531,0,teacher,no_match|primary_only|refine_skipped|plate_too_small|tiny,plate_too_small,B(0),4(4),0.433,,10.53,,,
val/546,0,teacher,no_match|primary_only|refine_skipped|plate_too_small|tiny,plate_too_small,B(0),4(4),0.2549,,11.01,,,
val/554,0,teacher,conflict|conflict_kpt|refine_skipped|plate_too_small|tiny,plate_too_small,B(0),4(4),0.3576,0.2898,9.75,0.8603,6.07,
val/564,0,teacher,no_match|secondary_only|refine_skipped|plate_too_small,plate_too_small,B(0),4(4),,0.2706,12.07,,,
val/566,0,teacher,no_match|secondary_only|refine_skipped|plate_too_small|tiny,plate_too_small,B(0),2(2),,0.3055,10.9,,,
val/585,0,teacher,no_match|primary_only|refine_skipped|plate_too_small|tiny,plate_too_small,B(0),4(4),0.2785,,10.8,,,
val/587,0,teacher,no_match|secondary_only|refine_skipped|plate_too_small|tiny,plate_too_small,B(0),4(4),,0.2543,10.73,,,
val/614,0,teacher,no_match|secondary_only|refine_skipped|plate_too_small|tiny,plate_too_small,B(0),4(4),,0.4134,11.13,,,
val/617,0,teacher,no_match|primary_only|refine_skipped|plate_too_small|tiny,plate_too_small,B(0),4(4),0.4589,,10.45,,,
val/637,0,teacher,no_match|secondary_only|refine_skipped|plate_too_small|tiny,plate_too_small,B(0),4(4),,0.4374,10.9,,,
val/638,0,teacher,no_match|secondary_only|refine_skipped|plate_too_small|tiny,plate_too_small,B(0),4(4),,0.2818,11.66,,,
val/661,0,teacher,no_match|secondary_only|refine_skipped|plate_too_small|tiny,plate_too_small,B(0),4(4),,0.3597,11.92,,,
val/666,0,teacher,no_match|secondary_only|refine_skipped|plate_too_small|tiny,plate_too_small,B(0),2(2),,0.3686,10.58,,,
val/680,0,teacher,no_match|secondary_only|refine_skipped|plate_too_small|tiny,plate_too_small,B(0),4(4),,0.2673,10.69,,,
val/695,0,teacher,no_match|secondary_only|refine_skipped|plate_too_small|tiny,plate_too_small,B(0),2(2),,0.3523,10.33,,,
val/697,0,teacher,no_match|primary_only|refine_skipped|plate_too_small|tiny,plate_too_small,B(0),4(4),0.594,,10.02,,,
val/712,0,teacher,no_match|secondary_only|refine_skipped|plate_too_small|tiny,plate_too_small,B(0),4(4),,0.2814,11.2,,,
val/715,0,teacher,no_match|secondary_only|refine_skipped|plate_too_small|tiny,plate_too_small,B(0),4(4),,0.5398,10.77,,,
val/88,0,teacher,no_match|secondary_only|refine_skipped|plate_too_small|tiny,plate_too_small,B(0),4(4),,0.2748,10.48,,,
val/outpost191,0,teacher,agree|refine_failed|no_bar_pair,no_bar_pair,B(0),O(6),0.9142,0.9168,66.71,0.9978,0.08,
val/outpost247,0,teacher,agree|refine_failed|no_bar_pair,no_bar_pair,R(1),7(0),0.7283,0.7248,767.64,0.9987,0.04,
val/outpost407,0,teacher,agree|refine_failed|no_bar_pair,no_bar_pair,R(1),B(7),0.3811,0.376,644.38,0.9945,0.1,
val/outpost488,0,teacher,agree|refine_failed|no_bar_pair,no_bar_pair,R(1),O(6),0.8414,0.8406,152.21,0.9979,0.06,
val/outpost504,0,teacher,agree|refine_failed|no_bar_pair,no_bar_pair,R(1),7(0),0.7043,0.7012,95.34,0.9981,0.05,
val/outpost584,0,teacher,agree|refine_failed|no_bar_pair,no_bar_pair,B(0),B(7),0.943,0.9407,204.55,0.9976,0.06,
val/outpost616,0,teacher,agree|refine_failed|no_bar_pair,no_bar_pair,B(0),B(7),0.8145,0.8184,363.27,0.9987,0.06,
val/outpost624,0,teacher,agree|refine_failed|no_bar_pair,no_bar_pair,R(1),O(6),0.8343,0.831,175.83,0.9941,0.16,
val/outpost696,0,teacher,agree|refine_failed|no_bar_pair,no_bar_pair,R(1),O(6),0.9365,0.9366,437.06,0.9982,0.05,
val/outpost736,0,teacher,agree|refine_failed|no_bar_pair,no_bar_pair,B(0),O(6),0.8527,0.8529,118.84,0.9971,0.1,
哨兵101,1,teacher,conflict|conflict_cls|refine_skipped|plate_too_small,plate_too_small,B(0),2(2),0.2695,0.2661,22.2,0.9976,0.1,
哨兵1055,1,teacher,agree|refine_failed|no_bar_pair,no_bar_pair,R(1),2(2),0.3463,0.3503,31.21,0.9964,0.12,
哨兵1069,0,teacher,agree|refine_failed|no_bar_pair,no_bar_pair,R(1),7(0),0.8453,0.8442,49.0,0.9981,0.06,
哨兵108,0,teacher,no_match|primary_only|refine_skipped|plate_too_small,plate_too_small,B(0),3(3),0.2608,,21.55,,,
哨兵1127,0,teacher,agree|refine_failed|no_bar_pair,no_bar_pair,B(0),3(3),0.8667,0.8666,32.69,0.998,0.06,
哨兵1131,0,teacher,agree|refine_failed|no_bar_pair,no_bar_pair,R(1),3(3),0.9245,0.9234,39.54,0.9973,0.08,
哨兵1146,0,teacher,agree|refine_failed|no_bar_pair,no_bar_pair,R(1),7(0),0.6304,0.6292,29.23,0.9966,0.11,
哨兵1157,0,teacher,agree|refine_failed|no_bar_pair,no_bar_pair,R(1),3(3),0.8844,0.8829,34.92,0.9975,0.07,
哨兵1164,1,teacher,conflict|conflict_cls|refine_skipped|plate_too_small,plate_too_small,R(1),7(0),0.3389,0.3357,15.53,0.9976,0.09,
哨兵1174,0,teacher,agree|refine_failed|no_bar_pair,no_bar_pair,R(1),2(2),0.4884,0.4897,35.83,0.9986,0.04,
哨兵1202,0,teacher,agree|refine_failed|no_bar_pair,no_bar_pair,R(1),3(3),0.8839,0.8834,42.8,0.9973,0.09,
哨兵1203,0,teacher,agree|refine_failed|no_bar_pair,no_bar_pair,R(1),3(3),0.867,0.8664,34.69,0.9985,0.05,
哨兵125,0,refine,no_match|primary_only|refine_ok,,B(0),7(0),0.2502,,42.62,,,1.8
哨兵1266,0,teacher,agree|refine_failed|no_bar_pair,no_bar_pair,R(1),7(0),0.6436,0.6474,29.0,0.9938,0.26,
哨兵1266,1,teacher,agree|refine_failed|no_bar_pair,no_bar_pair,R(1),7(0),0.3307,0.3337,30.99,0.9972,0.1,
哨兵1273,0,teacher,agree|refine_failed|no_bar_pair,no_bar_pair,R(1),3(3),0.7923,0.7889,44.74,0.9978,0.07,
哨兵162,1,teacher,agree|refine_failed|no_bar_pair,no_bar_pair,B(0),7(0),0.2824,0.2815,43.9,0.9979,0.09,
哨兵168,1,teacher,agree|refine_failed|no_bar_pair,no_bar_pair,B(0),3(3),0.8744,0.8736,37.52,0.997,0.15,
哨兵169,1,teacher,agree|refine_failed|no_bar_pair,no_bar_pair,B(0),3(3),0.76,0.7654,35.69,0.9974,0.12,
哨兵170,1,teacher,agree|refine_failed|no_bar_pair,no_bar_pair,B(0),3(3),0.7819,0.7812,33.17,0.9978,0.12,
哨兵173,1,teacher,agree|refine_failed|no_bar_pair,no_bar_pair,B(0),7(0),0.3492,0.3492,47.8,0.998,0.07,
哨兵174,1,teacher,agree|refine_failed|no_bar_pair,no_bar_pair,B(0),7(0),0.7379,0.7379,61.52,0.9975,0.07,
哨兵176,1,teacher,agree|refine_failed|no_bar_pair,no_bar_pair,B(0),7(0),0.372,0.3776,83.71,0.9982,0.06,
哨兵180,0,teacher,agree|refine_failed|no_bar_pair,no_bar_pair,B(0),7(0),0.9701,0.9702,57.71,0.9992,0.04,
哨兵181,1,teacher,agree|refine_failed|no_bar_pair,no_bar_pair,B(0),7(0),0.8433,0.8458,47.89,0.9983,0.06,
哨兵185,1,teacher,agree|refine_failed|no_bar_pair,no_bar_pair,B(0),7(0),0.2724,0.2773,43.05,0.9962,0.17,
哨兵187,1,teacher,agree|refine_failed|no_bar_pair,no_bar_pair,B(0),3(3),0.9128,0.9118,52.41,0.9987,0.05,
哨兵188,1,teacher,agree|refine_failed|no_bar_pair,no_bar_pair,B(0),7(0),0.8001,0.8007,47.94,0.9975,0.09,
哨兵189,1,teacher,agree|refine_failed|no_bar_pair,no_bar_pair,B(0),7(0),0.8719,0.873,47.54,0.9994,0.03,
哨兵190,1,teacher,agree|refine_failed|no_bar_pair,no_bar_pair,B(0),7(0),0.3563,0.3643,46.09,0.9978,0.12,
哨兵193,0,teacher,agree|refine_failed|no_bar_pair,no_bar_pair,B(0),3(3),0.9537,0.9535,52.5,0.9986,0.05,
哨兵195,1,teacher,agree|refine_failed|no_bar_pair,no_bar_pair,B(0),7(0),0.6056,0.6081,58.48,0.9977,0.07,
哨兵198,0,teacher,agree|refine_failed|no_bar_pair,no_bar_pair,B(0),7(0),0.9556,0.9561,56.39,0.9985,0.06,
哨兵202,0,teacher,agree|refine_failed|no_bar_pair,no_bar_pair,B(0),7(0),0.9437,0.9436,59.37,0.9988,0.04,
哨兵204,0,teacher,agree|refine_failed|no_bar_pair,no_bar_pair,B(0),3(3),0.9179,0.9175,43.9,0.999,0.05,
哨兵205,1,teacher,agree|refine_failed|no_bar_pair,no_bar_pair,B(0),3(3),0.9478,0.9481,40.28,0.9989,0.04,
哨兵220,1,teacher,agree|refine_failed|no_bar_pair,no_bar_pair,B(0),7(0),0.2778,0.277,27.47,0.998,0.08,
哨兵222,1,teacher,agree|refine_failed|no_bar_pair,no_bar_pair,B(0),7(0),0.4182,0.416,24.66,0.9972,0.11,
哨兵229,1,teacher,agree|refine_failed|no_bar_pair,no_bar_pair,B(0),3(3),0.8364,0.8344,27.16,0.9972,0.08,
哨兵237,1,teacher,agree|refine_failed|no_bar_pair,no_bar_pair,B(0),3(3),0.8025,0.8043,37.79,0.9973,0.09,
哨兵242,1,teacher,agree|refine_failed|no_bar_pair,no_bar_pair,B(0),7(0),0.7909,0.792,27.91,0.9961,0.14,
哨兵273,1,teacher,agree|refine_failed|no_bar_pair,no_bar_pair,B(0),3(3),0.8099,0.8097,32.32,0.9598,1.46,
哨兵96,0,teacher,agree|refine_failed|no_bar_pair,no_bar_pair,B(0),2(2),0.8701,0.87,28.32,0.9988,0.03,
